county_fips,year,age_group,age_lo,age_hi,pop
01089,1990,0-4,0,4,17462
01089,1990,5-9,5,9,16650
01089,1990,10-14,10,14,15485
01089,1990,15-17,15,17,9158
01089,1990,18-19,18,19,8162
01089,1990,20-24,20,24,19443
01089,1990,25-29,25,29,24547
01089,1990,30-34,30,34,23104
01089,1990,35-39,35,39,18660
01089,1990,40-44,40,44,16770
01089,1990,45-49,45,49,14005
01089,1990,50-54,50,54,12953
01089,1990,55-59,55,59,11814
01089,1990,60-64,60,64,9309
01089,1990,65-69,65,69,7986
01089,1990,70-74,70,74,5439
01089,1990,75-79,75,79,3775
01089,1990,80-84,80,84,2406
01089,1990,85+,85,999,1784
01089,2000,0-4,0,4,18800
01089,2000,5-9,5,9,20194
01089,2000,10-14,10,14,20298
01089,2000,15-17,15,17,11495
01089,2000,18-19,18,19,8351
01089,2000,20-24,20,24,17625
01089,2000,25-29,25,29,18060
01089,2000,30-34,30,34,20069
01089,2000,35-39,35,39,25148
01089,2000,40-44,40,44,23901
01089,2000,45-49,45,49,19775
01089,2000,50-54,50,54,17441
01089,2000,55-59,55,59,13735
01089,2000,60-64,60,64,11793
01089,2000,65-69,65,69,10137
01089,2000,70-74,70,74,7668
01089,2000,75-79,75,79,5883
01089,2000,80-84,80,84,3616
01089,2000,85+,85,999,2711
01089,2010,0-4,0,4,20869
01089,2010,5-9,5,9,21285
01089,2010,10-14,10,14,22834
01089,2010,15-17,15,17,14502
01089,2010,18-19,18,19,10275
01089,2010,20-24,20,24,24321
01089,2010,25-29,25,29,23246
01089,2010,30-34,30,34,20712
01089,2010,35-39,35,39,21103
01089,2010,40-44,40,44,23254
01089,2010,45-49,45,49,28126
01089,2010,50-54,50,54,25690
01089,2010,55-59,55,59,20576
01089,2010,60-64,60,64,17145
01089,2010,65-69,65,69,12792
01089,2010,70-74,70,74,10359
01089,2010,75-79,75,79,8034
01089,2010,80-84,80,84,5250
01089,2010,85+,85,999,4438
01089,2020,0-4,0,4,21560
01089,2020,5-9,5,9,23057
01089,2020,10-14,10,14,24694
01089,2020,15-17,15,17,14699
01089,2020,18-19,18,19,11526
01089,2020,20-24,20,24,28404
01089,2020,25-29,25,29,26974
01089,2020,30-34,30,34,26268
01089,2020,35-39,35,39,25305
01089,2020,40-44,40,44,22676
01089,2020,45-49,45,49,23267
01089,2020,50-54,50,54,25083
01089,2020,55-59,55,59,28993
01089,2020,60-64,60,64,25433
01089,2020,65-69,65,69,19372
01089,2020,70-74,70,74,15597
01089,2020,75-79,75,79,10648
01089,2020,80-84,80,84,7622
01089,2020,85+,85,999,6975
04013,1990,0-4,0,4,170182
04013,1990,5-9,5,9,159595
04013,1990,10-14,10,14,143550
04013,1990,15-17,15,17,82464
04013,1990,18-19,18,19,62425
04013,1990,20-24,20,24,164561
04013,1990,25-29,25,29,199380
04013,1990,30-34,30,34,193788
04013,1990,35-39,35,39,167557
04013,1990,40-44,40,44,147121
04013,1990,45-49,45,49,114248
04013,1990,50-54,50,54,89632
04013,1990,55-59,55,59,80724
04013,1990,60-64,60,64,81617
04013,1990,65-69,65,69,85539
04013,1990,70-74,70,74,71088
04013,1990,75-79,75,79,53735
04013,1990,80-84,80,84,32747
04013,1990,85+,85,999,22148
04013,2000,0-4,0,4,241974
04013,2000,5-9,5,9,238222
04013,2000,10-14,10,14,222056
04013,2000,15-17,15,17,125751
04013,2000,18-19,18,19,88921
04013,2000,20-24,20,24,224444
04013,2000,25-29,25,29,246693
04013,2000,30-34,30,34,241636
04013,2000,35-39,35,39,247666
04013,2000,40-44,40,44,228241
04013,2000,45-49,45,49,194504
04013,2000,50-54,50,54,171960
04013,2000,55-59,55,59,133812
04013,2000,60-64,60,64,107290
04013,2000,65-69,65,69,97276
04013,2000,70-74,70,74,91540
04013,2000,75-79,75,79,78372
04013,2000,80-84,80,84,51664
04013,2000,85+,85,999,40127
04013,2010,0-4,0,4,282770
04013,2010,5-9,5,9,282709
04013,2010,10-14,10,14,277228
04013,2010,15-17,15,17,165154
04013,2010,18-19,18,19,111745
04013,2010,20-24,20,24,266872
04013,2010,25-29,25,29,276704
04013,2010,30-34,30,34,264422
04013,2010,35-39,35,39,265969
04013,2010,40-44,40,44,258629
04013,2010,45-49,45,49,261506
04013,2010,50-54,50,54,242459
04013,2010,55-59,55,59,208461
04013,2010,60-64,60,64,189848
04013,2010,65-69,65,69,146175
04013,2010,70-74,70,74,109213
04013,2010,75-79,75,79,84208
04013,2010,80-84,80,84,63991
04013,2010,85+,85,999,59054
04013,2020,0-4,0,4,253703
04013,2020,5-9,5,9,286358
04013,2020,10-14,10,14,312706
04013,2020,15-17,15,17,185415
04013,2020,18-19,18,19,123902
04013,2020,20-24,20,24,306578
04013,2020,25-29,25,29,311419
04013,2020,30-34,30,34,300713
04013,2020,35-39,35,39,290948
04013,2020,40-44,40,44,274238
04013,2020,45-49,45,49,273144
04013,2020,50-54,50,54,266072
04013,2020,55-59,55,59,269283
04013,2020,60-64,60,64,252303
04013,2020,65-69,65,69,221501
04013,2020,70-74,70,74,197221
04013,2020,75-79,75,79,135475
04013,2020,80-84,80,84,83497
04013,2020,85+,85,999,76092
06001,1990,0-4,0,4,95932
06001,1990,5-9,5,9,86780
06001,1990,10-14,10,14,76291
06001,1990,15-17,15,17,44402
06001,1990,18-19,18,19,36552
06001,1990,20-24,20,24,106856
06001,1990,25-29,25,29,123754
06001,1990,30-34,30,34,127536
06001,1990,35-39,35,39,116370
06001,1990,40-44,40,44,103031
06001,1990,45-49,45,49,74825
06001,1990,50-54,50,54,56679
06001,1990,55-59,55,59,48076
06001,1990,60-64,60,64,46318
06001,1990,65-69,65,69,45040
06001,1990,70-74,70,74,34231
06001,1990,75-79,75,79,26267
06001,1990,80-84,80,84,16357
06001,1990,85+,85,999,13885
06001,2000,0-4,0,4,98378
06001,2000,5-9,5,9,104648
06001,2000,10-14,10,14,96769
06001,2000,15-17,15,17,54777
06001,2000,18-19,18,19,37671
06001,2000,20-24,20,24,100745
06001,2000,25-29,25,29,116926
06001,2000,30-34,30,34,124147
06001,2000,35-39,35,39,128426
06001,2000,40-44,40,44,120280
06001,2000,45-49,45,49,106589
06001,2000,50-54,50,54,93929
06001,2000,55-59,55,59,65207
06001,2000,60-64,60,64,47658
06001,2000,65-69,65,69,39419
06001,2000,70-74,70,74,36280
06001,2000,75-79,75,79,31885
06001,2000,80-84,80,84,21184
06001,2000,85+,85,999,18823
06001,2010,0-4,0,4,97652
06001,2010,5-9,5,9,94546
06001,2010,10-14,10,14,91070
06001,2010,15-17,15,17,57353
06001,2010,18-19,18,19,43041
06001,2010,20-24,20,24,107049
06001,2010,25-29,25,29,113597
06001,2010,30-34,30,34,114607
06001,2010,35-39,35,39,115275
06001,2010,40-44,40,44,112216
06001,2010,45-49,45,49,114111
06001,2010,50-54,50,54,108506
06001,2010,55-59,55,59,94648
06001,2010,60-64,60,64,78854
06001,2010,65-69,65,69,52663
06001,2010,70-74,70,74,37774
06001,2010,75-79,75,79,29185
06001,2010,80-84,80,84,23391
06001,2010,85+,85,999,24733
06001,2020,0-4,0,4,89533
06001,2020,5-9,5,9,96179
06001,2020,10-14,10,14,99955
06001,2020,15-17,15,17,58298
06001,2020,18-19,18,19,44870
06001,2020,20-24,20,24,108699
06001,2020,25-29,25,29,125032
06001,2020,30-34,30,34,142392
06001,2020,35-39,35,39,137017
06001,2020,40-44,40,44,120348
06001,2020,45-49,45,49,113018
06001,2020,50-54,50,54,106473
06001,2020,55-59,55,59,104868
06001,2020,60-64,60,64,95188
06001,2020,65-69,65,69,79498
06001,2020,70-74,70,74,64033
06001,2020,75-79,75,79,41338
06001,2020,80-84,80,84,26717
06001,2020,85+,85,999,28897
06037,1990,0-4,0,4,736285
06037,1990,5-9,5,9,647729
06037,1990,10-14,10,14,585318
06037,1990,15-17,15,17,356778
06037,1990,18-19,18,19,281301
06037,1990,20-24,20,24,807735
06037,1990,25-29,25,29,899632
06037,1990,30-34,30,34,858167
06037,1990,35-39,35,39,731427
06037,1990,40-44,40,44,605242
06037,1990,45-49,45,49,468460
06037,1990,50-54,50,54,376895
06037,1990,55-59,55,59,331664
06037,1990,60-64,60,64,315944
06037,1990,65-69,65,69,289634
06037,1990,70-74,70,74,217819
06037,1990,75-79,75,79,164636
06037,1990,80-84,80,84,103071
06037,1990,85+,85,999,85427
06037,2000,0-4,0,4,737631
06037,2000,5-9,5,9,802047
06037,2000,10-14,10,14,723652
06037,2000,15-17,15,17,404646
06037,2000,18-19,18,19,278820
06037,2000,20-24,20,24,701837
06037,2000,25-29,25,29,779031
06037,2000,30-34,30,34,802691
06037,2000,35-39,35,39,790224
06037,2000,40-44,40,44,727254
06037,2000,45-49,45,49,624484
06037,2000,50-54,50,54,524128
06037,2000,55-59,55,59,389457
06037,2000,60-64,60,64,306763
06037,2000,65-69,65,69,258176
06037,2000,70-74,70,74,234657
06037,2000,75-79,75,79,198147
06037,2000,80-84,80,84,126546
06037,2000,85+,85,999,109147
06037,2010,0-4,0,4,645793
06037,2010,5-9,5,9,633690
06037,2010,10-14,10,14,678845
06037,2010,15-17,15,17,443880
06037,2010,18-19,18,19,309750
06037,2010,20-24,20,24,752788
06037,2010,25-29,25,29,759602
06037,2010,30-34,30,34,716129
06037,2010,35-39,35,39,715635
06037,2010,40-44,40,44,714691
06037,2010,45-49,45,49,706742
06037,2010,50-54,50,54,662205
06037,2010,55-59,55,59,560920
06037,2010,60-64,60,64,452236
06037,2010,65-69,65,69,323287
06037,2010,70-74,70,74,245183
06037,2010,75-79,75,79,192881
06037,2010,80-84,80,84,152722
06037,2010,85+,85,999,151626
06037,2020,0-4,0,4,501341
06037,2020,5-9,5,9,558298
06037,2020,10-14,10,14,618897
06037,2020,15-17,15,17,375682
06037,2020,18-19,18,19,267343
06037,2020,20-24,20,24,716562
06037,2020,25-29,25,29,806522
06037,2020,30-34,30,34,785157
06037,2020,35-39,35,39,722012
06037,2020,40-44,40,44,663959
06037,2020,45-49,45,49,656712
06037,2020,50-54,50,54,660660
06037,2020,55-59,55,59,642219
06037,2020,60-64,60,64,584695
06037,2020,65-69,65,69,479190
06037,2020,70-74,70,74,370374
06037,2020,75-79,75,79,250120
06037,2020,80-84,80,84,171194
06037,2020,85+,85,999,183072
06059,1990,0-4,0,4,184873
06059,1990,5-9,5,9,163897
06059,1990,10-14,10,14,146750
06059,1990,15-17,15,17,93783
06059,1990,18-19,18,19,75969
06059,1990,20-24,20,24,224420
06059,1990,25-29,25,29,250919
06059,1990,30-34,30,34,234686
06059,1990,35-39,35,39,198681
06059,1990,40-44,40,44,178276
06059,1990,45-49,45,49,142579
06059,1990,50-54,50,54,113022
06059,1990,55-59,55,59,96284
06059,1990,60-64,60,64,85304
06059,1990,65-69,65,69,75699
06059,1990,70-74,70,74,54151
06059,1990,75-79,75,79,40859
06059,1990,80-84,80,84,27277
06059,1990,85+,85,999,23127
06059,2000,0-4,0,4,216014
06059,2000,5-9,5,9,231928
06059,2000,10-14,10,14,204119
06059,2000,15-17,15,17,116358
06059,2000,18-19,18,19,78185
06059,2000,20-24,20,24,189996
06059,2000,25-29,25,29,223285
06059,2000,30-34,30,34,243039
06059,2000,35-39,35,39,248646
06059,2000,40-44,40,44,228643
06059,2000,45-49,45,49,191974
06059,2000,50-54,50,54,168765
06059,2000,55-59,55,59,128152
06059,2000,60-64,60,64,96422
06059,2000,65-69,65,69,79157
06059,2000,70-74,70,74,69545
06059,2000,75-79,75,79,59578
06059,2000,80-84,80,84,38389
06059,2000,85+,85,999,34094
06059,2010,0-4,0,4,191691
06059,2010,5-9,5,9,198769
06059,2010,10-14,10,14,210195
06059,2010,15-17,15,17,136004
06059,2010,18-19,18,19,91685
06059,2010,20-24,20,24,213601
06059,2010,25-29,25,29,215362
06059,2010,30-34,30,34,198166
06059,2010,35-39,35,39,213605
06059,2010,40-44,40,44,225438
06059,2010,45-49,45,49,230596
06059,2010,50-54,50,54,213589
06059,2010,55-59,55,59,175127
06059,2010,60-64,60,64,146727
06059,2010,65-69,65,69,107421
06059,2010,70-74,70,74,80033
06059,2010,75-79,75,79,63133
06059,2010,80-84,80,84,49570
06059,2010,85+,85,999,49520
06059,2020,0-4,0,4,156601
06059,2020,5-9,5,9,179099
06059,2020,10-14,10,14,203858
06059,2020,15-17,15,17,127773
06059,2020,18-19,18,19,90965
06059,2020,20-24,20,24,226004
06059,2020,25-29,25,29,226922
06059,2020,30-34,30,34,212443
06059,2020,35-39,35,39,212676
06059,2020,40-44,40,44,202840
06059,2020,45-49,45,49,214150
06059,2020,50-54,50,54,221618
06059,2020,55-59,55,59,216506
06059,2020,60-64,60,64,194430
06059,2020,65-69,65,69,156317
06059,2020,70-74,70,74,128090
06059,2020,75-79,75,79,91089
06059,2020,80-84,80,84,61225
06059,2020,85+,85,999,64383
06083,1990,0-4,0,4,26989
06083,1990,5-9,5,9,25033
06083,1990,10-14,10,14,21367
06083,1990,15-17,15,17,12498
06083,1990,18-19,18,19,15182
06083,1990,20-24,20,24,38880
06083,1990,25-29,25,29,33923
06083,1990,30-34,30,34,33355
06083,1990,35-39,35,39,29353
06083,1990,40-44,40,44,24365
06083,1990,45-49,45,49,18518
06083,1990,50-54,50,54,15752
06083,1990,55-59,55,59,14438
06083,1990,60-64,60,64,14340
06083,1990,65-69,65,69,14375
06083,1990,70-74,70,74,11292
06083,1990,75-79,75,79,8801
06083,1990,80-84,80,84,6028
06083,1990,85+,85,999,5119
06083,2000,0-4,0,4,26008
06083,2000,5-9,5,9,29418
06083,2000,10-14,10,14,28031
06083,2000,15-17,15,17,16045
06083,2000,18-19,18,19,16005
06083,2000,20-24,20,24,37121
06083,2000,25-29,25,29,27597
06083,2000,30-34,30,34,28008
06083,2000,35-39,35,39,30329
06083,2000,40-44,40,44,29829
06083,2000,45-49,45,49,26244
06083,2000,50-54,50,54,22737
06083,2000,55-59,55,59,17053
06083,2000,60-64,60,64,14157
06083,2000,65-69,65,69,12868
06083,2000,70-74,70,74,12470
06083,2000,75-79,75,79,11125
06083,2000,80-84,80,84,7406
06083,2000,85+,85,999,6896
06083,2010,0-4,0,4,27350
06083,2010,5-9,5,9,26303
06083,2010,10-14,10,14,26626
06083,2010,15-17,15,17,17768
06083,2010,18-19,18,19,20241
06083,2010,20-24,20,24,43026
06083,2010,25-29,25,29,31100
06083,2010,30-34,30,34,26592
06083,2010,35-39,35,39,25092
06083,2010,40-44,40,44,25386
06083,2010,45-49,45,49,27577
06083,2010,50-54,50,54,27421
06083,2010,55-59,55,59,24418
06083,2010,60-64,60,64,20597
06083,2010,65-69,65,69,15014
06083,2010,70-74,70,74,11762
06083,2010,75-79,75,79,10052
06083,2010,80-84,80,84,8480
06083,2010,85+,85,999,9090
06083,2020,0-4,0,4,24738
06083,2020,5-9,5,9,26749
06083,2020,10-14,10,14,28878
06083,2020,15-17,15,17,17059
06083,2020,18-19,18,19,17921
06083,2020,20-24,20,24,42246
06083,2020,25-29,25,29,32287
06083,2020,30-34,30,34,29988
06083,2020,35-39,35,39,28278
06083,2020,40-44,40,44,24956
06083,2020,45-49,45,49,23843
06083,2020,50-54,50,54,24319
06083,2020,55-59,55,59,26378
06083,2020,60-64,60,64,25888
06083,2020,65-69,65,69,23079
06083,2020,70-74,70,74,18732
06083,2020,75-79,75,79,12869
06083,2020,80-84,80,84,9122
06083,2020,85+,85,999,10899
06085,1990,0-4,0,4,111821
06085,1990,5-9,5,9,102044
06085,1990,10-14,10,14,90327
06085,1990,15-17,15,17,55015
06085,1990,18-19,18,19,45371
06085,1990,20-24,20,24,125178
06085,1990,25-29,25,29,159611
06085,1990,30-34,30,34,157272
06085,1990,35-39,35,39,131502
06085,1990,40-44,40,44,113192
06085,1990,45-49,45,49,91155
06085,1990,50-54,50,54,72059
06085,1990,55-59,55,59,60367
06085,1990,60-64,60,64,52345
06085,1990,65-69,65,69,46377
06085,1990,70-74,70,74,32766
06085,1990,75-79,75,79,23737
06085,1990,80-84,80,84,15274
06085,1990,85+,85,999,12164
06085,2000,0-4,0,4,119418
06085,2000,5-9,5,9,120725
06085,2000,10-14,10,14,111443
06085,2000,15-17,15,17,64816
06085,2000,18-19,18,19,43210
06085,2000,20-24,20,24,112690
06085,2000,25-29,25,29,144906
06085,2000,30-34,30,34,154234
06085,2000,35-39,35,39,156175
06085,2000,40-44,40,44,140708
06085,2000,45-49,45,49,117690
06085,2000,50-54,50,54,101025
06085,2000,55-59,55,59,76614
06085,2000,60-64,60,64,58404
06085,2000,65-69,65,69,46614
06085,2000,70-74,70,74,40579
06085,2000,75-79,75,79,34127
06085,2000,80-84,80,84,21220
06085,2000,85+,85,999,17987
06085,2010,0-4,0,4,124464
06085,2010,5-9,5,9,121928
06085,2010,10-14,10,14,113570
06085,2010,15-17,15,17,69583
06085,2010,18-19,18,19,44961
06085,2010,20-24,20,24,113117
06085,2010,25-29,25,29,133544
06085,2010,30-34,30,34,136022
06085,2010,35-39,35,39,140750
06085,2010,40-44,40,44,137619
06085,2010,45-49,45,49,138118
06085,2010,50-54,50,54,125476
06085,2010,55-59,55,59,102413
06085,2010,60-64,60,64,83133
06085,2010,65-69,65,69,60577
06085,2010,70-74,70,74,45944
06085,2010,75-79,75,79,35666
06085,2010,80-84,80,84,27282
06085,2010,85+,85,999,27475
06085,2020,0-4,0,4,101857
06085,2020,5-9,5,9,111171
06085,2020,10-14,10,14,120444
06085,2020,15-17,15,17,73070
06085,2020,18-19,18,19,47600
06085,2020,20-24,20,24,121862
06085,2020,25-29,25,29,156753
06085,2020,30-34,30,34,157785
06085,2020,35-39,35,39,149190
06085,2020,40-44,40,44,133887
06085,2020,45-49,45,49,133139
06085,2020,50-54,50,54,129909
06085,2020,55-59,55,59,124109
06085,2020,60-64,60,64,107948
06085,2020,65-69,65,69,83583
06085,2020,70-74,70,74,66089
06085,2020,75-79,75,79,47762
06085,2020,80-84,80,84,33923
06085,2020,85+,85,999,36178
08013,1990,0-4,0,4,15777
08013,1990,5-9,5,9,15318
08013,1990,10-14,10,14,13268
08013,1990,15-17,15,17,7516
08013,1990,18-19,18,19,9284
08013,1990,20-24,20,24,23497
08013,1990,25-29,25,29,20671
08013,1990,30-34,30,34,23467
08013,1990,35-39,35,39,22869
08013,1990,40-44,40,44,19359
08013,1990,45-49,45,49,13414
08013,1990,50-54,50,54,9621
08013,1990,55-59,55,59,7673
08013,1990,60-64,60,64,6396
08013,1990,65-69,65,69,5495
08013,1990,70-74,70,74,4215
08013,1990,75-79,75,79,3303
08013,1990,80-84,80,84,2226
08013,1990,85+,85,999,1970
08013,2000,0-4,0,4,17547
08013,2000,5-9,5,9,18755
08013,2000,10-14,10,14,19474
08013,2000,15-17,15,17,11061
08013,2000,18-19,18,19,11361
08013,2000,20-24,20,24,27659
08013,2000,25-29,25,29,23909
08013,2000,30-34,30,34,22815
08013,2000,35-39,35,39,24801
08013,2000,40-44,40,44,26404
08013,2000,45-49,45,49,24153
08013,2000,50-54,50,54,19646
08013,2000,55-59,55,59,12494
08013,2000,60-64,60,64,8539
08013,2000,65-69,65,69,6656
08013,2000,70-74,70,74,5495
08013,2000,75-79,75,79,4471
08013,2000,80-84,80,84,3159
08013,2000,85+,85,999,2889
08013,2010,0-4,0,4,16499
08013,2010,5-9,5,9,18100
08013,2010,10-14,10,14,17682
08013,2010,15-17,15,17,10473
08013,2010,18-19,18,19,12476
08013,2010,20-24,20,24,29354
08013,2010,25-29,25,29,20208
08013,2010,30-34,30,34,19171
08013,2010,35-39,35,39,20177
08013,2010,40-44,40,44,20812
08013,2010,45-49,45,49,22085
08013,2010,50-54,50,54,22522
08013,2010,55-59,55,59,19866
08013,2010,60-64,60,64,15621
08013,2010,65-69,65,69,10006
08013,2010,70-74,70,74,6725
08013,2010,75-79,75,79,4943
08013,2010,80-84,80,84,3794
08013,2010,85+,85,999,4053
08013,2020,0-4,0,4,13858
08013,2020,5-9,5,9,16789
08013,2020,10-14,10,14,19435
08013,2020,15-17,15,17,12036
08013,2020,18-19,18,19,14389
08013,2020,20-24,20,24,30397
08013,2020,25-29,25,29,24443
08013,2020,30-34,30,34,22883
08013,2020,35-39,35,39,21153
08013,2020,40-44,40,44,20867
08013,2020,45-49,45,49,21106
08013,2020,50-54,50,54,20890
08013,2020,55-59,55,59,20802
08013,2020,60-64,60,64,20447
08013,2020,65-69,65,69,17978
08013,2020,70-74,70,74,14138
08013,2020,75-79,75,79,8651
08013,2020,80-84,80,84,5357
08013,2020,85+,85,999,5139
08014,2010,0-4,0,4,3944
08014,2010,5-9,5,9,4382
08014,2010,10-14,10,14,4016
08014,2010,15-17,15,17,2310
08014,2010,18-19,18,19,1184
08014,2010,20-24,20,24,3129
08014,2010,25-29,25,29,3660
08014,2010,30-34,30,34,4136
08014,2010,35-39,35,39,4480
08014,2010,40-44,40,44,4485
08014,2010,45-49,45,49,4485
08014,2010,50-54,50,54,4154
08014,2010,55-59,55,59,3338
08014,2010,60-64,60,64,2678
08014,2010,65-69,65,69,1826
08014,2010,70-74,70,74,1282
08014,2010,75-79,75,79,1009
08014,2010,80-84,80,84,757
08014,2010,85+,85,999,634
08014,2020,0-4,0,4,3531
08014,2020,5-9,5,9,4367
08014,2020,10-14,10,14,5166
08014,2020,15-17,15,17,3132
08014,2020,18-19,18,19,1556
08014,2020,20-24,20,24,4609
08014,2020,25-29,25,29,6113
08014,2020,30-34,30,34,5786
08014,2020,35-39,35,39,5143
08014,2020,40-44,40,44,5303
08014,2020,45-49,45,49,5327
08014,2020,50-54,50,54,4684
08014,2020,55-59,55,59,4400
08014,2020,60-64,60,64,4131
08014,2020,65-69,65,69,3488
08014,2020,70-74,70,74,3121
08014,2020,75-79,75,79,1955
08014,2020,80-84,80,84,1157
08014,2020,85+,85,999,1143
08069,1990,0-4,0,4,13552
08069,1990,5-9,5,9,14065
08069,1990,10-14,10,14,12511
08069,1990,15-17,15,17,6933
08069,1990,18-19,18,19,7880
08069,1990,20-24,20,24,18659
08069,1990,25-29,25,29,15565
08069,1990,30-34,30,34,17819
08069,1990,35-39,35,39,17375
08069,1990,40-44,40,44,14160
08069,1990,45-49,45,49,10272
08069,1990,50-54,50,54,7311
08069,1990,55-59,55,59,6285
08069,1990,60-64,60,64,5892
08069,1990,65-69,65,69,5793
08069,1990,70-74,70,74,4463
08069,1990,75-79,75,79,3421
08069,1990,80-84,80,84,2281
08069,1990,85+,85,999,1899
08069,2000,0-4,0,4,15261
08069,2000,5-9,5,9,16480
08069,2000,10-14,10,14,17742
08069,2000,15-17,15,17,10272
08069,2000,18-19,18,19,10256
08069,2000,20-24,20,24,25404
08069,2000,25-29,25,29,19203
08069,2000,30-34,30,34,16982
08069,2000,35-39,35,39,19604
08069,2000,40-44,40,44,21495
08069,2000,45-49,45,49,19882
08069,2000,50-54,50,54,15776
08069,2000,55-59,55,59,11145
08069,2000,60-64,60,64,7955
08069,2000,65-69,65,69,6813
08069,2000,70-74,70,74,5997
08069,2000,75-79,75,79,4954
08069,2000,80-84,80,84,3335
08069,2000,85+,85,999,2938
08069,2010,0-4,0,4,17554
08069,2010,5-9,5,9,18018
08069,2010,10-14,10,14,17550
08069,2010,15-17,15,17,10935
08069,2010,18-19,18,19,11819
08069,2010,20-24,20,24,29975
08069,2010,25-29,25,29,22334
08069,2010,30-34,30,34,19797
08069,2010,35-39,35,39,18842
08069,2010,40-44,40,44,17723
08069,2010,45-49,45,49,20509
08069,2010,50-54,50,54,22058
08069,2010,55-59,55,59,20301
08069,2010,60-64,60,64,16674
08069,2010,65-69,65,69,11785
08069,2010,70-74,70,74,8029
08069,2010,75-79,75,79,6117
08069,2010,80-84,80,84,4781
08069,2010,85+,85,999,4829
08069,2020,0-4,0,4,16645
08069,2020,5-9,5,9,19659
08069,2020,10-14,10,14,20970
08069,2020,15-17,15,17,12459
08069,2020,18-19,18,19,13260
08069,2020,20-24,20,24,31527
08069,2020,25-29,25,29,27672
08069,2020,30-34,30,34,25599
08069,2020,35-39,35,39,23944
08069,2020,40-44,40,44,22090
08069,2020,45-49,45,49,20456
08069,2020,50-54,50,54,19142
08069,2020,55-59,55,59,21417
08069,2020,60-64,60,64,23045
08069,2020,65-69,65,69,21227
08069,2020,70-74,70,74,16545
08069,2020,75-79,75,79,10696
08069,2020,80-84,80,84,6331
08069,2020,85+,85,999,6382
08123,1990,0-4,0,4,10389
08123,1990,5-9,5,9,11009
08123,1990,10-14,10,14,10119
08123,1990,15-17,15,17,5496
08123,1990,18-19,18,19,5449
08123,1990,20-24,20,24,11943
08123,1990,25-29,25,29,10357
08123,1990,30-34,30,34,11292
08123,1990,35-39,35,39,11151
08123,1990,40-44,40,44,9029
08123,1990,45-49,45,49,7055
08123,1990,50-54,50,54,5559
08123,1990,55-59,55,59,4957
08123,1990,60-64,60,64,4562
08123,1990,65-69,65,69,4160
08123,1990,70-74,70,74,3358
08123,1990,75-79,75,79,2663
08123,1990,80-84,80,84,1833
08123,1990,85+,85,999,1440
08123,2000,0-4,0,4,14047
08123,2000,5-9,5,9,14400
08123,2000,10-14,10,14,14176
08123,2000,15-17,15,17,8410
08123,2000,18-19,18,19,7676
08123,2000,20-24,20,24,16123
08123,2000,25-29,25,29,13060
08123,2000,30-34,30,34,12825
08123,2000,35-39,35,39,14018
08123,2000,40-44,40,44,13856
08123,2000,45-49,45,49,12600
08123,2000,50-54,50,54,10144
08123,2000,55-59,55,59,7491
08123,2000,60-64,60,64,5870
08123,2000,65-69,65,69,4730
08123,2000,70-74,70,74,4037
08123,2000,75-79,75,79,3291
08123,2000,80-84,80,84,2198
08123,2000,85+,85,999,1984
08123,2010,0-4,0,4,20001
08123,2010,5-9,5,9,20587
08123,2010,10-14,10,14,18795
08123,2010,15-17,15,17,11018
08123,2010,18-19,18,19,8865
08123,2010,20-24,20,24,18854
08123,2010,25-29,25,29,17201
08123,2010,30-34,30,34,17714
08123,2010,35-39,35,39,17733
08123,2010,40-44,40,44,16977
08123,2010,45-49,45,49,17216
08123,2010,50-54,50,54,16848
08123,2010,55-59,55,59,14851
08123,2010,60-64,60,64,11930
08123,2010,65-69,65,69,8209
08123,2010,70-74,70,74,5905
08123,2010,75-79,75,79,4192
08123,2010,80-84,80,84,3075
08123,2010,85+,85,999,2854
08123,2020,0-4,0,4,22744
08123,2020,5-9,5,9,24431
08123,2020,10-14,10,14,25257
08123,2020,15-17,15,17,14716
08123,2020,18-19,18,19,9955
08123,2020,20-24,20,24,22274
08123,2020,25-29,25,29,22817
08123,2020,30-34,30,34,24911
08123,2020,35-39,35,39,24283
08123,2020,40-44,40,44,21411
08123,2020,45-49,45,49,19713
08123,2020,50-54,50,54,18563
08123,2020,55-59,55,59,18863
08123,2020,60-64,60,64,17736
08123,2020,65-69,65,69,15010
08123,2020,70-74,70,74,11089
08123,2020,75-79,75,79,7061
08123,2020,80-84,80,84,4328
08123,2020,85+,85,999,3819
09009,1990,0-4,0,4,56626
09009,1990,5-9,5,9,50921
09009,1990,10-14,10,14,47072
09009,1990,15-17,15,17,27999
09009,1990,18-19,18,19,23513
09009,1990,20-24,20,24,62711
09009,1990,25-29,25,29,71999
09009,1990,30-34,30,34,72796
09009,1990,35-39,35,39,63634
09009,1990,40-44,40,44,58025
09009,1990,45-49,45,49,45931
09009,1990,50-54,50,54,35104
09009,1990,55-59,55,59,34025
09009,1990,60-64,60,64,35886
09009,1990,65-69,65,69,36074
09009,1990,70-74,70,74,31098
09009,1990,75-79,75,79,23627
09009,1990,80-84,80,84,14747
09009,1990,85+,85,999,12431
09009,2000,0-4,0,4,53094
09009,2000,5-9,5,9,57953
09009,2000,10-14,10,14,58270
09009,2000,15-17,15,17,32362
09009,2000,18-19,18,19,21922
09009,2000,20-24,20,24,49587
09009,2000,25-29,25,29,51554
09009,2000,30-34,30,34,60758
09009,2000,35-39,35,39,67177
09009,2000,40-44,40,44,67359
09009,2000,45-49,45,49,59074
09009,2000,50-54,50,54,53789
09009,2000,55-59,55,59,41113
09009,2000,60-64,60,64,30704
09009,2000,65-69,65,69,27993
09009,2000,70-74,70,74,28322
09009,2000,75-79,75,79,26391
09009,2000,80-84,80,84,19658
09009,2000,85+,85,999,16928
09009,2010,0-4,0,4,48663
09009,2010,5-9,5,9,51759
09009,2010,10-14,10,14,56357
09009,2010,15-17,15,17,36195
09009,2010,18-19,18,19,26053
09009,2010,20-24,20,24,59639
09009,2010,25-29,25,29,55980
09009,2010,30-34,30,34,51911
09009,2010,35-39,35,39,52865
09009,2010,40-44,40,44,61142
09009,2010,45-49,45,49,66525
09009,2010,50-54,50,54,66098
09009,2010,55-59,55,59,56439
09009,2010,60-64,60,64,48879
09009,2010,65-69,65,69,35620
09009,2010,70-74,70,74,25114
09009,2010,75-79,75,79,21730
09009,2010,80-84,80,84,19395
09009,2010,85+,85,999,22113
09009,2020,0-4,0,4,42286
09009,2020,5-9,5,9,46675
09009,2020,10-14,10,14,51814
09009,2020,15-17,15,17,33066
09009,2020,18-19,18,19,25287
09009,2020,20-24,20,24,60528
09009,2020,25-29,25,29,57253
09009,2020,30-34,30,34,57792
09009,2020,35-39,35,39,52992
09009,2020,40-44,40,44,50085
09009,2020,45-49,45,49,50821
09009,2020,50-54,50,54,57932
09009,2020,55-59,55,59,62250
09009,2020,60-64,60,64,59757
09009,2020,65-69,65,69,48896
09009,2020,70-74,70,74,40409
09009,2020,75-79,75,79,27879
09009,2020,80-84,80,84,17874
09009,2020,85+,85,999,21239
12001,1990,0-4,0,4,11772
12001,1990,5-9,5,9,11814
12001,1990,10-14,10,14,10088
12001,1990,15-17,15,17,5841
12001,1990,18-19,18,19,11523
12001,1990,20-24,20,24,28369
12001,1990,25-29,25,29,17207
12001,1990,30-34,30,34,15582
12001,1990,35-39,35,39,14143
12001,1990,40-44,40,44,11983
12001,1990,45-49,45,49,8445
12001,1990,50-54,50,54,6413
12001,1990,55-59,55,59,5707
12001,1990,60-64,60,64,5799
12001,1990,65-69,65,69,5732
12001,1990,70-74,70,74,4259
12001,1990,75-79,75,79,3183
12001,1990,80-84,80,84,2094
12001,1990,85+,85,999,1642
12001,2000,0-4,0,4,11161
12001,2000,5-9,5,9,12089
12001,2000,10-14,10,14,12937
12001,2000,15-17,15,17,7751
12001,2000,18-19,18,19,14603
12001,2000,20-24,20,24,36011
12001,2000,25-29,25,29,17651
12001,2000,30-34,30,34,13756
12001,2000,35-39,35,39,14299
12001,2000,40-44,40,44,14704
12001,2000,45-49,45,49,14297
12001,2000,50-54,50,54,12384
12001,2000,55-59,55,59,8749
12001,2000,60-64,60,64,6645
12001,2000,65-69,65,69,5646
12001,2000,70-74,70,74,5223
12001,2000,75-79,75,79,4490
12001,2000,80-84,80,84,3059
12001,2000,85+,85,999,2500
12001,2010,0-4,0,4,13068
12001,2010,5-9,5,9,11739
12001,2010,10-14,10,14,11669
12001,2010,15-17,15,17,7809
12001,2010,18-19,18,19,15780
12001,2010,20-24,20,24,41515
12001,2010,25-29,25,29,21724
12001,2010,30-34,30,34,15256
12001,2010,35-39,35,39,13043
12001,2010,40-44,40,44,12465
12001,2010,45-49,45,49,14262
12001,2010,50-54,50,54,15208
12001,2010,55-59,55,59,14800
12001,2010,60-64,60,64,12371
12001,2010,65-69,65,69,8593
12001,2010,70-74,70,74,5987
12001,2010,75-79,75,79,4589
12001,2010,80-84,80,84,3786
12001,2010,85+,85,999,3672
12001,2020,0-4,0,4,13776
12001,2020,5-9,5,9,14398
12001,2020,10-14,10,14,14319
12001,2020,15-17,15,17,8070
12001,2020,18-19,18,19,14485
12001,2020,20-24,20,24,41026
12001,2020,25-29,25,29,23947
12001,2020,30-34,30,34,19730
12001,2020,35-39,35,39,16604
12001,2020,40-44,40,44,14140
12001,2020,45-49,45,49,13291
12001,2020,50-54,50,54,13041
12001,2020,55-59,55,59,14625
12001,2020,60-64,60,64,14979
12001,2020,65-69,65,69,14187
12001,2020,70-74,70,74,11332
12001,2020,75-79,75,79,7298
12001,2020,80-84,80,84,4460
12001,2020,85+,85,999,4760
17031,1990,0-4,0,4,380591
17031,1990,5-9,5,9,357080
17031,1990,10-14,10,14,338949
17031,1990,15-17,15,17,203425
17031,1990,18-19,18,19,147281
17031,1990,20-24,20,24,398810
17031,1990,25-29,25,29,480563
17031,1990,30-34,30,34,464244
17031,1990,35-39,35,39,399120
17031,1990,40-44,40,44,343717
17031,1990,45-49,45,49,276292
17031,1990,50-54,50,54,238083
17031,1990,55-59,55,59,220048
17031,1990,60-64,60,64,223632
17031,1990,65-69,65,69,207425
17031,1990,70-74,70,74,164999
17031,1990,75-79,75,79,125023
17031,1990,80-84,80,84,76784
17031,1990,85+,85,999,59001
17031,2000,0-4,0,4,388201
17031,2000,5-9,5,9,406508
17031,2000,10-14,10,14,380589
17031,2000,15-17,15,17,222521
17031,2000,18-19,18,19,145654
17031,2000,20-24,20,24,385321
17031,2000,25-29,25,29,444365
17031,2000,30-34,30,34,428459
17031,2000,35-39,35,39,422932
17031,2000,40-44,40,44,409915
17031,2000,45-49,45,49,359941
17031,2000,50-54,50,54,313349
17031,2000,55-59,55,59,240501
17031,2000,60-64,60,64,198220
17031,2000,65-69,65,69,169363
17031,2000,70-74,70,74,159265
17031,2000,75-79,75,79,134107
17031,2000,80-84,80,84,91010
17031,2000,85+,85,999,76520
17031,2010,0-4,0,4,342493
17031,2010,5-9,5,9,331837
17031,2010,10-14,10,14,339576
17031,2010,15-17,15,17,218374
17031,2010,18-19,18,19,141816
17031,2010,20-24,20,24,372503
17031,2010,25-29,25,29,435510
17031,2010,30-34,30,34,396053
17031,2010,35-39,35,39,362415
17031,2010,40-44,40,44,347380
17031,2010,45-49,45,49,357556
17031,2010,50-54,50,54,359507
17031,2010,55-59,55,59,312366
17031,2010,60-64,60,64,256960
17031,2010,65-69,65,69,183907
17031,2010,70-74,70,74,140614
17031,2010,75-79,75,79,112278
17031,2010,80-84,80,84,92153
17031,2010,85+,85,999,91377
17031,2020,0-4,0,4,284422
17031,2020,5-9,5,9,298754
17031,2020,10-14,10,14,323287
17031,2020,15-17,15,17,196676
17031,2020,18-19,18,19,129956
17031,2020,20-24,20,24,359607
17031,2020,25-29,25,29,437664
17031,2020,30-34,30,34,418121
17031,2020,35-39,35,39,379995
17031,2020,40-44,40,44,344636
17031,2020,45-49,45,49,329336
17031,2020,50-54,50,54,325744
17031,2020,55-59,55,59,331649
17031,2020,60-64,60,64,321235
17031,2020,65-69,65,69,264546
17031,2020,70-74,70,74,203481
17031,2020,75-79,75,79,136201
17031,2020,80-84,80,84,92636
17031,2020,85+,85,999,97595
18105,1990,0-4,0,4,5966
18105,1990,5-9,5,9,5614
18105,1990,10-14,10,14,5450
18105,1990,15-17,15,17,3037
18105,1990,18-19,18,19,10272
18105,1990,20-24,20,24,21352
18105,1990,25-29,25,29,9952
18105,1990,30-34,30,34,8382
18105,1990,35-39,35,39,7479
18105,1990,40-44,40,44,6441
18105,1990,45-49,45,49,4840
18105,1990,50-54,50,54,3860
18105,1990,55-59,55,59,3586
18105,1990,60-64,60,64,3471
18105,1990,65-69,65,69,3098
18105,1990,70-74,70,74,2197
18105,1990,75-79,75,79,1734
18105,1990,80-84,80,84,1242
18105,1990,85+,85,999,1005
18105,2000,0-4,0,4,6119
18105,2000,5-9,5,9,5926
18105,2000,10-14,10,14,5949
18105,2000,15-17,15,17,3670
18105,2000,18-19,18,19,10623
18105,2000,20-24,20,24,22783
18105,2000,25-29,25,29,9697
18105,2000,30-34,30,34,8044
18105,2000,35-39,35,39,7693
18105,2000,40-44,40,44,7453
18105,2000,45-49,45,49,7214
18105,2000,50-54,50,54,6207
18105,2000,55-59,55,59,4610
18105,2000,60-64,60,64,3501
18105,2000,65-69,65,69,3108
18105,2000,70-74,70,74,2835
18105,2000,75-79,75,79,2384
18105,2000,80-84,80,84,1443
18105,2000,85+,85,999,1304
18105,2010,0-4,0,4,6503
18105,2010,5-9,5,9,6257
18105,2010,10-14,10,14,6103
18105,2010,15-17,15,17,3608
18105,2010,18-19,18,19,11267
18105,2010,20-24,20,24,28606
18105,2010,25-29,25,29,11490
18105,2010,30-34,30,34,8537
18105,2010,35-39,35,39,6916
18105,2010,40-44,40,44,6880
18105,2010,45-49,45,49,7316
18105,2010,50-54,50,54,7455
18105,2010,55-59,55,59,6991
18105,2010,60-64,60,64,5998
18105,2010,65-69,65,69,4277
18105,2010,70-74,70,74,3077
18105,2010,75-79,75,79,2577
18105,2010,80-84,80,84,2073
18105,2010,85+,85,999,2043
18105,2020,0-4,0,4,6279
18105,2020,5-9,5,9,6511
18105,2020,10-14,10,14,6502
18105,2020,15-17,15,17,3882
18105,2020,18-19,18,19,11530
18105,2020,20-24,20,24,21625
18105,2020,25-29,25,29,11417
18105,2020,30-34,30,34,9125
18105,2020,35-39,35,39,7822
18105,2020,40-44,40,44,7119
18105,2020,45-49,45,49,6473
18105,2020,50-54,50,54,6713
18105,2020,55-59,55,59,7150
18105,2020,60-64,60,64,7153
18105,2020,65-69,65,69,6769
18105,2020,70-74,70,74,5396
18105,2020,75-79,75,79,3496
18105,2020,80-84,80,84,2351
18105,2020,85+,85,999,2405
19103,1990,0-4,0,4,6157
19103,1990,5-9,5,9,5807
19103,1990,10-14,10,14,4862
19103,1990,15-17,15,17,2521
19103,1990,18-19,18,19,6237
19103,1990,20-24,20,24,17630
19103,1990,25-29,25,29,10610
19103,1990,30-34,30,34,8920
19103,1990,35-39,35,39,7763
19103,1990,40-44,40,44,6127
19103,1990,45-49,45,49,4118
19103,1990,50-54,50,54,3080
19103,1990,55-59,55,59,2674
19103,1990,60-64,60,64,2475
19103,1990,65-69,65,69,2149
19103,1990,70-74,70,74,1754
19103,1990,75-79,75,79,1325
19103,1990,80-84,80,84,1007
19103,1990,85+,85,999,903
19103,2000,0-4,0,4,6428
19103,2000,5-9,5,9,6231
19103,2000,10-14,10,14,6032
19103,2000,15-17,15,17,3621
19103,2000,18-19,18,19,7312
19103,2000,20-24,20,24,18701
19103,2000,25-29,25,29,10249
19103,2000,30-34,30,34,8233
19103,2000,35-39,35,39,7832
19103,2000,40-44,40,44,7853
19103,2000,45-49,45,49,7494
19103,2000,50-54,50,54,6024
19103,2000,55-59,55,59,3952
19103,2000,60-64,60,64,2779
19103,2000,65-69,65,69,2300
19103,2000,70-74,70,74,2038
19103,2000,75-79,75,79,1636
19103,2000,80-84,80,84,1190
19103,2000,85+,85,999,1101
19103,2010,0-4,0,4,8075
19103,2010,5-9,5,9,7286
19103,2010,10-14,10,14,6713
19103,2010,15-17,15,17,3844
19103,2010,18-19,18,19,7076
19103,2010,20-24,20,24,21052
19103,2010,25-29,25,29,12990
19103,2010,30-34,30,34,9506
19103,2010,35-39,35,39,7616
19103,2010,40-44,40,44,7340
19103,2010,45-49,45,49,7448
19103,2010,50-54,50,54,7680
19103,2010,55-59,55,59,7329
19103,2010,60-64,60,64,5716
19103,2010,65-69,65,69,3618
19103,2010,70-74,70,74,2517
19103,2010,75-79,75,79,1942
19103,2010,80-84,80,84,1535
19103,2010,85+,85,999,1599
19103,2020,0-4,0,4,8638
19103,2020,5-9,5,9,8816
19103,2020,10-14,10,14,8439
19103,2020,15-17,15,17,4877
19103,2020,18-19,18,19,5564
19103,2020,20-24,20,24,23496
19103,2020,25-29,25,29,13575
19103,2020,30-34,30,34,11224
19103,2020,35-39,35,39,10164
19103,2020,40-44,40,44,8789
19103,2020,45-49,45,49,7482
19103,2020,50-54,50,54,7408
19103,2020,55-59,55,59,7430
19103,2020,60-64,60,64,7623
19103,2020,65-69,65,69,6873
19103,2020,70-74,70,74,5271
19103,2020,75-79,75,79,3147
19103,2020,80-84,80,84,2018
19103,2020,85+,85,999,2020
22033,1990,0-4,0,4,29225
22033,1990,5-9,5,9,30895
22033,1990,10-14,10,14,28245
22033,1990,15-17,15,17,16216
22033,1990,18-19,18,19,16013
22033,1990,20-24,20,24,36887
22033,1990,25-29,25,29,33154
22033,1990,30-34,30,34,33504
22033,1990,35-39,35,39,31305
22033,1990,40-44,40,44,26922
22033,1990,45-49,45,49,20013
22033,1990,50-54,50,54,15656
22033,1990,55-59,55,59,13713
22033,1990,60-64,60,64,13472
22033,1990,65-69,65,69,12437
22033,1990,70-74,70,74,9067
22033,1990,75-79,75,79,6312
22033,1990,80-84,80,84,4025
22033,1990,85+,85,999,3044
22033,2000,0-4,0,4,29101
22033,2000,5-9,5,9,30021
22033,2000,10-14,10,14,29884
22033,2000,15-17,15,17,19060
22033,2000,18-19,18,19,18655
22033,2000,20-24,20,24,40930
22033,2000,25-29,25,29,29779
22033,2000,30-34,30,34,27833
22033,2000,35-39,35,39,30087
22033,2000,40-44,40,44,30778
22033,2000,45-49,45,49,29141
22033,2000,50-54,50,54,24956
22033,2000,55-59,55,59,18172
22033,2000,60-64,60,64,13523
22033,2000,65-69,65,69,11400
22033,2000,70-74,70,74,10640
22033,2000,75-79,75,79,8791
22033,2000,80-84,80,84,5568
22033,2000,85+,85,999,4533
22033,2010,0-4,0,4,29507
22033,2010,5-9,5,9,28254
22033,2010,10-14,10,14,28208
22033,2010,15-17,15,17,17696
22033,2010,18-19,18,19,16706
22033,2010,20-24,20,24,45628
22033,2010,25-29,25,29,37917
22033,2010,30-34,30,34,29236
22033,2010,35-39,35,39,25523
22033,2010,40-44,40,44,25409
22033,2010,45-49,45,49,28600
22033,2010,50-54,50,54,29626
22033,2010,55-59,55,59,27286
22033,2010,60-64,60,64,22545
22033,2010,65-69,65,69,15484
22033,2010,70-74,70,74,11001
22033,2010,75-79,75,79,8446
22033,2010,80-84,80,84,6773
22033,2010,85+,85,999,6326
22033,2020,0-4,0,4,27344
22033,2020,5-9,5,9,27917
22033,2020,10-14,10,14,28843
22033,2020,15-17,15,17,17065
22033,2020,18-19,18,19,18842
22033,2020,20-24,20,24,41018
22033,2020,25-29,25,29,34503
22033,2020,30-34,30,34,31590
22033,2020,35-39,35,39,30616
22033,2020,40-44,40,44,26336
22033,2020,45-49,45,49,24159
22033,2020,50-54,50,54,24741
22033,2020,55-59,55,59,27144
22033,2020,60-64,60,64,27310
22033,2020,65-69,65,69,24110
22033,2020,70-74,70,74,18562
22033,2020,75-79,75,79,11838
22033,2020,80-84,80,84,7497
22033,2020,85+,85,999,7346
25017,1990,0-4,0,4,90562
25017,1990,5-9,5,9,79830
25017,1990,10-14,10,14,73745
25017,1990,15-17,15,17,46855
25017,1990,18-19,18,19,44534
25017,1990,20-24,20,24,123800
25017,1990,25-29,25,29,143324
25017,1990,30-34,30,34,132813
25017,1990,35-39,35,39,115817
25017,1990,40-44,40,44,103980
25017,1990,45-49,45,49,80684
25017,1990,50-54,50,54,64943
25017,1990,55-59,55,59,61814
25017,1990,60-64,60,64,60648
25017,1990,65-69,65,69,54730
25017,1990,70-74,70,74,43025
25017,1990,75-79,75,79,33903
25017,1990,80-84,80,84,23196
25017,1990,85+,85,999,20265
25017,2000,0-4,0,4,92008
25017,2000,5-9,5,9,94579
25017,2000,10-14,10,14,92002
25017,2000,15-17,15,17,50484
25017,2000,18-19,18,19,37250
25017,2000,20-24,20,24,94217
25017,2000,25-29,25,29,112256
25017,2000,30-34,30,34,123654
25017,2000,35-39,35,39,130813
25017,2000,40-44,40,44,122834
25017,2000,45-49,45,49,107197
25017,2000,50-54,50,54,95136
25017,2000,55-59,55,59,70974
25017,2000,60-64,60,64,54685
25017,2000,65-69,65,69,49329
25017,2000,70-74,70,74,46506
25017,2000,75-79,75,79,39540
25017,2000,80-84,80,84,26847
25017,2000,85+,85,999,25085
25017,2010,0-4,0,4,85671
25017,2010,5-9,5,9,87493
25017,2010,10-14,10,14,90446
25017,2010,15-17,15,17,56829
25017,2010,18-19,18,19,41544
25017,2010,20-24,20,24,101746
25017,2010,25-29,25,29,113746
25017,2010,30-34,30,34,104578
25017,2010,35-39,35,39,102073
25017,2010,40-44,40,44,110945
25017,2010,45-49,45,49,120213
25017,2010,50-54,50,54,112788
25017,2010,55-59,55,59,96663
25017,2010,60-64,60,64,81335
25017,2010,65-69,65,69,57018
25017,2010,70-74,70,74,42739
25017,2010,75-79,75,79,36319
25017,2010,80-84,80,84,30183
25017,2010,85+,85,999,30756
25017,2020,0-4,0,4,80756
25017,2020,5-9,5,9,87692
25017,2020,10-14,10,14,92646
25017,2020,15-17,15,17,57171
25017,2020,18-19,18,19,41747
25017,2020,20-24,20,24,119346
25017,2020,25-29,25,29,127930
25017,2020,30-34,30,34,125163
25017,2020,35-39,35,39,113729
25017,2020,40-44,40,44,101673
25017,2020,45-49,45,49,100805
25017,2020,50-54,50,54,107375
25017,2020,55-59,55,59,111809
25017,2020,60-64,60,64,101063
25017,2020,65-69,65,69,82844
25017,2020,70-74,70,74,67939
25017,2020,75-79,75,79,45726
25017,2020,80-84,80,84,31144
25017,2020,85+,85,999,35444
26161,1990,0-4,0,4,19160
26161,1990,5-9,5,9,17431
26161,1990,10-14,10,14,15395
26161,1990,15-17,15,17,9110
26161,1990,18-19,18,19,15812
26161,1990,20-24,20,24,39623
26161,1990,25-29,25,29,29635
26161,1990,30-34,30,34,26532
26161,1990,35-39,35,39,24349
26161,1990,40-44,40,44,21072
26161,1990,45-49,45,49,15279
26161,1990,50-54,50,54,10927
26161,1990,55-59,55,59,9090
26161,1990,60-64,60,64,8296
26161,1990,65-69,65,69,7194
26161,1990,70-74,70,74,5245
26161,1990,75-79,75,79,3902
26161,1990,80-84,80,84,2541
26161,1990,85+,85,999,2344
26161,2000,0-4,0,4,20130
26161,2000,5-9,5,9,20296
26161,2000,10-14,10,14,19630
26161,2000,15-17,15,17,11232
26161,2000,18-19,18,19,16755
26161,2000,20-24,20,24,38444
26161,2000,25-29,25,29,27705
26161,2000,30-34,30,34,25908
26161,2000,35-39,35,39,25303
26161,2000,40-44,40,44,24724
26161,2000,45-49,45,49,23272
26161,2000,50-54,50,54,20188
26161,2000,55-59,55,59,13830
26161,2000,60-64,60,64,9207
26161,2000,65-69,65,69,7342
26161,2000,70-74,70,74,6657
26161,2000,75-79,75,79,5474
26161,2000,80-84,80,84,3599
26161,2000,85+,85,999,3199
26161,2010,0-4,0,4,19138
26161,2010,5-9,5,9,20009
26161,2010,10-14,10,14,20153
26161,2010,15-17,15,17,12653
26161,2010,18-19,18,19,17839
26161,2010,20-24,20,24,40467
26161,2010,25-29,25,29,27061
26161,2010,30-34,30,34,22276
26161,2010,35-39,35,39,21364
26161,2010,40-44,40,44,22427
26161,2010,45-49,45,49,23654
26161,2010,50-54,50,54,23534
26161,2010,55-59,55,59,21558
26161,2010,60-64,60,64,17707
26161,2010,65-69,65,69,11796
26161,2010,70-74,70,74,7641
26161,2010,75-79,75,79,5902
26161,2010,80-84,80,84,4904
26161,2010,85+,85,999,4708
26161,2020,0-4,0,4,17458
26161,2020,5-9,5,9,18575
26161,2020,10-14,10,14,19478
26161,2020,15-17,15,17,12814
26161,2020,18-19,18,19,14385
26161,2020,20-24,20,24,47332
26161,2020,25-29,25,29,31997
26161,2020,30-34,30,34,26341
26161,2020,35-39,35,39,22737
26161,2020,40-44,40,44,20468
26161,2020,45-49,45,49,20607
26161,2020,50-54,50,54,21716
26161,2020,55-59,55,59,22075
26161,2020,60-64,60,64,21081
26161,2020,65-69,65,69,18821
26161,2020,70-74,70,74,14985
26161,2020,75-79,75,79,9656
26161,2020,80-84,80,84,5749
26161,2020,85+,85,999,5983
27109,1990,0-4,0,4,9160
27109,1990,5-9,5,9,8841
27109,1990,10-14,10,14,7502
27109,1990,15-17,15,17,4025
27109,1990,18-19,18,19,2809
27109,1990,20-24,20,24,6987
27109,1990,25-29,25,29,10323
27109,1990,30-34,30,34,11086
27109,1990,35-39,35,39,9017
27109,1990,40-44,40,44,7367
27109,1990,45-49,45,49,6211
27109,1990,50-54,50,54,4989
27109,1990,55-59,55,59,4078
27109,1990,60-64,60,64,3471
27109,1990,65-69,65,69,3092
27109,1990,70-74,70,74,2501
27109,1990,75-79,75,79,2033
27109,1990,80-84,80,84,1484
27109,1990,85+,85,999,1494
27109,2000,0-4,0,4,8890
27109,2000,5-9,5,9,9028
27109,2000,10-14,10,14,9825
27109,2000,15-17,15,17,5790
27109,2000,18-19,18,19,3059
27109,2000,20-24,20,24,7447
27109,2000,25-29,25,29,8777
27109,2000,30-34,30,34,9266
27109,2000,35-39,35,39,10923
27109,2000,40-44,40,44,11067
27109,2000,45-49,45,49,9107
27109,2000,50-54,50,54,7364
27109,2000,55-59,55,59,5781
27109,2000,60-64,60,64,4561
27109,2000,65-69,65,69,3625
27109,2000,70-74,70,74,3104
27109,2000,75-79,75,79,2669
27109,2000,80-84,80,84,1974
27109,2000,85+,85,999,2020
27109,2010,0-4,0,4,10783
27109,2010,5-9,5,9,10337
27109,2010,10-14,10,14,9562
27109,2010,15-17,15,17,5758
27109,2010,18-19,18,19,3068
27109,2010,20-24,20,24,8239
27109,2010,25-29,25,29,11456
27109,2010,30-34,30,34,10562
27109,2010,35-39,35,39,9090
27109,2010,40-44,40,44,9092
27109,2010,45-49,45,49,10976
27109,2010,50-54,50,54,11190
27109,2010,55-59,55,59,9098
27109,2010,60-64,60,64,6904
27109,2010,65-69,65,69,5400
27109,2010,70-74,70,74,4187
27109,2010,75-79,75,79,3207
27109,2010,80-84,80,84,2588
27109,2010,85+,85,999,2751
27109,2020,0-4,0,4,10228
27109,2020,5-9,5,9,10789
27109,2020,10-14,10,14,11110
27109,2020,15-17,15,17,6495
27109,2020,18-19,18,19,3485
27109,2020,20-24,20,24,9813
27109,2020,25-29,25,29,11948
27109,2020,30-34,30,34,12271
27109,2020,35-39,35,39,11815
27109,2020,40-44,40,44,10194
27109,2020,45-49,45,49,8885
27109,2020,50-54,50,54,9035
27109,2020,55-59,55,59,10471
27109,2020,60-64,60,64,10473
27109,2020,65-69,65,69,8104
27109,2020,70-74,70,74,6208
27109,2020,75-79,75,79,4713
27109,2020,80-84,80,84,3360
27109,2020,85+,85,999,3450
36067,1990,0-4,0,4,35006
36067,1990,5-9,5,9,33051
36067,1990,10-14,10,14,29689
36067,1990,15-17,15,17,17099
36067,1990,18-19,18,19,16766
36067,1990,20-24,20,24,39711
36067,1990,25-29,25,29,40740
36067,1990,30-34,30,34,40709
36067,1990,35-39,35,39,36866
36067,1990,40-44,40,44,32221
36067,1990,45-49,45,49,24861
36067,1990,50-54,50,54,20411
36067,1990,55-59,55,59,20319
36067,1990,60-64,60,64,20684
36067,1990,65-69,65,69,19699
36067,1990,70-74,70,74,15396
36067,1990,75-79,75,79,11523
36067,1990,80-84,80,84,7737
36067,1990,85+,85,999,6485
36067,2000,0-4,0,4,29917
36067,2000,5-9,5,9,33986
36067,2000,10-14,10,14,34481
36067,2000,15-17,15,17,19697
36067,2000,18-19,18,19,13935
36067,2000,20-24,20,24,29695
36067,2000,25-29,25,29,26902
36067,2000,30-34,30,34,31586
36067,2000,35-39,35,39,36585
36067,2000,40-44,40,44,37082
36067,2000,45-49,45,49,33695
36067,2000,50-54,50,54,28840
36067,2000,55-59,55,59,21665
36067,2000,60-64,60,64,16976
36067,2000,65-69,65,69,16305
36067,2000,70-74,70,74,15862
36067,2000,75-79,75,79,13871
36067,2000,80-84,80,84,9490
36067,2000,85+,85,999,7766
36067,2010,0-4,0,4,27378
36067,2010,5-9,5,9,28907
36067,2010,10-14,10,14,30814
36067,2010,15-17,15,17,20156
36067,2010,18-19,18,19,16255
36067,2010,20-24,20,24,35887
36067,2010,25-29,25,29,29827
36067,2010,30-34,30,34,26105
36067,2010,35-39,35,39,26293
36067,2010,40-44,40,44,31193
36067,2010,45-49,45,49,35830
36067,2010,50-54,50,54,35722
36067,2010,55-59,55,59,31493
36067,2010,60-64,60,64,25588
36067,2010,65-69,65,69,18279
36067,2010,70-74,70,74,13666
36067,2010,75-79,75,79,12205
36067,2010,80-84,80,84,10441
36067,2010,85+,85,999,10987
36067,2020,0-4,0,4,25612
36067,2020,5-9,5,9,27272
36067,2020,10-14,10,14,28364
36067,2020,15-17,15,17,17482
36067,2020,18-19,18,19,16165
36067,2020,20-24,20,24,36135
36067,2020,25-29,25,29,31888
36067,2020,30-34,30,34,30927
36067,2020,35-39,35,39,28746
36067,2020,40-44,40,44,25542
36067,2020,45-49,45,49,25586
36067,2020,50-54,50,54,30012
36067,2020,55-59,55,59,33648
36067,2020,60-64,60,64,32962
36067,2020,65-69,65,69,27595
36067,2020,70-74,70,74,21161
36067,2020,75-79,75,79,14449
36067,2020,80-84,80,84,9953
36067,2020,85+,85,999,13017
37063,1990,0-4,0,4,12999
37063,1990,5-9,5,9,11334
37063,1990,10-14,10,14,10676
37063,1990,15-17,15,17,6401
37063,1990,18-19,18,19,7222
37063,1990,20-24,20,24,17374
37063,1990,25-29,25,29,18533
37063,1990,30-34,30,34,18234
37063,1990,35-39,35,39,16328
37063,1990,40-44,40,44,13674
37063,1990,45-49,45,49,9544
37063,1990,50-54,50,54,7157
37063,1990,55-59,55,59,6398
37063,1990,60-64,60,64,6469
37063,1990,65-69,65,69,6264
37063,1990,70-74,70,74,4849
37063,1990,75-79,75,79,3860
37063,1990,80-84,80,84,2535
37063,1990,85+,85,999,1984
37063,2000,0-4,0,4,15492
37063,2000,5-9,5,9,14672
37063,2000,10-14,10,14,13683
37063,2000,15-17,15,17,7362
37063,2000,18-19,18,19,7564
37063,2000,20-24,20,24,21076
37063,2000,25-29,25,29,22305
37063,2000,30-34,30,34,20031
37063,2000,35-39,35,39,18425
37063,2000,40-44,40,44,16930
37063,2000,45-49,45,49,15289
37063,2000,50-54,50,54,13087
37063,2000,55-59,55,59,9099
37063,2000,60-64,60,64,6725
37063,2000,65-69,65,69,5677
37063,2000,70-74,70,74,5239
37063,2000,75-79,75,79,4699
37063,2000,80-84,80,84,3182
37063,2000,85+,85,999,2777
37063,2010,0-4,0,4,19815
37063,2010,5-9,5,9,16563
37063,2010,10-14,10,14,14942
37063,2010,15-17,15,17,9001
37063,2010,18-19,18,19,8951
37063,2010,20-24,20,24,23232
37063,2010,25-29,25,29,25344
37063,2010,30-34,30,34,23612
37063,2010,35-39,35,39,20267
37063,2010,40-44,40,44,17495
37063,2010,45-49,45,49,17401
37063,2010,50-54,50,54,16731
37063,2010,55-59,55,59,15454
37063,2010,60-64,60,64,12662
37063,2010,65-69,65,69,8393
37063,2010,70-74,70,74,5664
37063,2010,75-79,75,79,4478
37063,2010,80-84,80,84,3688
37063,2010,85+,85,999,3894
37063,2020,0-4,0,4,19045
37063,2020,5-9,5,9,18042
37063,2020,10-14,10,14,17999
37063,2020,15-17,15,17,10182
37063,2020,18-19,18,19,10168
37063,2020,20-24,20,24,24890
37063,2020,25-29,25,29,31927
37063,2020,30-34,30,34,30251
37063,2020,35-39,35,39,24297
37063,2020,40-44,40,44,20574
37063,2020,45-49,45,49,18981
37063,2020,50-54,50,54,17761
37063,2020,55-59,55,59,18233
37063,2020,60-64,60,64,17626
37063,2020,65-69,65,69,15643
37063,2020,70-74,70,74,12445
37063,2020,75-79,75,79,7695
37063,2020,80-84,80,84,4536
37063,2020,85+,85,999,4538
37135,1990,0-4,0,4,5331
37135,1990,5-9,5,9,5107
37135,1990,10-14,10,14,4658
37135,1990,15-17,15,17,2651
37135,1990,18-19,18,19,6179
37135,1990,20-24,20,24,15151
37135,1990,25-29,25,29,10030
37135,1990,30-34,30,34,8149
37135,1990,35-39,35,39,7666
37135,1990,40-44,40,44,6686
37135,1990,45-49,45,49,4763
37135,1990,50-54,50,54,3443
37135,1990,55-59,55,59,3048
37135,1990,60-64,60,64,2853
37135,1990,65-69,65,69,2711
37135,1990,70-74,70,74,2066
37135,1990,75-79,75,79,1543
37135,1990,80-84,80,84,991
37135,1990,85+,85,999,825
37135,2000,0-4,0,4,5854
37135,2000,5-9,5,9,6941
37135,2000,10-14,10,14,7259
37135,2000,15-17,15,17,3930
37135,2000,18-19,18,19,7968
37135,2000,20-24,20,24,16905
37135,2000,25-29,25,29,9561
37135,2000,30-34,30,34,8326
37135,2000,35-39,35,39,8411
37135,2000,40-44,40,44,9037
37135,2000,45-49,45,49,8788
37135,2000,50-54,50,54,7135
37135,2000,55-59,55,59,4791
37135,2000,60-64,60,64,3390
37135,2000,65-69,65,69,2775
37135,2000,70-74,70,74,2500
37135,2000,75-79,75,79,2125
37135,2000,80-84,80,84,1357
37135,2000,85+,85,999,1174
37135,2010,0-4,0,4,6890
37135,2010,5-9,5,9,7985
37135,2010,10-14,10,14,8055
37135,2010,15-17,15,17,5039
37135,2010,18-19,18,19,7444
37135,2010,20-24,20,24,16966
37135,2010,25-29,25,29,9434
37135,2010,30-34,30,34,7895
37135,2010,35-39,35,39,8098
37135,2010,40-44,40,44,8960
37135,2010,45-49,45,49,9444
37135,2010,50-54,50,54,9357
37135,2010,55-59,55,59,8591
37135,2010,60-64,60,64,6754
37135,2010,65-69,65,69,4532
37135,2010,70-74,70,74,2974
37135,2010,75-79,75,79,2157
37135,2010,80-84,80,84,1636
37135,2010,85+,85,999,1590
37135,2020,0-4,0,4,6232
37135,2020,5-9,5,9,8200
37135,2020,10-14,10,14,9173
37135,2020,15-17,15,17,5564
37135,2020,18-19,18,19,8523
37135,2020,20-24,20,24,17828
37135,2020,25-29,25,29,9848
37135,2020,30-34,30,34,8778
37135,2020,35-39,35,39,8621
37135,2020,40-44,40,44,8666
37135,2020,45-49,45,49,8621
37135,2020,50-54,50,54,9115
37135,2020,55-59,55,59,8748
37135,2020,60-64,60,64,8568
37135,2020,65-69,65,69,7897
37135,2020,70-74,70,74,6195
37135,2020,75-79,75,79,3849
37135,2020,80-84,80,84,2165
37135,2020,85+,85,999,2105
41039,1990,0-4,0,4,18844
41039,1990,5-9,5,9,20249
41039,1990,10-14,10,14,19514
41039,1990,15-17,15,17,10593
41039,1990,18-19,18,19,9578
41039,1990,20-24,20,24,23694
41039,1990,25-29,25,29,21112
41039,1990,30-34,30,34,22903
41039,1990,35-39,35,39,25501
41039,1990,40-44,40,44,22408
41039,1990,45-49,45,49,16556
41039,1990,50-54,50,54,12540
41039,1990,55-59,55,59,11015
41039,1990,60-64,60,64,11327
41039,1990,65-69,65,69,11883
41039,1990,70-74,70,74,9747
41039,1990,75-79,75,79,7279
41039,1990,80-84,80,84,4622
41039,1990,85+,85,999,3547
41039,2000,0-4,0,4,18584
41039,2000,5-9,5,9,20004
41039,2000,10-14,10,14,21737
41039,2000,15-17,15,17,13489
41039,2000,18-19,18,19,11107
41039,2000,20-24,20,24,27555
41039,2000,25-29,25,29,21590
41039,2000,30-34,30,34,20439
41039,2000,35-39,35,39,22385
41039,2000,40-44,40,44,24435
41039,2000,45-49,45,49,26461
41039,2000,50-54,50,54,23103
41039,2000,55-59,55,59,16558
41039,2000,60-64,60,64,12558
41039,2000,65-69,65,69,10670
41039,2000,70-74,70,74,10579
41039,2000,75-79,75,79,9570
41039,2000,80-84,80,84,6582
41039,2000,85+,85,999,5553
41039,2010,0-4,0,4,18381
41039,2010,5-9,5,9,18776
41039,2010,10-14,10,14,20132
41039,2010,15-17,15,17,12400
41039,2010,18-19,18,19,13132
41039,2010,20-24,20,24,31116
41039,2010,25-29,25,29,24126
41039,2010,30-34,30,34,21900
41039,2010,35-39,35,39,20195
41039,2010,40-44,40,44,20552
41039,2010,45-49,45,49,22898
41039,2010,50-54,50,54,25252
41039,2010,55-59,55,59,26815
41039,2010,60-64,60,64,23259
41039,2010,65-69,65,69,16482
41039,2010,70-74,70,74,11876
41039,2010,75-79,75,79,8893
41039,2010,80-84,80,84,7604
41039,2010,85+,85,999,7926
41039,2020,0-4,0,4,17135
41039,2020,5-9,5,9,19564
41039,2020,10-14,10,14,20548
41039,2020,15-17,15,17,12247
41039,2020,18-19,18,19,11315
41039,2020,20-24,20,24,31304
41039,2020,25-29,25,29,25431
41039,2020,30-34,30,34,25551
41039,2020,35-39,35,39,24993
41039,2020,40-44,40,44,23016
41039,2020,45-49,45,49,21314
41039,2020,50-54,50,54,21241
41039,2020,55-59,55,59,23533
41039,2020,60-64,60,64,25726
41039,2020,65-69,65,69,26818
41039,2020,70-74,70,74,22250
41039,2020,75-79,75,79,14153
41039,2020,80-84,80,84,8579
41039,2020,85+,85,999,8253
42003,1990,0-4,0,4,84113
42003,1990,5-9,5,9,80090
42003,1990,10-14,10,14,73684
42003,1990,15-17,15,17,44296
42003,1990,18-19,18,19,37124
42003,1990,20-24,20,24,92746
42003,1990,25-29,25,29,104558
42003,1990,30-34,30,34,115567
42003,1990,35-39,35,39,106110
42003,1990,40-44,40,44,90489
42003,1990,45-49,45,49,71166
42003,1990,50-54,50,54,62772
42003,1990,55-59,55,59,64860
42003,1990,60-64,60,64,76963
42003,1990,65-69,65,69,75242
42003,1990,70-74,70,74,61812
42003,1990,75-79,75,79,46478
42003,1990,80-84,80,84,27760
42003,1990,85+,85,999,20619
42003,2000,0-4,0,4,71081
42003,2000,5-9,5,9,79385
42003,2000,10-14,10,14,82688
42003,2000,15-17,15,17,48022
42003,2000,18-19,18,19,33699
42003,2000,20-24,20,24,75792
42003,2000,25-29,25,29,76718
42003,2000,30-34,30,34,84559
42003,2000,35-39,35,39,96281
42003,2000,40-44,40,44,105693
42003,2000,45-49,45,49,98284
42003,2000,50-54,50,54,83258
42003,2000,55-59,55,59,63512
42003,2000,60-64,60,64,54278
42003,2000,65-69,65,69,53251
42003,2000,70-74,70,74,59298
42003,2000,75-79,75,79,51853
42003,2000,80-84,80,84,35871
42003,2000,85+,85,999,28143
42003,2010,0-4,0,4,63640
42003,2010,5-9,5,9,64343
42003,2010,10-14,10,14,68396
42003,2010,15-17,15,17,45284
42003,2010,18-19,18,19,34651
42003,2010,20-24,20,24,88962
42003,2010,25-29,25,29,84969
42003,2010,30-34,30,34,72580
42003,2010,35-39,35,39,69476
42003,2010,40-44,40,44,76418
42003,2010,45-49,45,49,88566
42003,2010,50-54,50,54,98299
42003,2010,55-59,55,59,89867
42003,2010,60-64,60,64,72838
42003,2010,65-69,65,69,52968
42003,2010,70-74,70,74,42716
42003,2010,75-79,75,79,38100
42003,2010,80-84,80,84,36159
42003,2010,85+,85,999,35116
42003,2020,0-4,0,4,62818
42003,2020,5-9,5,9,63592
42003,2020,10-14,10,14,64836
42003,2020,15-17,15,17,39149
42003,2020,18-19,18,19,32554
42003,2020,20-24,20,24,89051
42003,2020,25-29,25,29,93191
42003,2020,30-34,30,34,93548
42003,2020,35-39,35,39,82630
42003,2020,40-44,40,44,69669
42003,2020,45-49,45,49,67658
42003,2020,50-54,50,54,74408
42003,2020,55-59,55,59,84030
42003,2020,60-64,60,64,90584
42003,2020,65-69,65,69,79662
42003,2020,70-74,70,74,60427
42003,2020,75-79,75,79,40470
42003,2020,80-84,80,84,28308
42003,2020,85+,85,999,33993
48041,1990,0-4,0,4,8253
48041,1990,5-9,5,9,7704
48041,1990,10-14,10,14,6646
48041,1990,15-17,15,17,3570
48041,1990,18-19,18,19,11129
48041,1990,20-24,20,24,27824
48041,1990,25-29,25,29,11711
48041,1990,30-34,30,34,9672
48041,1990,35-39,35,39,7416
48041,1990,40-44,40,44,5987
48041,1990,45-49,45,49,4622
48041,1990,50-54,50,54,3532
48041,1990,55-59,55,59,3067
48041,1990,60-64,60,64,2615
48041,1990,65-69,65,69,2537
48041,1990,70-74,70,74,1960
48041,1990,75-79,75,79,1675
48041,1990,80-84,80,84,1110
48041,1990,85+,85,999,832
48041,2000,0-4,0,4,9488
48041,2000,5-9,5,9,8922
48041,2000,10-14,10,14,8645
48041,2000,15-17,15,17,5680
48041,2000,18-19,18,19,13954
48041,2000,20-24,20,24,34863
48041,2000,25-29,25,29,12516
48041,2000,30-34,30,34,9654
48041,2000,35-39,35,39,8828
48041,2000,40-44,40,44,8563
48041,2000,45-49,45,49,7249
48041,2000,50-54,50,54,5916
48041,2000,55-59,55,59,4544
48041,2000,60-64,60,64,3370
48041,2000,65-69,65,69,2987
48041,2000,70-74,70,74,2340
48041,2000,75-79,75,79,2051
48041,2000,80-84,80,84,1421
48041,2000,85+,85,999,1424
48041,2010,0-4,0,4,12506
48041,2010,5-9,5,9,11215
48041,2010,10-14,10,14,10019
48041,2010,15-17,15,17,6091
48041,2010,18-19,18,19,17422
48041,2010,20-24,20,24,42690
48041,2010,25-29,25,29,17598
48041,2010,30-34,30,34,12218
48041,2010,35-39,35,39,10060
48041,2010,40-44,40,44,9108
48041,2010,45-49,45,49,9210
48041,2010,50-54,50,54,9008
48041,2010,55-59,55,59,7525
48041,2010,60-64,60,64,6122
48041,2010,65-69,65,69,4482
48041,2010,70-74,70,74,3273
48041,2010,75-79,75,79,2616
48041,2010,80-84,80,84,1872
48041,2010,85+,85,999,1816
48041,2020,0-4,0,4,13810
48041,2020,5-9,5,9,13203
48041,2020,10-14,10,14,13272
48041,2020,15-17,15,17,7629
48041,2020,18-19,18,19,18506
48041,2020,20-24,20,24,45947
48041,2020,25-29,25,29,20247
48041,2020,30-34,30,34,15321
48041,2020,35-39,35,39,13186
48041,2020,40-44,40,44,11204
48041,2020,45-49,45,49,9987
48041,2020,50-54,50,54,9627
48041,2020,55-59,55,59,9591
48041,2020,60-64,60,64,9211
48041,2020,65-69,65,69,7570
48041,2020,70-74,70,74,6045
48041,2020,75-79,75,79,4163
48041,2020,80-84,80,84,2672
48041,2020,85+,85,999,2658
49049,1990,0-4,0,4,28275
49049,1990,5-9,5,9,28045
49049,1990,10-14,10,14,28732
49049,1990,15-17,15,17,14452
49049,1990,18-19,18,19,15298
49049,1990,20-24,20,24,34378
49049,1990,25-29,25,29,22508
49049,1990,30-34,30,34,17204
49049,1990,35-39,35,39,14720
49049,1990,40-44,40,44,11952
49049,1990,45-49,45,49,9262
49049,1990,50-54,50,54,7322
49049,1990,55-59,55,59,6683
49049,1990,60-64,60,64,6342
49049,1990,65-69,65,69,5786
49049,1990,70-74,70,74,4813
49049,1990,75-79,75,79,3779
49049,1990,80-84,80,84,2393
49049,1990,85+,85,999,1646
49049,2000,0-4,0,4,40373
49049,2000,5-9,5,9,33840
49049,2000,10-14,10,14,31426
49049,2000,15-17,15,17,19848
49049,2000,18-19,18,19,21707
49049,2000,20-24,20,24,55649
49049,2000,25-29,25,29,33171
49049,2000,30-34,30,34,22998
49049,2000,35-39,35,39,20444
49049,2000,40-44,40,44,18696
49049,2000,45-49,45,49,16098
49049,2000,50-54,50,54,13194
49049,2000,55-59,55,59,10020
49049,2000,60-64,60,64,7569
49049,2000,65-69,65,69,6619
49049,2000,70-74,70,74,5842
49049,2000,75-79,75,79,4726
49049,2000,80-84,80,84,3431
49049,2000,85+,85,999,2885
49049,2010,0-4,0,4,58362
49049,2010,5-9,5,9,52582
49049,2010,10-14,10,14,46048
49049,2010,15-17,15,17,24985
49049,2010,18-19,18,19,23173
49049,2010,20-24,20,24,58410
49049,2010,25-29,25,29,47455
49049,2010,30-34,30,34,40647
49049,2010,35-39,35,39,31148
49049,2010,40-44,40,44,25253
49049,2010,45-49,45,49,22433
49049,2010,50-54,50,54,20845
49049,2010,55-59,55,59,17486
49049,2010,60-64,60,64,14280
49049,2010,65-69,65,69,10653
49049,2010,70-74,70,74,7834
49049,2010,75-79,75,79,6305
49049,2010,80-84,80,84,4551
49049,2010,85+,85,999,4114
49049,2020,0-4,0,4,58590
49049,2020,5-9,5,9,60453
49049,2020,10-14,10,14,61530
49049,2020,15-17,15,17,35560
49049,2020,18-19,18,19,26117
49049,2020,20-24,20,24,75868
49049,2020,25-29,25,29,55725
49049,2020,30-34,30,34,44583
49049,2020,35-39,35,39,42855
49049,2020,40-44,40,44,41259
49049,2020,45-49,45,49,32151
49049,2020,50-54,50,54,26223
49049,2020,55-59,55,59,23544
49049,2020,60-64,60,64,21348
49049,2020,65-69,65,69,17659
49049,2020,70-74,70,74,14029
49049,2020,75-79,75,79,9712
49049,2020,80-84,80,84,6383
49049,2020,85+,85,999,5810
55025,1990,0-4,0,4,25747
55025,1990,5-9,5,9,24400
55025,1990,10-14,10,14,21464
55025,1990,15-17,15,17,11726
55025,1990,18-19,18,19,15344
55025,1990,20-24,20,24,42397
55025,1990,25-29,25,29,37268
55025,1990,30-34,30,34,35689
55025,1990,35-39,35,39,33184
55025,1990,40-44,40,44,27716
55025,1990,45-49,45,49,19594
55025,1990,50-54,50,54,14183
55025,1990,55-59,55,59,12574
55025,1990,60-64,60,64,11792
55025,1990,65-69,65,69,10651
55025,1990,70-74,70,74,8343
55025,1990,75-79,75,79,6524
55025,1990,80-84,80,84,4463
55025,1990,85+,85,999,4026
55025,2000,0-4,0,4,25818
55025,2000,5-9,5,9,26693
55025,2000,10-14,10,14,27733
55025,2000,15-17,15,17,16011
55025,2000,18-19,18,19,16901
55025,2000,20-24,20,24,43986
55025,2000,25-29,25,29,34472
55025,2000,30-34,30,34,33914
55025,2000,35-39,35,39,35449
55025,2000,40-44,40,44,34659
55025,2000,45-49,45,49,33191
55025,2000,50-54,50,54,27029
55025,2000,55-59,55,59,18225
55025,2000,60-64,60,64,12576
55025,2000,65-69,65,69,10524
55025,2000,70-74,70,74,9687
55025,2000,75-79,75,79,8361
55025,2000,80-84,80,84,5894
55025,2000,85+,85,999,5403
55025,2010,0-4,0,4,30240
55025,2010,5-9,5,9,29874
55025,2010,10-14,10,14,28873
55025,2010,15-17,15,17,17097
55025,2010,18-19,18,19,15772
55025,2010,20-24,20,24,47252
55025,2010,25-29,25,29,42441
55025,2010,30-34,30,34,36412
55025,2010,35-39,35,39,32196
55025,2010,40-44,40,44,32588
55025,2010,45-49,45,49,34927
55025,2010,50-54,50,54,33882
55025,2010,55-59,55,59,31594
55025,2010,60-64,60,64,24781
55025,2010,65-69,65,69,15900
55025,2010,70-74,70,74,10659
55025,2010,75-79,75,79,8585
55025,2010,80-84,80,84,7226
55025,2010,85+,85,999,7774
55025,2020,0-4,0,4,30073
55025,2020,5-9,5,9,32126
55025,2020,10-14,10,14,32183
55025,2020,15-17,15,17,18716
55025,2020,18-19,18,19,19647
55025,2020,20-24,20,24,51395
55025,2020,25-29,25,29,46660
55025,2020,30-34,30,34,44121
55025,2020,35-39,35,39,40808
55025,2020,40-44,40,44,35278
55025,2020,45-49,45,49,31271
55025,2020,50-54,50,54,31726
55025,2020,55-59,55,59,33258
55025,2020,60-64,60,64,31789
55025,2020,65-69,65,69,28668
55025,2020,70-74,70,74,22254
55025,2020,75-79,75,79,13633
55025,2020,80-84,80,84,8473
55025,2020,85+,85,999,9425
