place_fips,year,age_group,age_lo,age_hi,pop
0137000,1990,0-4,0,4,10562
0137000,1990,5-9,5,9,10516
0137000,1990,10-14,10,14,9893
0137000,1990,15-17,15,17,6076
0137000,1990,18-19,18,19,5810
0137000,1990,20-24,20,24,13887
0137000,1990,25-29,25,29,15620
0137000,1990,30-34,30,34,14219
0137000,1990,35-39,35,39,11865
0137000,1990,40-44,40,44,11296
0137000,1990,45-49,45,49,9529
0137000,1990,50-54,50,54,9186
0137000,1990,55-59,55,59,8470
0137000,1990,60-64,60,64,6878
0137000,1990,65-69,65,69,6026
0137000,1990,70-74,70,74,4077
0137000,1990,75-79,75,79,2756
0137000,1990,80-84,80,84,1772
0137000,1990,85+,85,999,1351
0137000,2000,0-4,0,4,9732
0137000,2000,5-9,5,9,10299
0137000,2000,10-14,10,14,10389
0137000,2000,15-17,15,17,6195
0137000,2000,18-19,18,19,5174
0137000,2000,20-24,20,24,11781
0137000,2000,25-29,25,29,10727
0137000,2000,30-34,30,34,10606
0137000,2000,35-39,35,39,12531
0137000,2000,40-44,40,44,12564
0137000,2000,45-49,45,49,10874
0137000,2000,50-54,50,54,10212
0137000,2000,55-59,55,59,8346
0137000,2000,60-64,60,64,7624
0137000,2000,65-69,65,69,6749
0137000,2000,70-74,70,74,5470
0137000,2000,75-79,75,79,4276
0137000,2000,80-84,80,84,2698
0137000,2000,85+,85,999,1969
0137000,2010,0-4,0,4,11171
0137000,2010,5-9,5,9,10221
0137000,2010,10-14,10,14,10568
0137000,2010,15-17,15,17,6679
0137000,2010,18-19,18,19,6244
0137000,2010,20-24,20,24,16304
0137000,2010,25-29,25,29,14383
0137000,2010,30-34,30,34,11310
0137000,2010,35-39,35,39,10495
0137000,2010,40-44,40,44,10939
0137000,2010,45-49,45,49,13341
0137000,2010,50-54,50,54,12830
0137000,2010,55-59,55,59,10731
0137000,2010,60-64,60,64,9362
0137000,2010,65-69,65,69,7239
0137000,2010,70-74,70,74,6383
0137000,2010,75-79,75,79,5136
0137000,2010,80-84,80,84,3573
0137000,2010,85+,85,999,3196
0137000,2020,0-4,0,4,11950
0137000,2020,5-9,5,9,11886
0137000,2020,10-14,10,14,11949
0137000,2020,15-17,15,17,6919
0137000,2020,18-19,18,19,7241
0137000,2020,20-24,20,24,19098
0137000,2020,25-29,25,29,17381
0137000,2020,30-34,30,34,15418
0137000,2020,35-39,35,39,13894
0137000,2020,40-44,40,44,11864
0137000,2020,45-49,45,49,11673
0137000,2020,50-54,50,54,12517
0137000,2020,55-59,55,59,14740
0137000,2020,60-64,60,64,13348
0137000,2020,65-69,65,69,10465
0137000,2020,70-74,70,74,8789
0137000,2020,75-79,75,79,6263
0137000,2020,80-84,80,84,4860
0137000,2020,85+,85,999,4751
0473000,1990,0-4,0,4,9256
0473000,1990,5-9,5,9,8510
0473000,1990,10-14,10,14,7985
0473000,1990,15-17,15,17,4876
0473000,1990,18-19,18,19,8072
0473000,1990,20-24,20,24,21061
0473000,1990,25-29,25,29,16520
0473000,1990,30-34,30,34,13551
0473000,1990,35-39,35,39,11384
0473000,1990,40-44,40,44,9887
0473000,1990,45-49,45,49,7710
0473000,1990,50-54,50,54,5588
0473000,1990,55-59,55,59,4522
0473000,1990,60-64,60,64,3638
0473000,1990,65-69,65,69,3179
0473000,1990,70-74,70,74,2382
0473000,1990,75-79,75,79,1722
0473000,1990,80-84,80,84,1172
0473000,1990,85+,85,999,850
0473000,2000,0-4,0,4,9074
0473000,2000,5-9,5,9,8466
0473000,2000,10-14,10,14,8625
0473000,2000,15-17,15,17,5316
0473000,2000,18-19,18,19,9279
0473000,2000,20-24,20,24,24530
0473000,2000,25-29,25,29,17920
0473000,2000,30-34,30,34,12790
0473000,2000,35-39,35,39,11224
0473000,2000,40-44,40,44,10694
0473000,2000,45-49,45,49,10035
0473000,2000,50-54,50,54,8659
0473000,2000,55-59,55,59,6283
0473000,2000,60-64,60,64,4324
0473000,2000,65-69,65,69,3427
0473000,2000,70-74,70,74,2777
0473000,2000,75-79,75,79,2289
0473000,2000,80-84,80,84,1543
0473000,2000,85+,85,999,1370
0473000,2010,0-4,0,4,8049
0473000,2010,5-9,5,9,7218
0473000,2010,10-14,10,14,7203
0473000,2010,15-17,15,17,4738
0473000,2010,18-19,18,19,11703
0473000,2010,20-24,20,24,30009
0473000,2010,25-29,25,29,18046
0473000,2010,30-34,30,34,11281
0473000,2010,35-39,35,39,9111
0473000,2010,40-44,40,44,8105
0473000,2010,45-49,45,49,8873
0473000,2010,50-54,50,54,9037
0473000,2010,55-59,55,59,8067
0473000,2010,60-64,60,64,6619
0473000,2010,65-69,65,69,4549
0473000,2010,70-74,70,74,3075
0473000,2010,75-79,75,79,2395
0473000,2010,80-84,80,84,1760
0473000,2010,85+,85,999,1881
0473000,2020,0-4,0,4,8390
0473000,2020,5-9,5,9,7443
0473000,2020,10-14,10,14,7266
0473000,2020,15-17,15,17,4433
0473000,2020,18-19,18,19,10223
0473000,2020,20-24,20,24,32001
0473000,2020,25-29,25,29,22925
0473000,2020,30-34,30,34,15422
0473000,2020,35-39,35,39,11002
0473000,2020,40-44,40,44,8712
0473000,2020,45-49,45,49,7987
0473000,2020,50-54,50,54,7928
0473000,2020,55-59,55,59,8327
0473000,2020,60-64,60,64,8077
0473000,2020,65-69,65,69,6742
0473000,2020,70-74,70,74,5388
0473000,2020,75-79,75,79,3653
0473000,2020,80-84,80,84,2337
0473000,2020,85+,85,999,2331
0606000,1990,0-4,0,4,4720
0606000,1990,5-9,5,9,4135
0606000,1990,10-14,10,14,3550
0606000,1990,15-17,15,17,2275
0606000,1990,18-19,18,19,6208
0606000,1990,20-24,20,24,16834
0606000,1990,25-29,25,29,10177
0606000,1990,30-34,30,34,9256
0606000,1990,35-39,35,39,8980
0606000,1990,40-44,40,44,8600
0606000,1990,45-49,45,49,6283
0606000,1990,50-54,50,54,4156
0606000,1990,55-59,55,59,3230
0606000,1990,60-64,60,64,3068
0606000,1990,65-69,65,69,3379
0606000,1990,70-74,70,74,2706
0606000,1990,75-79,75,79,2260
0606000,1990,80-84,80,84,1448
0606000,1990,85+,85,999,1459
0606000,2000,0-4,0,4,4109
0606000,2000,5-9,5,9,4032
0606000,2000,10-14,10,14,3974
0606000,2000,15-17,15,17,2398
0606000,2000,18-19,18,19,5580
0606000,2000,20-24,20,24,16579
0606000,2000,25-29,25,29,10127
0606000,2000,30-34,30,34,8233
0606000,2000,35-39,35,39,7359
0606000,2000,40-44,40,44,6951
0606000,2000,45-49,45,49,7032
0606000,2000,50-54,50,54,7293
0606000,2000,55-59,55,59,5197
0606000,2000,60-64,60,64,3395
0606000,2000,65-69,65,69,2566
0606000,2000,70-74,70,74,2427
0606000,2000,75-79,75,79,2372
0606000,2000,80-84,80,84,1597
0606000,2000,85+,85,999,1522
0606000,2010,0-4,0,4,4136
0606000,2010,5-9,5,9,3793
0606000,2010,10-14,10,14,3610
0606000,2010,15-17,15,17,2333
0606000,2010,18-19,18,19,9469
0606000,2010,20-24,20,24,20826
0606000,2010,25-29,25,29,10302
0606000,2010,30-34,30,34,7395
0606000,2010,35-39,35,39,6421
0606000,2010,40-44,40,44,6113
0606000,2010,45-49,45,49,6117
0606000,2010,50-54,50,54,6136
0606000,2010,55-59,55,59,6413
0606000,2010,60-64,60,64,6340
0606000,2010,65-69,65,69,4586
0606000,2010,70-74,70,74,2891
0606000,2010,75-79,75,79,2044
0606000,2010,80-84,80,84,1683
0606000,2010,85+,85,999,1972
0606000,2020,0-4,0,4,4097
0606000,2020,5-9,5,9,4082
0606000,2020,10-14,10,14,4352
0606000,2020,15-17,15,17,2863
0606000,2020,18-19,18,19,10058
0606000,2020,20-24,20,24,21960
0606000,2020,25-29,25,29,11848
0606000,2020,30-34,30,34,9351
0606000,2020,35-39,35,39,7271
0606000,2020,40-44,40,44,6252
0606000,2020,45-49,45,49,6085
0606000,2020,50-54,50,54,5790
0606000,2020,55-59,55,59,5827
0606000,2020,60-64,60,64,5559
0606000,2020,65-69,65,69,5539
0606000,2020,70-74,70,74,5612
0606000,2020,75-79,75,79,3780
0606000,2020,80-84,80,84,2088
0606000,2020,85+,85,999,1907
0636770,1990,0-4,0,4,7542
0636770,1990,5-9,5,9,7672
0636770,1990,10-14,10,14,7221
0636770,1990,15-17,15,17,4466
0636770,1990,18-19,18,19,4751
0636770,1990,20-24,20,24,10537
0636770,1990,25-29,25,29,10113
0636770,1990,30-34,30,34,10953
0636770,1990,35-39,35,39,10962
0636770,1990,40-44,40,44,10759
0636770,1990,45-49,45,49,7875
0636770,1990,50-54,50,54,4985
0636770,1990,55-59,55,59,3485
0636770,1990,60-64,60,64,2652
0636770,1990,65-69,65,69,2326
0636770,1990,70-74,70,74,1620
0636770,1990,75-79,75,79,1199
0636770,1990,80-84,80,84,685
0636770,1990,85+,85,999,527
0636770,2000,0-4,0,4,7997
0636770,2000,5-9,5,9,9680
0636770,2000,10-14,10,14,9871
0636770,2000,15-17,15,17,6007
0636770,2000,18-19,18,19,7451
0636770,2000,20-24,20,24,13151
0636770,2000,25-29,25,29,10361
0636770,2000,30-34,30,34,11166
0636770,2000,35-39,35,39,12178
0636770,2000,40-44,40,44,12570
0636770,2000,45-49,45,49,11503
0636770,2000,50-54,50,54,9870
0636770,2000,55-59,55,59,6635
0636770,2000,60-64,60,64,4330
0636770,2000,65-69,65,69,3039
0636770,2000,70-74,70,74,2541
0636770,2000,75-79,75,79,2262
0636770,2000,80-84,80,84,1356
0636770,2000,85+,85,999,1104
0636770,2010,0-4,0,4,12005
0636770,2010,5-9,5,9,12737
0636770,2010,10-14,10,14,12852
0636770,2010,15-17,15,17,8081
0636770,2010,18-19,18,19,10018
0636770,2010,20-24,20,24,20366
0636770,2010,25-29,25,29,17414
0636770,2010,30-34,30,34,16147
0636770,2010,35-39,35,39,16707
0636770,2010,40-44,40,44,16402
0636770,2010,45-49,45,49,15639
0636770,2010,50-54,50,54,14198
0636770,2010,55-59,55,59,11762
0636770,2010,60-64,60,64,9586
0636770,2010,65-69,65,69,6524
0636770,2010,70-74,70,74,4338
0636770,2010,75-79,75,79,3042
0636770,2010,80-84,80,84,2243
0636770,2010,85+,85,999,2314
0636770,2020,0-4,0,4,15611
0636770,2020,5-9,5,9,18328
0636770,2020,10-14,10,14,19248
0636770,2020,15-17,15,17,11346
0636770,2020,18-19,18,19,13489
0636770,2020,20-24,20,24,30494
0636770,2020,25-29,25,29,25223
0636770,2020,30-34,30,34,23243
0636770,2020,35-39,35,39,23334
0636770,2020,40-44,40,44,22801
0636770,2020,45-49,45,49,22059
0636770,2020,50-54,50,54,19303
0636770,2020,55-59,55,59,15825
0636770,2020,60-64,60,64,13480
0636770,2020,65-69,65,69,11035
0636770,2020,70-74,70,74,9344
0636770,2020,75-79,75,79,6276
0636770,2020,80-84,80,84,3818
0636770,2020,85+,85,999,3413
0649670,1990,0-4,0,4,4441
0649670,1990,5-9,5,9,3388
0649670,1990,10-14,10,14,2589
0649670,1990,15-17,15,17,1554
0649670,1990,18-19,18,19,1290
0649670,1990,20-24,20,24,5617
0649670,1990,25-29,25,29,9777
0649670,1990,30-34,30,34,9102
0649670,1990,35-39,35,39,6873
0649670,1990,40-44,40,44,5021
0649670,1990,45-49,45,49,3637
0649670,1990,50-54,50,54,2777
0649670,1990,55-59,55,59,2418
0649670,1990,60-64,60,64,2367
0649670,1990,65-69,65,69,2149
0649670,1990,70-74,70,74,1740
0649670,1990,75-79,75,79,1213
0649670,1990,80-84,80,84,790
0649670,1990,85+,85,999,717
0649670,2000,0-4,0,4,4270
0649670,2000,5-9,5,9,3580
0649670,2000,10-14,10,14,3130
0649670,2000,15-17,15,17,1716
0649670,2000,18-19,18,19,1144
0649670,2000,20-24,20,24,4740
0649670,2000,25-29,25,29,8625
0649670,2000,30-34,30,34,8796
0649670,2000,35-39,35,39,7262
0649670,2000,40-44,40,44,6014
0649670,2000,45-49,45,49,4857
0649670,2000,50-54,50,54,4032
0649670,2000,55-59,55,59,2957
0649670,2000,60-64,60,64,2169
0649670,2000,65-69,65,69,1855
0649670,2000,70-74,70,74,1868
0649670,2000,75-79,75,79,1714
0649670,2000,80-84,80,84,1080
0649670,2000,85+,85,999,899
0649670,2010,0-4,0,4,5254
0649670,2010,5-9,5,9,4079
0649670,2010,10-14,10,14,3235
0649670,2010,15-17,15,17,2027
0649670,2010,18-19,18,19,1232
0649670,2010,20-24,20,24,4169
0649670,2010,25-29,25,29,7727
0649670,2010,30-34,30,34,7910
0649670,2010,35-39,35,39,6909
0649670,2010,40-44,40,44,6031
0649670,2010,45-49,45,49,5395
0649670,2010,50-54,50,54,4899
0649670,2010,55-59,55,59,4051
0649670,2010,60-64,60,64,3302
0649670,2010,65-69,65,69,2316
0649670,2010,70-74,70,74,1797
0649670,2010,75-79,75,79,1352
0649670,2010,80-84,80,84,1184
0649670,2010,85+,85,999,1197
0649670,2020,0-4,0,4,4818
0649670,2020,5-9,5,9,4541
0649670,2020,10-14,10,14,4119
0649670,2020,15-17,15,17,2381
0649670,2020,18-19,18,19,1197
0649670,2020,20-24,20,24,4333
0649670,2020,25-29,25,29,9190
0649670,2020,30-34,30,34,10011
0649670,2020,35-39,35,39,8017
0649670,2020,40-44,40,44,6033
0649670,2020,45-49,45,49,5215
0649670,2020,50-54,50,54,4758
0649670,2020,55-59,55,59,4246
0649670,2020,60-64,60,64,3778
0649670,2020,65-69,65,69,2983
0649670,2020,70-74,70,74,2346
0649670,2020,75-79,75,79,1670
0649670,2020,80-84,80,84,1241
0649670,2020,85+,85,999,1499
0656000,1990,0-4,0,4,9707
0656000,1990,5-9,5,9,7878
0656000,1990,10-14,10,14,7134
0656000,1990,15-17,15,17,4264
0656000,1990,18-19,18,19,3562
0656000,1990,20-24,20,24,11476
0656000,1990,25-29,25,29,14469
0656000,1990,30-34,30,34,13485
0656000,1990,35-39,35,39,11104
0656000,1990,40-44,40,44,9066
0656000,1990,45-49,45,49,6936
0656000,1990,50-54,50,54,5403
0656000,1990,55-59,55,59,4859
0656000,1990,60-64,60,64,4910
0656000,1990,65-69,65,69,4769
0656000,1990,70-74,70,74,3936
0656000,1990,75-79,75,79,3515
0656000,1990,80-84,80,84,2618
0656000,1990,85+,85,999,2500
0656000,2000,0-4,0,4,9202
0656000,2000,5-9,5,9,9321
0656000,2000,10-14,10,14,8102
0656000,2000,15-17,15,17,4331
0656000,2000,18-19,18,19,3136
0656000,2000,20-24,20,24,9334
0656000,2000,25-29,25,29,12290
0656000,2000,30-34,30,34,12454
0656000,2000,35-39,35,39,11824
0656000,2000,40-44,40,44,10180
0656000,2000,45-49,45,49,8931
0656000,2000,50-54,50,54,7848
0656000,2000,55-59,55,59,6158
0656000,2000,60-64,60,64,4603
0656000,2000,65-69,65,69,3896
0656000,2000,70-74,70,74,3880
0656000,2000,75-79,75,79,3404
0656000,2000,80-84,80,84,2481
0656000,2000,85+,85,999,2561
0656000,2010,0-4,0,4,8274
0656000,2010,5-9,5,9,7060
0656000,2010,10-14,10,14,6835
0656000,2010,15-17,15,17,4338
0656000,2010,18-19,18,19,3341
0656000,2010,20-24,20,24,9268
0656000,2010,25-29,25,29,12680
0656000,2010,30-34,30,34,12118
0656000,2010,35-39,35,39,10718
0656000,2010,40-44,40,44,9855
0656000,2010,45-49,45,49,9545
0656000,2010,50-54,50,54,9264
0656000,2010,55-59,55,59,8097
0656000,2010,60-64,60,64,7167
0656000,2010,65-69,65,69,5492
0656000,2010,70-74,70,74,3906
0656000,2010,75-79,75,79,3210
0656000,2010,80-84,80,84,2752
0656000,2010,85+,85,999,3202
0656000,2020,0-4,0,4,6444
0656000,2020,5-9,5,9,6014
0656000,2020,10-14,10,14,6407
0656000,2020,15-17,15,17,3815
0656000,2020,18-19,18,19,2618
0656000,2020,20-24,20,24,8235
0656000,2020,25-29,25,29,11827
0656000,2020,30-34,30,34,12777
0656000,2020,35-39,35,39,11238
0656000,2020,40-44,40,44,9467
0656000,2020,45-49,45,49,9129
0656000,2020,50-54,50,54,9044
0656000,2020,55-59,55,59,9126
0656000,2020,60-64,60,64,8296
0656000,2020,65-69,65,69,7173
0656000,2020,70-74,70,74,6124
0656000,2020,75-79,75,79,4535
0656000,2020,80-84,80,84,2960
0656000,2020,85+,85,999,3470
0669070,1990,0-4,0,4,5340
0669070,1990,5-9,5,9,4419
0669070,1990,10-14,10,14,3650
0669070,1990,15-17,15,17,2241
0669070,1990,18-19,18,19,2407
0669070,1990,20-24,20,24,8853
0669070,1990,25-29,25,29,9206
0669070,1990,30-34,30,34,8440
0669070,1990,35-39,35,39,7604
0669070,1990,40-44,40,44,6064
0669070,1990,45-49,45,49,4016
0669070,1990,50-54,50,54,3276
0669070,1990,55-59,55,59,2938
0669070,1990,60-64,60,64,3246
0669070,1990,65-69,65,69,3400
0669070,1990,70-74,70,74,3025
0669070,1990,75-79,75,79,2808
0669070,1990,80-84,80,84,2317
0669070,1990,85+,85,999,2321
0669070,2000,0-4,0,4,5194
0669070,2000,5-9,5,9,5499
0669070,2000,10-14,10,14,4789
0669070,2000,15-17,15,17,2773
0669070,2000,18-19,18,19,3911
0669070,2000,20-24,20,24,8790
0669070,2000,25-29,25,29,8120
0669070,2000,30-34,30,34,7689
0669070,2000,35-39,35,39,7186
0669070,2000,40-44,40,44,6807
0669070,2000,45-49,45,49,6380
0669070,2000,50-54,50,54,5744
0669070,2000,55-59,55,59,3832
0669070,2000,60-64,60,64,2884
0669070,2000,65-69,65,69,2606
0669070,2000,70-74,70,74,2785
0669070,2000,75-79,75,79,2757
0669070,2000,80-84,80,84,2105
0669070,2000,85+,85,999,2474
0669070,2010,0-4,0,4,4824
0669070,2010,5-9,5,9,4507
0669070,2010,10-14,10,14,4324
0669070,2010,15-17,15,17,2813
0669070,2010,18-19,18,19,2807
0669070,2010,20-24,20,24,8016
0669070,2010,25-29,25,29,8044
0669070,2010,30-34,30,34,6636
0669070,2010,35-39,35,39,5950
0669070,2010,40-44,40,44,5611
0669070,2010,45-49,45,49,5653
0669070,2010,50-54,50,54,5874
0669070,2010,55-59,55,59,5705
0669070,2010,60-64,60,64,5073
0669070,2010,65-69,65,69,3400
0669070,2010,70-74,70,74,2422
0669070,2010,75-79,75,79,2128
0669070,2010,80-84,80,84,2021
0669070,2010,85+,85,999,2602
0669070,2020,0-4,0,4,3812
0669070,2020,5-9,5,9,3921
0669070,2020,10-14,10,14,4341
0669070,2020,15-17,15,17,2675
0669070,2020,18-19,18,19,2142
0669070,2020,20-24,20,24,6512
0669070,2020,25-29,25,29,7621
0669070,2020,30-34,30,34,6991
0669070,2020,35-39,35,39,6118
0669070,2020,40-44,40,44,5297
0669070,2020,45-49,45,49,5025
0669070,2020,50-54,50,54,5269
0669070,2020,55-59,55,59,5495
0669070,2020,60-64,60,64,5599
0669070,2020,65-69,65,69,5379
0669070,2020,70-74,70,74,4617
0669070,2020,75-79,75,79,3015
0669070,2020,80-84,80,84,2002
0669070,2020,85+,85,999,2834
0807850,1990,0-4,0,4,3997
0807850,1990,5-9,5,9,3582
0807850,1990,10-14,10,14,3139
0807850,1990,15-17,15,17,1901
0807850,1990,18-19,18,19,6057
0807850,1990,20-24,20,24,15887
0807850,1990,25-29,25,29,8930
0807850,1990,30-34,30,34,8053
0807850,1990,35-39,35,39,7548
0807850,1990,40-44,40,44,6247
0807850,1990,45-49,45,49,4104
0807850,1990,50-54,50,54,2913
0807850,1990,55-59,55,59,2338
0807850,1990,60-64,60,64,2084
0807850,1990,65-69,65,69,1845
0807850,1990,70-74,70,74,1488
0807850,1990,75-79,75,79,1284
0807850,1990,80-84,80,84,939
0807850,1990,85+,85,999,976
0807850,2000,0-4,0,4,3888
0807850,2000,5-9,5,9,3831
0807850,2000,10-14,10,14,3947
0807850,2000,15-17,15,17,2376
0807850,2000,18-19,18,19,7111
0807850,2000,20-24,20,24,17413
0807850,2000,25-29,25,29,10753
0807850,2000,30-34,30,34,7684
0807850,2000,35-39,35,39,6484
0807850,2000,40-44,40,44,6356
0807850,2000,45-49,45,49,6379
0807850,2000,50-54,50,54,5395
0807850,2000,55-59,55,59,3331
0807850,2000,60-64,60,64,2334
0807850,2000,65-69,65,69,1823
0807850,2000,70-74,70,74,1651
0807850,2000,75-79,75,79,1496
0807850,2000,80-84,80,84,1145
0807850,2000,85+,85,999,1276
0807850,2010,0-4,0,4,3955
0807850,2010,5-9,5,9,3867
0807850,2010,10-14,10,14,3552
0807850,2010,15-17,15,17,2153
0807850,2010,18-19,18,19,8528
0807850,2010,20-24,20,24,19814
0807850,2010,25-29,25,29,8902
0807850,2010,30-34,30,34,6667
0807850,2010,35-39,35,39,5876
0807850,2010,40-44,40,44,5544
0807850,2010,45-49,45,49,5212
0807850,2010,50-54,50,54,5293
0807850,2010,55-59,55,59,5099
0807850,2010,60-64,60,64,4219
0807850,2010,65-69,65,69,2636
0807850,2010,70-74,70,74,1839
0807850,2010,75-79,75,79,1412
0807850,2010,80-84,80,84,1247
0807850,2010,85+,85,999,1570
0807850,2020,0-4,0,4,3247
0807850,2020,5-9,5,9,3848
0807850,2020,10-14,10,14,4514
0807850,2020,15-17,15,17,2880
0807850,2020,18-19,18,19,9714
0807850,2020,20-24,20,24,19291
0807850,2020,25-29,25,29,10662
0807850,2020,30-34,30,34,7923
0807850,2020,35-39,35,39,5844
0807850,2020,40-44,40,44,5461
0807850,2020,45-49,45,49,5587
0807850,2020,50-54,50,54,5479
0807850,2020,55-59,55,59,4947
0807850,2020,60-64,60,64,4859
0807850,2020,65-69,65,69,4480
0807850,2020,70-74,70,74,3843
0807850,2020,75-79,75,79,2430
0807850,2020,80-84,80,84,1540
0807850,2020,85+,85,999,1701
0824950,1990,0-4,0,4,99
0824950,1990,5-9,5,9,123
0824950,1990,10-14,10,14,103
0824950,1990,15-17,15,17,54
0824950,1990,18-19,18,19,38
0824950,1990,20-24,20,24,58
0824950,1990,25-29,25,29,104
0824950,1990,30-34,30,34,139
0824950,1990,35-39,35,39,135
0824950,1990,40-44,40,44,91
0824950,1990,45-49,45,49,73
0824950,1990,50-54,50,54,55
0824950,1990,55-59,55,59,43
0824950,1990,60-64,60,64,40
0824950,1990,65-69,65,69,23
0824950,1990,70-74,70,74,19
0824950,1990,75-79,75,79,32
0824950,1990,80-84,80,84,22
0824950,1990,85+,85,999,7
0824950,2000,0-4,0,4,717
0824950,2000,5-9,5,9,548
0824950,2000,10-14,10,14,417
0824950,2000,15-17,15,17,227
0824950,2000,18-19,18,19,118
0824950,2000,20-24,20,24,201
0824950,2000,25-29,25,29,535
0824950,2000,30-34,30,34,777
0824950,2000,35-39,35,39,784
0824950,2000,40-44,40,44,659
0824950,2000,45-49,45,49,479
0824950,2000,50-54,50,54,314
0824950,2000,55-59,55,59,179
0824950,2000,60-64,60,64,117
0824950,2000,65-69,65,69,83
0824950,2000,70-74,70,74,55
0824950,2000,75-79,75,79,33
0824950,2000,80-84,80,84,22
0824950,2000,85+,85,999,26
0824950,2010,0-4,0,4,1734
0824950,2010,5-9,5,9,1870
0824950,2010,10-14,10,14,1339
0824950,2010,15-17,15,17,688
0824950,2010,18-19,18,19,287
0824950,2010,20-24,20,24,486
0824950,2010,25-29,25,29,880
0824950,2010,30-34,30,34,1478
0824950,2010,35-39,35,39,1895
0824950,2010,40-44,40,44,1776
0824950,2010,45-49,45,49,1543
0824950,2010,50-54,50,54,1308
0824950,2010,55-59,55,59,1006
0824950,2010,60-64,60,64,815
0824950,2010,65-69,65,69,461
0824950,2010,70-74,70,74,251
0824950,2010,75-79,75,79,171
0824950,2010,80-84,80,84,89
0824950,2010,85+,85,999,58
0824950,2020,0-4,0,4,2131
0824950,2020,5-9,5,9,2585
0824950,2020,10-14,10,14,2743
0824950,2020,15-17,15,17,1479
0824950,2020,18-19,18,19,670
0824950,2020,20-24,20,24,1037
0824950,2020,25-29,25,29,1172
0824950,2020,30-34,30,34,1973
0824950,2020,35-39,35,39,2643
0824950,2020,40-44,40,44,2659
0824950,2020,45-49,45,49,2498
0824950,2020,50-54,50,54,2014
0824950,2020,55-59,55,59,1774
0824950,2020,60-64,60,64,1503
0824950,2020,65-69,65,69,1273
0824950,2020,70-74,70,74,932
0824950,2020,75-79,75,79,505
0824950,2020,80-84,80,84,269
0824950,2020,85+,85,999,178
0827425,1990,0-4,0,4,6176
0827425,1990,5-9,5,9,5874
0827425,1990,10-14,10,14,4975
0827425,1990,15-17,15,17,2666
0827425,1990,18-19,18,19,5617
0827425,1990,20-24,20,24,13880
0827425,1990,25-29,25,29,8497
0827425,1990,30-34,30,34,8611
0827425,1990,35-39,35,39,7840
0827425,1990,40-44,40,44,6012
0827425,1990,45-49,45,49,3839
0827425,1990,50-54,50,54,2624
0827425,1990,55-59,55,59,2304
0827425,1990,60-64,60,64,2062
0827425,1990,65-69,65,69,2081
0827425,1990,70-74,70,74,1620
0827425,1990,75-79,75,79,1324
0827425,1990,80-84,80,84,925
0827425,1990,85+,85,999,831
0827425,2000,0-4,0,4,7001
0827425,2000,5-9,5,9,7047
0827425,2000,10-14,10,14,7317
0827425,2000,15-17,15,17,4173
0827425,2000,18-19,18,19,7132
0827425,2000,20-24,20,24,19036
0827425,2000,25-29,25,29,11532
0827425,2000,30-34,30,34,8575
0827425,2000,35-39,35,39,8386
0827425,2000,40-44,40,44,8899
0827425,2000,45-49,45,49,7934
0827425,2000,50-54,50,54,5921
0827425,2000,55-59,55,59,3783
0827425,2000,60-64,60,64,2586
0827425,2000,65-69,65,69,2352
0827425,2000,70-74,70,74,2192
0827425,2000,75-79,75,79,1985
0827425,2000,80-84,80,84,1427
0827425,2000,85+,85,999,1374
0827425,2010,0-4,0,4,8251
0827425,2010,5-9,5,9,8097
0827425,2010,10-14,10,14,7645
0827425,2010,15-17,15,17,4637
0827425,2010,18-19,18,19,8436
0827425,2010,20-24,20,24,22429
0827425,2010,25-29,25,29,13613
0827425,2010,30-34,30,34,10682
0827425,2010,35-39,35,39,9416
0827425,2010,40-44,40,44,7974
0827425,2010,45-49,45,49,8308
0827425,2010,50-54,50,54,8534
0827425,2010,55-59,55,59,7486
0827425,2010,60-64,60,64,5838
0827425,2010,65-69,65,69,3820
0827425,2010,70-74,70,74,2624
0827425,2010,75-79,75,79,2169
0827425,2010,80-84,80,84,1844
0827425,2010,85+,85,999,2183
0827425,2020,0-4,0,4,7409
0827425,2020,5-9,5,9,8823
0827425,2020,10-14,10,14,9200
0827425,2020,15-17,15,17,5427
0827425,2020,18-19,18,19,9474
0827425,2020,20-24,20,24,22782
0827425,2020,25-29,25,29,16842
0827425,2020,30-34,30,34,13204
0827425,2020,35-39,35,39,11235
0827425,2020,40-44,40,44,10381
0827425,2020,45-49,45,49,9333
0827425,2020,50-54,50,54,7961
0827425,2020,55-59,55,59,7991
0827425,2020,60-64,60,64,8138
0827425,2020,65-69,65,69,7399
0827425,2020,70-74,70,74,5670
0827425,2020,75-79,75,79,3644
0827425,2020,80-84,80,84,2223
0827425,2020,85+,85,999,2674
0841835,1990,0-4,0,4,1563
0841835,1990,5-9,5,9,1477
0841835,1990,10-14,10,14,1053
0841835,1990,15-17,15,17,503
0841835,1990,18-19,18,19,276
0841835,1990,20-24,20,24,734
0841835,1990,25-29,25,29,1540
0841835,1990,30-34,30,34,2063
0841835,1990,35-39,35,39,1798
0841835,1990,40-44,40,44,1035
0841835,1990,45-49,45,49,629
0841835,1990,50-54,50,54,386
0841835,1990,55-59,55,59,369
0841835,1990,60-64,60,64,297
0841835,1990,65-69,65,69,273
0841835,1990,70-74,70,74,206
0841835,1990,75-79,75,79,180
0841835,1990,80-84,80,84,110
0841835,1990,85+,85,999,56
0841835,2000,0-4,0,4,1845
0841835,2000,5-9,5,9,1819
0841835,2000,10-14,10,14,1722
0841835,2000,15-17,15,17,988
0841835,2000,18-19,18,19,523
0841835,2000,20-24,20,24,1224
0841835,2000,25-29,25,29,1768
0841835,2000,30-34,30,34,2267
0841835,2000,35-39,35,39,2402
0841835,2000,40-44,40,44,2452
0841835,2000,45-49,45,49,2028
0841835,2000,50-54,50,54,1474
0841835,2000,55-59,55,59,826
0841835,2000,60-64,60,64,519
0841835,2000,65-69,65,69,455
0841835,2000,70-74,70,74,340
0841835,2000,75-79,75,79,270
0841835,2000,80-84,80,84,155
0841835,2000,85+,85,999,120
0841835,2010,0-4,0,4,1703
0841835,2010,5-9,5,9,1821
0841835,2010,10-14,10,14,1721
0841835,2010,15-17,15,17,978
0841835,2010,18-19,18,19,510
0841835,2010,20-24,20,24,1175
0841835,2010,25-29,25,29,1559
0841835,2010,30-34,30,34,1773
0841835,2010,35-39,35,39,1980
0841835,2010,40-44,40,44,1939
0841835,2010,45-49,45,49,2130
0841835,2010,50-54,50,54,2081
0841835,2010,55-59,55,59,1784
0841835,2010,60-64,60,64,1330
0841835,2010,65-69,65,69,782
0841835,2010,70-74,70,74,421
0841835,2010,75-79,75,79,347
0841835,2010,80-84,80,84,209
0841835,2010,85+,85,999,210
0841835,2020,0-4,0,4,1717
0841835,2020,5-9,5,9,1981
0841835,2020,10-14,10,14,2040
0841835,2020,15-17,15,17,1223
0841835,2020,18-19,18,19,587
0841835,2020,20-24,20,24,1492
0841835,2020,25-29,25,29,2042
0841835,2020,30-34,30,34,2274
0841835,2020,35-39,35,39,2408
0841835,2020,40-44,40,44,2235
0841835,2020,45-49,45,49,2065
0841835,2020,50-54,50,54,2098
0841835,2020,55-59,55,59,2010
0841835,2020,60-64,60,64,1902
0841835,2020,65-69,65,69,1673
0841835,2020,70-74,70,74,1199
0841835,2020,75-79,75,79,705
0841835,2020,80-84,80,84,355
0841835,2020,85+,85,999,405
0845970,1990,0-4,0,4,4420
0845970,1990,5-9,5,9,4374
0845970,1990,10-14,10,14,3785
0845970,1990,15-17,15,17,2129
0845970,1990,18-19,18,19,1274
0845970,1990,20-24,20,24,3206
0845970,1990,25-29,25,29,4574
0845970,1990,30-34,30,34,5168
0845970,1990,35-39,35,39,4738
0845970,1990,40-44,40,44,4142
0845970,1990,45-49,45,49,3021
0845970,1990,50-54,50,54,2258
0845970,1990,55-59,55,59,1785
0845970,1990,60-64,60,64,1574
0845970,1990,65-69,65,69,1411
0845970,1990,70-74,70,74,1266
0845970,1990,75-79,75,79,1073
0845970,1990,80-84,80,84,717
0845970,1990,85+,85,999,640
0845970,2000,0-4,0,4,5537
0845970,2000,5-9,5,9,5561
0845970,2000,10-14,10,14,5561
0845970,2000,15-17,15,17,3164
0845970,2000,18-19,18,19,1792
0845970,2000,20-24,20,24,4275
0845970,2000,25-29,25,29,5128
0845970,2000,30-34,30,34,5628
0845970,2000,35-39,35,39,6437
0845970,2000,40-44,40,44,6360
0845970,2000,45-49,45,49,5408
0845970,2000,50-54,50,54,4419
0845970,2000,55-59,55,59,3145
0845970,2000,60-64,60,64,2138
0845970,2000,65-69,65,69,1732
0845970,2000,70-74,70,74,1534
0845970,2000,75-79,75,79,1282
0845970,2000,80-84,80,84,1038
0845970,2000,85+,85,999,954
0845970,2010,0-4,0,4,6213
0845970,2010,5-9,5,9,6617
0845970,2010,10-14,10,14,6169
0845970,2010,15-17,15,17,3598
0845970,2010,18-19,18,19,1949
0845970,2010,20-24,20,24,4865
0845970,2010,25-29,25,29,5622
0845970,2010,30-34,30,34,6041
0845970,2010,35-39,35,39,6325
0845970,2010,40-44,40,44,6338
0845970,2010,45-49,45,49,6718
0845970,2010,50-54,50,54,6479
0845970,2010,55-59,55,59,5378
0845970,2010,60-64,60,64,4321
0845970,2010,65-69,65,69,3082
0845970,2010,70-74,70,74,2112
0845970,2010,75-79,75,79,1701
0845970,2010,80-84,80,84,1332
0845970,2010,85+,85,999,1410
0845970,2020,0-4,0,4,4999
0845970,2020,5-9,5,9,5674
0845970,2020,10-14,10,14,6591
0845970,2020,15-17,15,17,4096
0845970,2020,18-19,18,19,2286
0845970,2020,20-24,20,24,5672
0845970,2020,25-29,25,29,7151
0845970,2020,30-34,30,34,7379
0845970,2020,35-39,35,39,6912
0845970,2020,40-44,40,44,6731
0845970,2020,45-49,45,49,6394
0845970,2020,50-54,50,54,6330
0845970,2020,55-59,55,59,6415
0845970,2020,60-64,60,64,6221
0845970,2020,65-69,65,69,5341
0845970,2020,70-74,70,74,4292
0845970,2020,75-79,75,79,2850
0845970,2020,80-84,80,84,1817
0845970,2020,85+,85,999,1734
0846355,1990,0-4,0,4,1365
0846355,1990,5-9,5,9,1205
0846355,1990,10-14,10,14,866
0846355,1990,15-17,15,17,348
0846355,1990,18-19,18,19,179
0846355,1990,20-24,20,24,418
0846355,1990,25-29,25,29,1082
0846355,1990,30-34,30,34,1936
0846355,1990,35-39,35,39,1831
0846355,1990,40-44,40,44,1199
0846355,1990,45-49,45,49,565
0846355,1990,50-54,50,54,331
0846355,1990,55-59,55,59,252
0846355,1990,60-64,60,64,224
0846355,1990,65-69,65,69,176
0846355,1990,70-74,70,74,147
0846355,1990,75-79,75,79,109
0846355,1990,80-84,80,84,69
0846355,1990,85+,85,999,59
0846355,2000,0-4,0,4,1201
0846355,2000,5-9,5,9,1623
0846355,2000,10-14,10,14,1752
0846355,2000,15-17,15,17,863
0846355,2000,18-19,18,19,352
0846355,2000,20-24,20,24,844
0846355,2000,25-29,25,29,1143
0846355,2000,30-34,30,34,1383
0846355,2000,35-39,35,39,1879
0846355,2000,40-44,40,44,2331
0846355,2000,45-49,45,49,2036
0846355,2000,50-54,50,54,1320
0846355,2000,55-59,55,59,646
0846355,2000,60-64,60,64,402
0846355,2000,65-69,65,69,342
0846355,2000,70-74,70,74,272
0846355,2000,75-79,75,79,223
0846355,2000,80-84,80,84,177
0846355,2000,85+,85,999,148
0846355,2010,0-4,0,4,1074
0846355,2010,5-9,5,9,1223
0846355,2010,10-14,10,14,1311
0846355,2010,15-17,15,17,868
0846355,2010,18-19,18,19,353
0846355,2010,20-24,20,24,806
0846355,2010,25-29,25,29,891
0846355,2010,30-34,30,34,1061
0846355,2010,35-39,35,39,1343
0846355,2010,40-44,40,44,1403
0846355,2010,45-49,45,49,1706
0846355,2010,50-54,50,54,1907
0846355,2010,55-59,55,59,1587
0846355,2010,60-64,60,64,1015
0846355,2010,65-69,65,69,506
0846355,2010,70-74,70,74,357
0846355,2010,75-79,75,79,290
0846355,2010,80-84,80,84,293
0846355,2010,85+,85,999,382
0846355,2020,0-4,0,4,916
0846355,2020,5-9,5,9,1381
0846355,2020,10-14,10,14,1535
0846355,2020,15-17,15,17,864
0846355,2020,18-19,18,19,396
0846355,2020,20-24,20,24,917
0846355,2020,25-29,25,29,1194
0846355,2020,30-34,30,34,1209
0846355,2020,35-39,35,39,1407
0846355,2020,40-44,40,44,1531
0846355,2020,45-49,45,49,1628
0846355,2020,50-54,50,54,1502
0846355,2020,55-59,55,59,1510
0846355,2020,60-64,60,64,1606
0846355,2020,65-69,65,69,1370
0846355,2020,70-74,70,74,940
0846355,2020,75-79,75,79,486
0846355,2020,80-84,80,84,349
0846355,2020,85+,85,999,485
0875640,1990,0-4,0,4,22
0875640,1990,5-9,5,9,17
0875640,1990,10-14,10,14,20
0875640,1990,15-17,15,17,12
0875640,1990,18-19,18,19,4
0875640,1990,20-24,20,24,19
0875640,1990,25-29,25,29,28
0875640,1990,30-34,30,34,21
0875640,1990,35-39,35,39,27
0875640,1990,40-44,40,44,21
0875640,1990,45-49,45,49,21
0875640,1990,50-54,50,54,7
0875640,1990,55-59,55,59,9
0875640,1990,60-64,60,64,7
0875640,1990,65-69,65,69,6
0875640,1990,70-74,70,74,2
0875640,1990,75-79,75,79,4
0875640,1990,80-84,80,84,4
0875640,1990,85+,85,999,4
0875640,2000,0-4,0,4,842
0875640,2000,5-9,5,9,815
0875640,2000,10-14,10,14,681
0875640,2000,15-17,15,17,315
0875640,2000,18-19,18,19,138
0875640,2000,20-24,20,24,693
0875640,2000,25-29,25,29,872
0875640,2000,30-34,30,34,1038
0875640,2000,35-39,35,39,1157
0875640,2000,40-44,40,44,935
0875640,2000,45-49,45,49,668
0875640,2000,50-54,50,54,434
0875640,2000,55-59,55,59,209
0875640,2000,60-64,60,64,78
0875640,2000,65-69,65,69,56
0875640,2000,70-74,70,74,32
0875640,2000,75-79,75,79,30
0875640,2000,80-84,80,84,11
0875640,2000,85+,85,999,7
0875640,2010,0-4,0,4,867
0875640,2010,5-9,5,9,1182
0875640,2010,10-14,10,14,1251
0875640,2010,15-17,15,17,636
0875640,2010,18-19,18,19,241
0875640,2010,20-24,20,24,740
0875640,2010,25-29,25,29,904
0875640,2010,30-34,30,34,894
0875640,2010,35-39,35,39,1050
0875640,2010,40-44,40,44,1327
0875640,2010,45-49,45,49,1235
0875640,2010,50-54,50,54,901
0875640,2010,55-59,55,59,558
0875640,2010,60-64,60,64,310
0875640,2010,65-69,65,69,177
0875640,2010,70-74,70,74,113
0875640,2010,75-79,75,79,53
0875640,2010,80-84,80,84,24
0875640,2010,85+,85,999,20
0875640,2020,0-4,0,4,613
0875640,2020,5-9,5,9,870
0875640,2020,10-14,10,14,1138
0875640,2020,15-17,15,17,717
0875640,2020,18-19,18,19,328
0875640,2020,20-24,20,24,830
0875640,2020,25-29,25,29,861
0875640,2020,30-34,30,34,866
0875640,2020,35-39,35,39,929
0875640,2020,40-44,40,44,964
0875640,2020,45-49,45,49,1153
0875640,2020,50-54,50,54,1153
0875640,2020,55-59,55,59,1018
0875640,2020,60-64,60,64,669
0875640,2020,65-69,65,69,429
0875640,2020,70-74,70,74,293
0875640,2020,75-79,75,79,147
0875640,2020,80-84,80,84,76
0875640,2020,85+,85,999,40
0952000,1990,0-4,0,4,10221
0952000,1990,5-9,5,9,8705
0952000,1990,10-14,10,14,7762
0952000,1990,15-17,15,17,4248
0952000,1990,18-19,18,19,6266
0952000,1990,20-24,20,24,15896
0952000,1990,25-29,25,29,14345
0952000,1990,30-34,30,34,12004
0952000,1990,35-39,35,39,9174
0952000,1990,40-44,40,44,7475
0952000,1990,45-49,45,49,5643
0952000,1990,50-54,50,54,4410
0952000,1990,55-59,55,59,4062
0952000,1990,60-64,60,64,4196
0952000,1990,65-69,65,69,4401
0952000,1990,70-74,70,74,3963
0952000,1990,75-79,75,79,3506
0952000,1990,80-84,80,84,2232
0952000,1990,85+,85,999,1965
0952000,2000,0-4,0,4,8749
0952000,2000,5-9,5,9,9051
0952000,2000,10-14,10,14,8792
0952000,2000,15-17,15,17,4854
0952000,2000,18-19,18,19,6056
0952000,2000,20-24,20,24,14183
0952000,2000,25-29,25,29,11766
0952000,2000,30-34,30,34,10262
0952000,2000,35-39,35,39,8824
0952000,2000,40-44,40,44,7754
0952000,2000,45-49,45,49,6543
0952000,2000,50-54,50,54,6021
0952000,2000,55-59,55,59,4539
0952000,2000,60-64,60,64,3561
0952000,2000,65-69,65,69,3035
0952000,2000,70-74,70,74,2951
0952000,2000,75-79,75,79,2681
0952000,2000,80-84,80,84,2020
0952000,2000,85+,85,999,1984
0952000,2010,0-4,0,4,9150
0952000,2010,5-9,5,9,7865
0952000,2010,10-14,10,14,7650
0952000,2010,15-17,15,17,4917
0952000,2010,18-19,18,19,6369
0952000,2010,20-24,20,24,15378
0952000,2010,25-29,25,29,13710
0952000,2010,30-34,30,34,10947
0952000,2010,35-39,35,39,8386
0952000,2010,40-44,40,44,7902
0952000,2010,45-49,45,49,7570
0952000,2010,50-54,50,54,7001
0952000,2010,55-59,55,59,5866
0952000,2010,60-64,60,64,5072
0952000,2010,65-69,65,69,3737
0952000,2010,70-74,70,74,2709
0952000,2010,75-79,75,79,2040
0952000,2010,80-84,80,84,1716
0952000,2010,85+,85,999,1794
0952000,2020,0-4,0,4,7475
0952000,2020,5-9,5,9,8030
0952000,2020,10-14,10,14,8629
0952000,2020,15-17,15,17,4879
0952000,2020,18-19,18,19,6420
0952000,2020,20-24,20,24,14594
0952000,2020,25-29,25,29,13956
0952000,2020,30-34,30,34,12176
0952000,2020,35-39,35,39,9175
0952000,2020,40-44,40,44,8020
0952000,2020,45-49,45,49,6607
0952000,2020,50-54,50,54,6829
0952000,2020,55-59,55,59,6588
0952000,2020,60-64,60,64,6006
0952000,2020,65-69,65,69,4878
0952000,2020,70-74,70,74,3984
0952000,2020,75-79,75,79,2519
0952000,2020,80-84,80,84,1649
0952000,2020,85+,85,999,1609
1225175,1990,0-4,0,4,4997
1225175,1990,5-9,5,9,4780
1225175,1990,10-14,10,14,4251
1225175,1990,15-17,15,17,2570
1225175,1990,18-19,18,19,7861
1225175,1990,20-24,20,24,15249
1225175,1990,25-29,25,29,7835
1225175,1990,30-34,30,34,6763
1225175,1990,35-39,35,39,6112
1225175,1990,40-44,40,44,5228
1225175,1990,45-49,45,49,3495
1225175,1990,50-54,50,54,2643
1225175,1990,55-59,55,59,2463
1225175,1990,60-64,60,64,2544
1225175,1990,65-69,65,69,2604
1225175,1990,70-74,70,74,1963
1225175,1990,75-79,75,79,1566
1225175,1990,80-84,80,84,1033
1225175,1990,85+,85,999,813
1225175,2000,0-4,0,4,4357
1225175,2000,5-9,5,9,4608
1225175,2000,10-14,10,14,4900
1225175,2000,15-17,15,17,3085
1225175,2000,18-19,18,19,9332
1225175,2000,20-24,20,24,18692
1225175,2000,25-29,25,29,8349
1225175,2000,30-34,30,34,6007
1225175,2000,35-39,35,39,5568
1225175,2000,40-44,40,44,5541
1225175,2000,45-49,45,49,5311
1225175,2000,50-54,50,54,4708
1225175,2000,55-59,55,59,3202
1225175,2000,60-64,60,64,2452
1225175,2000,65-69,65,69,2309
1225175,2000,70-74,70,74,2231
1225175,2000,75-79,75,79,2069
1225175,2000,80-84,80,84,1480
1225175,2000,85+,85,999,1246
1225175,2010,0-4,0,4,5504
1225175,2010,5-9,5,9,4301
1225175,2010,10-14,10,14,4050
1225175,2010,15-17,15,17,2757
1225175,2010,18-19,18,19,12349
1225175,2010,20-24,20,24,33450
1225175,2010,25-29,25,29,13400
1225175,2010,30-34,30,34,7649
1225175,2010,35-39,35,39,5317
1225175,2010,40-44,40,44,4753
1225175,2010,45-49,45,49,5075
1225175,2010,50-54,50,54,5450
1225175,2010,55-59,55,59,5484
1225175,2010,60-64,60,64,4476
1225175,2010,65-69,65,69,2951
1225175,2010,70-74,70,74,2203
1225175,2010,75-79,75,79,1859
1225175,2010,80-84,80,84,1660
1225175,2010,85+,85,999,1666
1225175,2020,0-4,0,4,6230
1225175,2020,5-9,5,9,5614
1225175,2020,10-14,10,14,5082
1225175,2020,15-17,15,17,2971
1225175,2020,18-19,18,19,11170
1225175,2020,20-24,20,24,33600
1225175,2020,25-29,25,29,16087
1225175,2020,30-34,30,34,10565
1225175,2020,35-39,35,39,7370
1225175,2020,40-44,40,44,5705
1225175,2020,45-49,45,49,4946
1225175,2020,50-54,50,54,4832
1225175,2020,55-59,55,59,5422
1225175,2020,60-64,60,64,5646
1225175,2020,65-69,65,69,5258
1225175,2020,70-74,70,74,4201
1225175,2020,75-79,75,79,2676
1225175,2020,80-84,80,84,1751
1225175,2020,85+,85,999,1959
1724582,1990,0-4,0,4,4284
1724582,1990,5-9,5,9,3697
1724582,1990,10-14,10,14,3323
1724582,1990,15-17,15,17,2062
1724582,1990,18-19,18,19,4157
1724582,1990,20-24,20,24,8881
1724582,1990,25-29,25,29,7621
1724582,1990,30-34,30,34,6810
1724582,1990,35-39,35,39,5947
1724582,1990,40-44,40,44,5027
1724582,1990,45-49,45,49,4064
1724582,1990,50-54,50,54,2997
1724582,1990,55-59,55,59,2571
1724582,1990,60-64,60,64,2735
1724582,1990,65-69,65,69,2290
1724582,1990,70-74,70,74,2002
1724582,1990,75-79,75,79,1707
1724582,1990,80-84,80,84,1394
1724582,1990,85+,85,999,1664
1724582,2000,0-4,0,4,4315
1724582,2000,5-9,5,9,4216
1724582,2000,10-14,10,14,4069
1724582,2000,15-17,15,17,2401
1724582,2000,18-19,18,19,4305
1724582,2000,20-24,20,24,7846
1724582,2000,25-29,25,29,6643
1724582,2000,30-34,30,34,6188
1724582,2000,35-39,35,39,5548
1724582,2000,40-44,40,44,5377
1724582,2000,45-49,45,49,5027
1724582,2000,50-54,50,54,4454
1724582,2000,55-59,55,59,3456
1724582,2000,60-64,60,64,2380
1724582,2000,65-69,65,69,1901
1724582,2000,70-74,70,74,1850
1724582,2000,75-79,75,79,1509
1724582,2000,80-84,80,84,1292
1724582,2000,85+,85,999,1462
1724582,2010,0-4,0,4,4285
1724582,2010,5-9,5,9,4106
1724582,2010,10-14,10,14,3706
1724582,2010,15-17,15,17,2263
1724582,2010,18-19,18,19,4068
1724582,2010,20-24,20,24,8393
1724582,2010,25-29,25,29,5906
1724582,2010,30-34,30,34,5147
1724582,2010,35-39,35,39,4890
1724582,2010,40-44,40,44,4787
1724582,2010,45-49,45,49,4693
1724582,2010,50-54,50,54,4813
1724582,2010,55-59,55,59,4567
1724582,2010,60-64,60,64,3777
1724582,2010,65-69,65,69,2770
1724582,2010,70-74,70,74,1767
1724582,2010,75-79,75,79,1440
1724582,2010,80-84,80,84,1369
1724582,2010,85+,85,999,1739
1724582,2020,0-4,0,4,3365
1724582,2020,5-9,5,9,3890
1724582,2020,10-14,10,14,4400
1724582,2020,15-17,15,17,2751
1724582,2020,18-19,18,19,4200
1724582,2020,20-24,20,24,8420
1724582,2020,25-29,25,29,5814
1724582,2020,30-34,30,34,4870
1724582,2020,35-39,35,39,4450
1724582,2020,40-44,40,44,4455
1724582,2020,45-49,45,49,4731
1724582,2020,50-54,50,54,4733
1724582,2020,55-59,55,59,4632
1724582,2020,60-64,60,64,4507
1724582,2020,65-69,65,69,4008
1724582,2020,70-74,70,74,3305
1724582,2020,75-79,75,79,2327
1724582,2020,80-84,80,84,1396
1724582,2020,85+,85,999,1856
1805860,1990,0-4,0,4,2462
1805860,1990,5-9,5,9,2195
1805860,1990,10-14,10,14,1944
1805860,1990,15-17,15,17,1044
1805860,1990,18-19,18,19,9105
1805860,1990,20-24,20,24,18226
1805860,1990,25-29,25,29,6014
1805860,1990,30-34,30,34,3940
1805860,1990,35-39,35,39,3113
1805860,1990,40-44,40,44,2524
1805860,1990,45-49,45,49,1804
1805860,1990,50-54,50,54,1421
1805860,1990,55-59,55,59,1273
1805860,1990,60-64,60,64,1372
1805860,1990,65-69,65,69,1330
1805860,1990,70-74,70,74,988
1805860,1990,75-79,75,79,806
1805860,1990,80-84,80,84,625
1805860,1990,85+,85,999,447
1805860,2000,0-4,0,4,2859
1805860,2000,5-9,5,9,2355
1805860,2000,10-14,10,14,2151
1805860,2000,15-17,15,17,1423
1805860,2000,18-19,18,19,9481
1805860,2000,20-24,20,24,19810
1805860,2000,25-29,25,29,6421
1805860,2000,30-34,30,34,4239
1805860,2000,35-39,35,39,3373
1805860,2000,40-44,40,44,2994
1805860,2000,45-49,45,49,2932
1805860,2000,50-54,50,54,2535
1805860,2000,55-59,55,59,1831
1805860,2000,60-64,60,64,1431
1805860,2000,65-69,65,69,1314
1805860,2000,70-74,70,74,1350
1805860,2000,75-79,75,79,1280
1805860,2000,80-84,80,84,784
1805860,2000,85+,85,999,728
1805860,2010,0-4,0,4,3116
1805860,2010,5-9,5,9,2535
1805860,2010,10-14,10,14,2218
1805860,2010,15-17,15,17,1279
1805860,2010,18-19,18,19,10093
1805860,2010,20-24,20,24,25610
1805860,2010,25-29,25,29,7868
1805860,2010,30-34,30,34,4674
1805860,2010,35-39,35,39,3165
1805860,2010,40-44,40,44,2803
1805860,2010,45-49,45,49,2779
1805860,2010,50-54,50,54,2783
1805860,2010,55-59,55,59,2764
1805860,2010,60-64,60,64,2333
1805860,2010,65-69,65,69,1640
1805860,2010,70-74,70,74,1264
1805860,2010,75-79,75,79,1147
1805860,2010,80-84,80,84,1074
1805860,2010,85+,85,999,1260
1805860,2020,0-4,0,4,3008
1805860,2020,5-9,5,9,2909
1805860,2020,10-14,10,14,2759
1805860,2020,15-17,15,17,1577
1805860,2020,18-19,18,19,10293
1805860,2020,20-24,20,24,18765
1805860,2020,25-29,25,29,7822
1805860,2020,30-34,30,34,5242
1805860,2020,35-39,35,39,3964
1805860,2020,40-44,40,44,3168
1805860,2020,45-49,45,49,2714
1805860,2020,50-54,50,54,2741
1805860,2020,55-59,55,59,2772
1805860,2020,60-64,60,64,2658
1805860,2020,65-69,65,69,2727
1805860,2020,70-74,70,74,2196
1805860,2020,75-79,75,79,1489
1805860,2020,80-84,80,84,1078
1805860,2020,85+,85,999,1286
1938595,1990,0-4,0,4,3317
1938595,1990,5-9,5,9,2983
1938595,1990,10-14,10,14,2441
1938595,1990,15-17,15,17,1334
1938595,1990,18-19,18,19,5425
1938595,1990,20-24,20,24,14716
1938595,1990,25-29,25,29,6638
1938595,1990,30-34,30,34,5044
1938595,1990,35-39,35,39,4289
1938595,1990,40-44,40,44,3334
1938595,1990,45-49,45,49,2163
1938595,1990,50-54,50,54,1531
1938595,1990,55-59,55,59,1332
1938595,1990,60-64,60,64,1268
1938595,1990,65-69,65,69,1171
1938595,1990,70-74,70,74,930
1938595,1990,75-79,75,79,769
1938595,1990,80-84,80,84,574
1938595,1990,85+,85,999,479
1938595,2000,0-4,0,4,2861
1938595,2000,5-9,5,9,2697
1938595,2000,10-14,10,14,2802
1938595,2000,15-17,15,17,1693
1938595,2000,18-19,18,19,5566
1938595,2000,20-24,20,24,14872
1938595,2000,25-29,25,29,6005
1938595,2000,30-34,30,34,4213
1938595,2000,35-39,35,39,3601
1938595,2000,40-44,40,44,3669
1938595,2000,45-49,45,49,3653
1938595,2000,50-54,50,54,2966
1938595,2000,55-59,55,59,1917
1938595,2000,60-64,60,64,1330
1938595,2000,65-69,65,69,1142
1938595,2000,70-74,70,74,1062
1938595,2000,75-79,75,79,897
1938595,2000,80-84,80,84,656
1938595,2000,85+,85,999,618
1938595,2010,0-4,0,4,3204
1938595,2010,5-9,5,9,2799
1938595,2010,10-14,10,14,2566
1938595,2010,15-17,15,17,1541
1938595,2010,18-19,18,19,5997
1938595,2010,20-24,20,24,16711
1938595,2010,25-29,25,29,6958
1938595,2010,30-34,30,34,4225
1938595,2010,35-39,35,39,3280
1938595,2010,40-44,40,44,3007
1938595,2010,45-49,45,49,2931
1938595,2010,50-54,50,54,3230
1938595,2010,55-59,55,59,3315
1938595,2010,60-64,60,64,2563
1938595,2010,65-69,65,69,1629
1938595,2010,70-74,70,74,1161
1938595,2010,75-79,75,79,954
1938595,2010,80-84,80,84,863
1938595,2010,85+,85,999,928
1938595,2020,0-4,0,4,3516
1938595,2020,5-9,5,9,3381
1938595,2020,10-14,10,14,3112
1938595,2020,15-17,15,17,1814
1938595,2020,18-19,18,19,3883
1938595,2020,20-24,20,24,18178
1938595,2020,25-29,25,29,7280
1938595,2020,30-34,30,34,5132
1938595,2020,35-39,35,39,4258
1938595,2020,40-44,40,44,3588
1938595,2020,45-49,45,49,3007
1938595,2020,50-54,50,54,3023
1938595,2020,55-59,55,59,2864
1938595,2020,60-64,60,64,3146
1938595,2020,65-69,65,69,3004
1938595,2020,70-74,70,74,2322
1938595,2020,75-79,75,79,1420
1938595,2020,80-84,80,84,904
1938595,2020,85+,85,999,996
2205000,1990,0-4,0,4,15665
2205000,1990,5-9,5,9,15852
2205000,1990,10-14,10,14,14721
2205000,1990,15-17,15,17,8539
2205000,1990,18-19,18,19,11220
2205000,1990,20-24,20,24,24934
2205000,1990,25-29,25,29,18734
2205000,1990,30-34,30,34,17335
2205000,1990,35-39,35,39,15880
2205000,1990,40-44,40,44,14167
2205000,1990,45-49,45,49,11013
2205000,1990,50-54,50,54,9095
2205000,1990,55-59,55,59,8374
2205000,1990,60-64,60,64,8841
2205000,1990,65-69,65,69,8665
2205000,1990,70-74,70,74,6490
2205000,1990,75-79,75,79,4655
2205000,1990,80-84,80,84,2995
2205000,1990,85+,85,999,2356
2205000,2000,0-4,0,4,15502
2205000,2000,5-9,5,9,15609
2205000,2000,10-14,10,14,15248
2205000,2000,15-17,15,17,9338
2205000,2000,18-19,18,19,12616
2205000,2000,20-24,20,24,27230
2205000,2000,25-29,25,29,17146
2205000,2000,30-34,30,34,14573
2205000,2000,35-39,35,39,15072
2205000,2000,40-44,40,44,15271
2205000,2000,45-49,45,49,14440
2205000,2000,50-54,50,54,12726
2205000,2000,55-59,55,59,9495
2205000,2000,60-64,60,64,7490
2205000,2000,65-69,65,69,6617
2205000,2000,70-74,70,74,6695
2205000,2000,75-79,75,79,5800
2205000,2000,80-84,80,84,3811
2205000,2000,85+,85,999,3139
2205000,2010,0-4,0,4,14992
2205000,2010,5-9,5,9,13958
2205000,2010,10-14,10,14,13875
2205000,2010,15-17,15,17,8681
2205000,2010,18-19,18,19,10865
2205000,2010,20-24,20,24,29087
2205000,2010,25-29,25,29,20856
2205000,2010,30-34,30,34,14944
2205000,2010,35-39,35,39,12489
2205000,2010,40-44,40,44,12123
2205000,2010,45-49,45,49,13766
2205000,2010,50-54,50,54,14134
2205000,2010,55-59,55,59,13149
2205000,2010,60-64,60,64,10802
2205000,2010,65-69,65,69,7615
2205000,2010,70-74,70,74,5720
2205000,2010,75-79,75,79,4589
2205000,2010,80-84,80,84,3956
2205000,2010,85+,85,999,3892
2205000,2020,0-4,0,4,13377
2205000,2020,5-9,5,9,13006
2205000,2020,10-14,10,14,13040
2205000,2020,15-17,15,17,7807
2205000,2020,18-19,18,19,13373
2205000,2020,20-24,20,24,25838
2205000,2020,25-29,25,29,18765
2205000,2020,30-34,30,34,15754
2205000,2020,35-39,35,39,14226
2205000,2020,40-44,40,44,12125
2205000,2020,45-49,45,49,10923
2205000,2020,50-54,50,54,11356
2205000,2020,55-59,55,59,12535
2205000,2020,60-64,60,64,12656
2205000,2020,65-69,65,69,11120
2205000,2020,70-74,70,74,8506
2205000,2020,75-79,75,79,5566
2205000,2020,80-84,80,84,3634
2205000,2020,85+,85,999,3863
2511000,1990,0-4,0,4,4759
2511000,1990,5-9,5,9,3579
2511000,1990,10-14,10,14,3125
2511000,1990,15-17,15,17,2149
2511000,1990,18-19,18,19,5320
2511000,1990,20-24,20,24,13677
2511000,1990,25-29,25,29,12852
2511000,1990,30-34,30,34,11013
2511000,1990,35-39,35,39,8576
2511000,1990,40-44,40,44,6854
2511000,1990,45-49,45,49,4652
2511000,1990,50-54,50,54,3246
2511000,1990,55-59,55,59,2879
2511000,1990,60-64,60,64,3050
2511000,1990,65-69,65,69,2941
2511000,1990,70-74,70,74,2428
2511000,1990,75-79,75,79,1933
2511000,1990,80-84,80,84,1469
2511000,1990,85+,85,999,1300
2511000,2000,0-4,0,4,4125
2511000,2000,5-9,5,9,3602
2511000,2000,10-14,10,14,3664
2511000,2000,15-17,15,17,2056
2511000,2000,18-19,18,19,5382
2511000,2000,20-24,20,24,16090
2511000,2000,25-29,25,29,14721
2511000,2000,30-34,30,34,10481
2511000,2000,35-39,35,39,7486
2511000,2000,40-44,40,44,6456
2511000,2000,45-49,45,49,5752
2511000,2000,50-54,50,54,5392
2511000,2000,55-59,55,59,4013
2511000,2000,60-64,60,64,2853
2511000,2000,65-69,65,69,2403
2511000,2000,70-74,70,74,2284
2511000,2000,75-79,75,79,1985
2511000,2000,80-84,80,84,1377
2511000,2000,85+,85,999,1233
2511000,2010,0-4,0,4,4526
2511000,2010,5-9,5,9,3075
2511000,2010,10-14,10,14,2723
2511000,2010,15-17,15,17,1704
2511000,2010,18-19,18,19,5279
2511000,2010,20-24,20,24,16576
2511000,2010,25-29,25,29,17986
2511000,2010,30-34,30,34,12180
2511000,2010,35-39,35,39,7307
2511000,2010,40-44,40,44,5236
2511000,2010,45-49,45,49,4626
2511000,2010,50-54,50,54,4712
2511000,2010,55-59,55,59,4702
2511000,2010,60-64,60,64,4542
2511000,2010,65-69,65,69,3328
2511000,2010,70-74,70,74,2168
2511000,2010,75-79,75,79,1746
2511000,2010,80-84,80,84,1341
2511000,2010,85+,85,999,1405
2511000,2020,0-4,0,4,4656
2511000,2020,5-9,5,9,3864
2511000,2020,10-14,10,14,3285
2511000,2020,15-17,15,17,2058
2511000,2020,18-19,18,19,5248
2511000,2020,20-24,20,24,17535
2511000,2020,25-29,25,29,20275
2511000,2020,30-34,30,34,14454
2511000,2020,35-39,35,39,8542
2511000,2020,40-44,40,44,5745
2511000,2020,45-49,45,49,4838
2511000,2020,50-54,50,54,4512
2511000,2020,55-59,55,59,4476
2511000,2020,60-64,60,64,4662
2511000,2020,65-69,65,69,4372
2511000,2020,70-74,70,74,3979
2511000,2020,75-79,75,79,2685
2511000,2020,80-84,80,84,1613
2511000,2020,85+,85,999,1604
2603000,1990,0-4,0,4,6357
2603000,1990,5-9,5,9,5378
2603000,1990,10-14,10,14,4533
2603000,1990,15-17,15,17,2643
2603000,1990,18-19,18,19,8818
2603000,1990,20-24,20,24,21120
2603000,1990,25-29,25,29,12768
2603000,1990,30-34,30,34,9956
2603000,1990,35-39,35,39,8691
2603000,1990,40-44,40,44,7238
2603000,1990,45-49,45,49,4972
2603000,1990,50-54,50,54,3410
2603000,1990,55-59,55,59,3058
2603000,1990,60-64,60,64,2769
2603000,1990,65-69,65,69,2508
2603000,1990,70-74,70,74,1851
2603000,1990,75-79,75,79,1514
2603000,1990,80-84,80,84,1018
2603000,1990,85+,85,999,990
2603000,2000,0-4,0,4,5744
2603000,2000,5-9,5,9,5205
2603000,2000,10-14,10,14,5129
2603000,2000,15-17,15,17,3031
2603000,2000,18-19,18,19,9617
2603000,2000,20-24,20,24,20918
2603000,2000,25-29,25,29,11599
2603000,2000,30-34,30,34,9224
2603000,2000,35-39,35,39,7750
2603000,2000,40-44,40,44,7021
2603000,2000,45-49,45,49,6945
2603000,2000,50-54,50,54,5937
2603000,2000,55-59,55,59,4065
2603000,2000,60-64,60,64,2822
2603000,2000,65-69,65,69,2450
2603000,2000,70-74,70,74,2233
2603000,2000,75-79,75,79,1920
2603000,2000,80-84,80,84,1257
2603000,2000,85+,85,999,1157
2603000,2010,0-4,0,4,4868
2603000,2010,5-9,5,9,4531
2603000,2010,10-14,10,14,4284
2603000,2010,15-17,15,17,2699
2603000,2010,18-19,18,19,10447
2603000,2010,20-24,20,24,23091
2603000,2010,25-29,25,29,12112
2603000,2010,30-34,30,34,8166
2603000,2010,35-39,35,39,5888
2603000,2010,40-44,40,44,5466
2603000,2010,45-49,45,49,5669
2603000,2010,50-54,50,54,5650
2603000,2010,55-59,55,59,5667
2603000,2010,60-64,60,64,4784
2603000,2010,65-69,65,69,3280
2603000,2010,70-74,70,74,2176
2603000,2010,75-79,75,79,1906
2603000,2010,80-84,80,84,1633
2603000,2010,85+,85,999,1617
2603000,2020,0-4,0,4,4866
2603000,2020,5-9,5,9,4655
2603000,2020,10-14,10,14,4253
2603000,2020,15-17,15,17,3075
2603000,2020,18-19,18,19,7259
2603000,2020,20-24,20,24,28963
2603000,2020,25-29,25,29,14194
2603000,2020,30-34,30,34,9334
2603000,2020,35-39,35,39,6730
2603000,2020,40-44,40,44,5244
2603000,2020,45-49,45,49,4809
2603000,2020,50-54,50,54,4874
2603000,2020,55-59,55,59,5022
2603000,2020,60-64,60,64,4920
2603000,2020,65-69,65,69,4987
2603000,2020,70-74,70,74,4123
2603000,2020,75-79,75,79,2756
2603000,2020,80-84,80,84,1736
2603000,2020,85+,85,999,2051
2754880,1990,0-4,0,4,6129
2754880,1990,5-9,5,9,5496
2754880,1990,10-14,10,14,4454
2754880,1990,15-17,15,17,2304
2754880,1990,18-19,18,19,1838
2754880,1990,20-24,20,24,5151
2754880,1990,25-29,25,29,7594
2754880,1990,30-34,30,34,7775
2754880,1990,35-39,35,39,5980
2754880,1990,40-44,40,44,4706
2754880,1990,45-49,45,49,3675
2754880,1990,50-54,50,54,3015
2754880,1990,55-59,55,59,2607
2754880,1990,60-64,60,64,2271
2754880,1990,65-69,65,69,2083
2754880,1990,70-74,70,74,1762
2754880,1990,75-79,75,79,1512
2754880,1990,80-84,80,84,1155
2754880,1990,85+,85,999,1238
2754880,2000,0-4,0,4,6401
2754880,2000,5-9,5,9,5939
2754880,2000,10-14,10,14,6195
2754880,2000,15-17,15,17,3577
2754880,2000,18-19,18,19,2065
2754880,2000,20-24,20,24,5765
2754880,2000,25-29,25,29,6932
2754880,2000,30-34,30,34,6959
2754880,2000,35-39,35,39,7448
2754880,2000,40-44,40,44,7286
2754880,2000,45-49,45,49,5913
2754880,2000,50-54,50,54,4841
2754880,2000,55-59,55,59,3675
2754880,2000,60-64,60,64,2959
2754880,2000,65-69,65,69,2488
2754880,2000,70-74,70,74,2198
2754880,2000,75-79,75,79,1985
2754880,2000,80-84,80,84,1558
2754880,2000,85+,85,999,1622
2754880,2010,0-4,0,4,8433
2754880,2010,5-9,5,9,7585
2754880,2010,10-14,10,14,6590
2754880,2010,15-17,15,17,3862
2754880,2010,18-19,18,19,2236
2754880,2010,20-24,20,24,6609
2754880,2010,25-29,25,29,9527
2754880,2010,30-34,30,34,8553
2754880,2010,35-39,35,39,6867
2754880,2010,40-44,40,44,6558
2754880,2010,45-49,45,49,7471
2754880,2010,50-54,50,54,7636
2754880,2010,55-59,55,59,6355
2754880,2010,60-64,60,64,4880
2754880,2010,65-69,65,69,3783
2754880,2010,70-74,70,74,2990
2754880,2010,75-79,75,79,2445
2754880,2010,80-84,80,84,2093
2754880,2010,85+,85,999,2296
2754880,2020,0-4,0,4,7876
2754880,2020,5-9,5,9,7722
2754880,2020,10-14,10,14,7747
2754880,2020,15-17,15,17,4509
2754880,2020,18-19,18,19,2584
2754880,2020,20-24,20,24,8041
2754880,2020,25-29,25,29,10156
2754880,2020,30-34,30,34,10039
2754880,2020,35-39,35,39,8897
2754880,2020,40-44,40,44,7373
2754880,2020,45-49,45,49,6331
2754880,2020,50-54,50,54,6468
2754880,2020,55-59,55,59,7200
2754880,2020,60-64,60,64,7260
2754880,2020,65-69,65,69,5839
2754880,2020,70-74,70,74,4521
2754880,2020,75-79,75,79,3461
2754880,2020,80-84,80,84,2549
2754880,2020,85+,85,999,2822
3673000,1990,0-4,0,4,12757
3673000,1990,5-9,5,9,10537
3673000,1990,10-14,10,14,8908
3673000,1990,15-17,15,17,4878
3673000,1990,18-19,18,19,8756
3673000,1990,20-24,20,24,20108
3673000,1990,25-29,25,29,16141
3673000,1990,30-34,30,34,13822
3673000,1990,35-39,35,39,10996
3673000,1990,40-44,40,44,8917
3673000,1990,45-49,45,49,6523
3673000,1990,50-54,50,54,5493
3673000,1990,55-59,55,59,5512
3673000,1990,60-64,60,64,6118
3673000,1990,65-69,65,69,6539
3673000,1990,70-74,70,74,5902
3673000,1990,75-79,75,79,4947
3673000,1990,80-84,80,84,3679
3673000,1990,85+,85,999,3327
3673000,2000,0-4,0,4,10209
3673000,2000,5-9,5,9,10929
3673000,2000,10-14,10,14,10129
3673000,2000,15-17,15,17,5518
3673000,2000,18-19,18,19,7838
3673000,2000,20-24,20,24,16874
3673000,2000,25-29,25,29,11126
3673000,2000,30-34,30,34,10223
3673000,2000,35-39,35,39,10078
3673000,2000,40-44,40,44,9717
3673000,2000,45-49,45,49,8747
3673000,2000,50-54,50,54,7387
3673000,2000,55-59,55,59,5358
3673000,2000,60-64,60,64,4225
3673000,2000,65-69,65,69,4164
3673000,2000,70-74,70,74,4343
3673000,2000,75-79,75,79,4183
3673000,2000,80-84,80,84,3344
3673000,2000,85+,85,999,2914
3673000,2010,0-4,0,4,10217
3673000,2010,5-9,5,9,8998
3673000,2010,10-14,10,14,8480
3673000,2010,15-17,15,17,5738
3673000,2010,18-19,18,19,8469
3673000,2010,20-24,20,24,19237
3673000,2010,25-29,25,29,12256
3673000,2010,30-34,30,34,9289
3673000,2010,35-39,35,39,7671
3673000,2010,40-44,40,44,7933
3673000,2010,45-49,45,49,8760
3673000,2010,50-54,50,54,8734
3673000,2010,55-59,55,59,7873
3673000,2010,60-64,60,64,6175
3673000,2010,65-69,65,69,4179
3673000,2010,70-74,70,74,2971
3673000,2010,75-79,75,79,2671
3673000,2010,80-84,80,84,2443
3673000,2010,85+,85,999,3076
3673000,2020,0-4,0,4,9136
3673000,2020,5-9,5,9,8926
3673000,2020,10-14,10,14,8640
3673000,2020,15-17,15,17,4981
3673000,2020,18-19,18,19,8849
3673000,2020,20-24,20,24,18445
3673000,2020,25-29,25,29,13418
3673000,2020,30-34,30,34,10890
3673000,2020,35-39,35,39,8746
3673000,2020,40-44,40,44,7187
3673000,2020,45-49,45,49,6650
3673000,2020,50-54,50,54,7390
3673000,2020,55-59,55,59,8108
3673000,2020,60-64,60,64,7942
3673000,2020,65-69,65,69,6429
3673000,2020,70-74,70,74,4700
3673000,2020,75-79,75,79,2865
3673000,2020,80-84,80,84,2061
3673000,2020,85+,85,999,3257
3711800,1990,0-4,0,4,1598
3711800,1990,5-9,5,9,1578
3711800,1990,10-14,10,14,1403
3711800,1990,15-17,15,17,869
3711800,1990,18-19,18,19,4878
3711800,1990,20-24,20,24,9160
3711800,1990,25-29,25,29,4152
3711800,1990,30-34,30,34,2587
3711800,1990,35-39,35,39,2351
3711800,1990,40-44,40,44,2129
3711800,1990,45-49,45,49,1624
3711800,1990,50-54,50,54,1129
3711800,1990,55-59,55,59,1022
3711800,1990,60-64,60,64,909
3711800,1990,65-69,65,69,981
3711800,1990,70-74,70,74,822
3711800,1990,75-79,75,79,637
3711800,1990,80-84,80,84,477
3711800,1990,85+,85,999,413
3711800,2000,0-4,0,4,1754
3711800,2000,5-9,5,9,2067
3711800,2000,10-14,10,14,2236
3711800,2000,15-17,15,17,1289
3711800,2000,18-19,18,19,6587
3711800,2000,20-24,20,24,11469
3711800,2000,25-29,25,29,4099
3711800,2000,30-34,30,34,2835
3711800,2000,35-39,35,39,2448
3711800,2000,40-44,40,44,2544
3711800,2000,45-49,45,49,2623
3711800,2000,50-54,50,54,2179
3711800,2000,55-59,55,59,1570
3711800,2000,60-64,60,64,1094
3711800,2000,65-69,65,69,976
3711800,2000,70-74,70,74,921
3711800,2000,75-79,75,79,898
3711800,2000,80-84,80,84,584
3711800,2000,85+,85,999,542
3711800,2010,0-4,0,4,2391
3711800,2010,5-9,5,9,2909
3711800,2010,10-14,10,14,2896
3711800,2010,15-17,15,17,1749
3711800,2010,18-19,18,19,5944
3711800,2010,20-24,20,24,12065
3711800,2010,25-29,25,29,4410
3711800,2010,30-34,30,34,3069
3711800,2010,35-39,35,39,2823
3711800,2010,40-44,40,44,3199
3711800,2010,45-49,45,49,3016
3711800,2010,50-54,50,54,2911
3711800,2010,55-59,55,59,2518
3711800,2010,60-64,60,64,2052
3711800,2010,65-69,65,69,1553
3711800,2010,70-74,70,74,1085
3711800,2010,75-79,75,79,950
3711800,2010,80-84,80,84,803
3711800,2010,85+,85,999,890
3711800,2020,0-4,0,4,2058
3711800,2020,5-9,5,9,2824
3711800,2020,10-14,10,14,3089
3711800,2020,15-17,15,17,1963
3711800,2020,18-19,18,19,6716
3711800,2020,20-24,20,24,12749
3711800,2020,25-29,25,29,4662
3711800,2020,30-34,30,34,3326
3711800,2020,35-39,35,39,2898
3711800,2020,40-44,40,44,2850
3711800,2020,45-49,45,49,2889
3711800,2020,50-54,50,54,3083
3711800,2020,55-59,55,59,2663
3711800,2020,60-64,60,64,2363
3711800,2020,65-69,65,69,2294
3711800,2020,70-74,70,74,2022
3711800,2020,75-79,75,79,1490
3711800,2020,80-84,80,84,963
3711800,2020,85+,85,999,1058
3719000,1990,0-4,0,4,9977
3719000,1990,5-9,5,9,8230
3719000,1990,10-14,10,14,7447
3719000,1990,15-17,15,17,4379
3719000,1990,18-19,18,19,6040
3719000,1990,20-24,20,24,14943
3719000,1990,25-29,25,29,15423
3719000,1990,30-34,30,34,13955
3719000,1990,35-39,35,39,11855
3719000,1990,40-44,40,44,9248
3719000,1990,45-49,45,49,6141
3719000,1990,50-54,50,54,4555
3719000,1990,55-59,55,59,4306
3719000,1990,60-64,60,64,4669
3719000,1990,65-69,65,69,4699
3719000,1990,70-74,70,74,3831
3719000,1990,75-79,75,79,3128
3719000,1990,80-84,80,84,2108
3719000,1990,85+,85,999,1677
3719000,2000,0-4,0,4,13419
3719000,2000,5-9,5,9,12289
3719000,2000,10-14,10,14,11194
3719000,2000,15-17,15,17,5988
3719000,2000,18-19,18,19,6852
3719000,2000,20-24,20,24,19439
3719000,2000,25-29,25,29,20096
3719000,2000,30-34,30,34,17506
3719000,2000,35-39,35,39,15445
3719000,2000,40-44,40,44,13629
3719000,2000,45-49,45,49,11993
3719000,2000,50-54,50,54,10058
3719000,2000,55-59,55,59,6710
3719000,2000,60-64,60,64,5002
3719000,2000,65-69,65,69,4358
3719000,2000,70-74,70,74,4190
3719000,2000,75-79,75,79,3841
3719000,2000,80-84,80,84,2656
3719000,2000,85+,85,999,2370
3719000,2010,0-4,0,4,17583
3719000,2010,5-9,5,9,14305
3719000,2010,10-14,10,14,12492
3719000,2010,15-17,15,17,7515
3719000,2010,18-19,18,19,8239
3719000,2010,20-24,20,24,21370
3719000,2010,25-29,25,29,23144
3719000,2010,30-34,30,34,21248
3719000,2010,35-39,35,39,17675
3719000,2010,40-44,40,44,14845
3719000,2010,45-49,45,49,14320
3719000,2010,50-54,50,54,13419
3719000,2010,55-59,55,59,12209
3719000,2010,60-64,60,64,9820
3719000,2010,65-69,65,69,6347
3719000,2010,70-74,70,74,4266
3719000,2010,75-79,75,79,3414
3719000,2010,80-84,80,84,2927
3719000,2010,85+,85,999,3192
3719000,2020,0-4,0,4,17110
3719000,2020,5-9,5,9,15941
3719000,2020,10-14,10,14,15771
3719000,2020,15-17,15,17,8811
3719000,2020,18-19,18,19,9385
3719000,2020,20-24,20,24,22922
3719000,2020,25-29,25,29,29557
3719000,2020,30-34,30,34,27501
3719000,2020,35-39,35,39,21447
3719000,2020,40-44,40,44,17878
3719000,2020,45-49,45,49,16345
3719000,2020,50-54,50,54,15063
3719000,2020,55-59,55,59,15135
3719000,2020,60-64,60,64,14474
3719000,2020,65-69,65,69,12702
3719000,2020,70-74,70,74,10075
3719000,2020,75-79,75,79,6087
3719000,2020,80-84,80,84,3594
3719000,2020,85+,85,999,3708
4123850,1990,0-4,0,4,6726
4123850,1990,5-9,5,9,6996
4123850,1990,10-14,10,14,6589
4123850,1990,15-17,15,17,3643
4123850,1990,18-19,18,19,5312
4123850,1990,20-24,20,24,13743
4123850,1990,25-29,25,29,9277
4123850,1990,30-34,30,34,9152
4123850,1990,35-39,35,39,10371
4123850,1990,40-44,40,44,9069
4123850,1990,45-49,45,49,6090
4123850,1990,50-54,50,54,4050
4123850,1990,55-59,55,59,3606
4123850,1990,60-64,60,64,3769
4123850,1990,65-69,65,69,4182
4123850,1990,70-74,70,74,3594
4123850,1990,75-79,75,79,2802
4123850,1990,80-84,80,84,1988
4123850,1990,85+,85,999,1710
4123850,2000,0-4,0,4,7367
4123850,2000,5-9,5,9,7550
4123850,2000,10-14,10,14,8029
4123850,2000,15-17,15,17,5107
4123850,2000,18-19,18,19,6478
4123850,2000,20-24,20,24,17390
4123850,2000,25-29,25,29,11340
4123850,2000,30-34,30,34,9251
4123850,2000,35-39,35,39,9126
4123850,2000,40-44,40,44,9530
4123850,2000,45-49,45,49,10793
4123850,2000,50-54,50,54,9391
4123850,2000,55-59,55,59,5864
4123850,2000,60-64,60,64,4020
4123850,2000,65-69,65,69,3486
4123850,2000,70-74,70,74,3766
4123850,2000,75-79,75,79,3753
4123850,2000,80-84,80,84,2924
4123850,2000,85+,85,999,2728
4123850,2010,0-4,0,4,7630
4123850,2010,5-9,5,9,7702
4123850,2010,10-14,10,14,8098
4123850,2010,15-17,15,17,5049
4123850,2010,18-19,18,19,8628
4123850,2010,20-24,20,24,20646
4123850,2010,25-29,25,29,12508
4123850,2010,30-34,30,34,10230
4123850,2010,35-39,35,39,9128
4123850,2010,40-44,40,44,8764
4123850,2010,45-49,45,49,9147
4123850,2010,50-54,50,54,9643
4123850,2010,55-59,55,59,10362
4123850,2010,60-64,60,64,8934
4123850,2010,65-69,65,69,5730
4123850,2010,70-74,70,74,3921
4123850,2010,75-79,75,79,3181
4123850,2010,80-84,80,84,3114
4123850,2010,85+,85,999,3770
4123850,2020,0-4,0,4,7260
4123850,2020,5-9,5,9,8219
4123850,2020,10-14,10,14,8603
4123850,2020,15-17,15,17,5269
4123850,2020,18-19,18,19,7082
4123850,2020,20-24,20,24,21419
4123850,2020,25-29,25,29,14042
4123850,2020,30-34,30,34,12678
4123850,2020,35-39,35,39,11705
4123850,2020,40-44,40,44,10578
4123850,2020,45-49,45,49,9768
4123850,2020,50-54,50,54,9045
4123850,2020,55-59,55,59,9231
4123850,2020,60-64,60,64,9693
4123850,2020,65-69,65,69,10501
4123850,2020,70-74,70,74,8907
4123850,2020,75-79,75,79,5579
4123850,2020,80-84,80,84,3348
4123850,2020,85+,85,999,3727
4261000,1990,0-4,0,4,22788
4261000,1990,5-9,5,9,20745
4261000,1990,10-14,10,14,18692
4261000,1990,15-17,15,17,11154
4261000,1990,18-19,18,19,15500
4261000,1990,20-24,20,24,36192
4261000,1990,25-29,25,29,31592
4261000,1990,30-34,30,34,31010
4261000,1990,35-39,35,39,27151
4261000,1990,40-44,40,44,21587
4261000,1990,45-49,45,49,16430
4261000,1990,50-54,50,54,15009
4261000,1990,55-59,55,59,15906
4261000,1990,60-64,60,64,19787
4261000,1990,65-69,65,69,20236
4261000,1990,70-74,70,74,17190
4261000,1990,75-79,75,79,13736
4261000,1990,80-84,80,84,8550
4261000,1990,85+,85,999,6624
4261000,2000,0-4,0,4,17607
4261000,2000,5-9,5,9,19004
4261000,2000,10-14,10,14,18907
4261000,2000,15-17,15,17,10990
4261000,2000,18-19,18,19,14891
4261000,2000,20-24,20,24,34570
4261000,2000,25-29,25,29,25779
4261000,2000,30-34,30,34,23081
4261000,2000,35-39,35,39,23141
4261000,2000,40-44,40,44,23729
4261000,2000,45-49,45,49,22365
4261000,2000,50-54,50,54,18717
4261000,2000,55-59,55,59,14142
4261000,2000,60-64,60,64,12606
4261000,2000,65-69,65,69,12449
4261000,2000,70-74,70,74,14034
4261000,2000,75-79,75,79,12588
4261000,2000,80-84,80,84,8774
4261000,2000,85+,85,999,7189
4261000,2010,0-4,0,4,15109
4261000,2010,5-9,5,9,13026
4261000,2010,10-14,10,14,12848
4261000,2010,15-17,15,17,8816
4261000,2010,18-19,18,19,15533
4261000,2010,20-24,20,24,42212
4261000,2010,25-29,25,29,30648
4261000,2010,30-34,30,34,21092
4261000,2010,35-39,35,39,16269
4261000,2010,40-44,40,44,15721
4261000,2010,45-49,45,49,17805
4261000,2010,50-54,50,54,20089
4261000,2010,55-59,55,59,19011
4261000,2010,60-64,60,64,15374
4261000,2010,65-69,65,69,10913
4261000,2010,70-74,70,74,8776
4261000,2010,75-79,75,79,7654
4261000,2010,80-84,80,84,7461
4261000,2010,85+,85,999,7347
4261000,2020,0-4,0,4,13480
4261000,2020,5-9,5,9,12140
4261000,2020,10-14,10,14,11862
4261000,2020,15-17,15,17,6942
4261000,2020,18-19,18,19,13056
4261000,2020,20-24,20,24,39443
4261000,2020,25-29,25,29,35881
4261000,2020,30-34,30,34,28894
4261000,2020,35-39,35,39,20080
4261000,2020,40-44,40,44,14695
4261000,2020,45-49,45,49,12824
4261000,2020,50-54,50,54,13872
4261000,2020,55-59,55,59,16020
4261000,2020,60-64,60,64,17669
4261000,2020,65-69,65,69,15799
4261000,2020,70-74,70,74,11753
4261000,2020,75-79,75,79,7498
4261000,2020,80-84,80,84,5089
4261000,2020,85+,85,999,5974
4815976,1990,0-4,0,4,2375
4815976,1990,5-9,5,9,2090
4815976,1990,10-14,10,14,1773
4815976,1990,15-17,15,17,1000
4815976,1990,18-19,18,19,8955
4815976,1990,20-24,20,24,19389
4815976,1990,25-29,25,29,4596
4815976,1990,30-34,30,34,3149
4815976,1990,35-39,35,39,2389
4815976,1990,40-44,40,44,1794
4815976,1990,45-49,45,49,1393
4815976,1990,50-54,50,54,879
4815976,1990,55-59,55,59,684
4815976,1990,60-64,60,64,520
4815976,1990,65-69,65,69,479
4815976,1990,70-74,70,74,371
4815976,1990,75-79,75,79,284
4815976,1990,80-84,80,84,205
4815976,1990,85+,85,999,131
4815976,2000,0-4,0,4,3032
4815976,2000,5-9,5,9,2664
4815976,2000,10-14,10,14,2497
4815976,2000,15-17,15,17,1596
4815976,2000,18-19,18,19,10589
4815976,2000,20-24,20,24,24176
4815976,2000,25-29,25,29,5302
4815976,2000,30-34,30,34,3555
4815976,2000,35-39,35,39,2915
4815976,2000,40-44,40,44,2701
4815976,2000,45-49,45,49,2295
4815976,2000,50-54,50,54,1776
4815976,2000,55-59,55,59,1411
4815976,2000,60-64,60,64,920
4815976,2000,65-69,65,69,745
4815976,2000,70-74,70,74,570
4815976,2000,75-79,75,79,500
4815976,2000,80-84,80,84,341
4815976,2000,85+,85,999,305
4815976,2010,0-4,0,4,4526
4815976,2010,5-9,5,9,3910
4815976,2010,10-14,10,14,3386
4815976,2010,15-17,15,17,2030
4815976,2010,18-19,18,19,13548
4815976,2010,20-24,20,24,30850
4815976,2010,25-29,25,29,8675
4815976,2010,30-34,30,34,5247
4815976,2010,35-39,35,39,3944
4815976,2010,40-44,40,44,3190
4815976,2010,45-49,45,49,2895
4815976,2010,50-54,50,54,2901
4815976,2010,55-59,55,59,2457
4815976,2010,60-64,60,64,1923
4815976,2010,65-69,65,69,1470
4815976,2010,70-74,70,74,1046
4815976,2010,75-79,75,79,812
4815976,2010,80-84,80,84,576
4815976,2010,85+,85,999,471
4815976,2020,0-4,0,4,6486
4815976,2020,5-9,5,9,5713
4815976,2020,10-14,10,14,5323
4815976,2020,15-17,15,17,3038
4815976,2020,18-19,18,19,15259
4815976,2020,20-24,20,24,35318
4815976,2020,25-29,25,29,10485
4815976,2020,30-34,30,34,6962
4815976,2020,35-39,35,39,5569
4815976,2020,40-44,40,44,4613
4815976,2020,45-49,45,49,4132
4815976,2020,50-54,50,54,3555
4815976,2020,55-59,55,59,3212
4815976,2020,60-64,60,64,3030
4815976,2020,65-69,65,69,2581
4815976,2020,70-74,70,74,2032
4815976,2020,75-79,75,79,1525
4815976,2020,80-84,80,84,944
4815976,2020,85+,85,999,734
4962470,1990,0-4,0,4,8071
4962470,1990,5-9,5,9,5598
4962470,1990,10-14,10,14,5453
4962470,1990,15-17,15,17,3077
4962470,1990,18-19,18,19,9466
4962470,1990,20-24,20,24,22245
4962470,1990,25-29,25,29,10299
4962470,1990,30-34,30,34,4566
4962470,1990,35-39,35,39,3009
4962470,1990,40-44,40,44,2391
4962470,1990,45-49,45,49,2014
4962470,1990,50-54,50,54,1678
4962470,1990,55-59,55,59,1644
4962470,1990,60-64,60,64,1676
4962470,1990,65-69,65,69,1699
4962470,1990,70-74,70,74,1410
4962470,1990,75-79,75,79,1154
4962470,1990,80-84,80,84,820
4962470,1990,85+,85,999,565
4962470,2000,0-4,0,4,9139
4962470,2000,5-9,5,9,5636
4962470,2000,10-14,10,14,5092
4962470,2000,15-17,15,17,3541
4962470,2000,18-19,18,19,11737
4962470,2000,20-24,20,24,30510
4962470,2000,25-29,25,29,12190
4962470,2000,30-34,30,34,5155
4962470,2000,35-39,35,39,3779
4962470,2000,40-44,40,44,3311
4962470,2000,45-49,45,49,2845
4962470,2000,50-54,50,54,2539
4962470,2000,55-59,55,59,2061
4962470,2000,60-64,60,64,1611
4962470,2000,65-69,65,69,1542
4962470,2000,70-74,70,74,1408
4962470,2000,75-79,75,79,1250
4962470,2000,80-84,80,84,998
4962470,2000,85+,85,999,822
4962470,2010,0-4,0,4,9549
4962470,2010,5-9,5,9,6394
4962470,2010,10-14,10,14,5608
4962470,2010,15-17,15,17,3579
4962470,2010,18-19,18,19,11337
4962470,2010,20-24,20,24,29726
4962470,2010,25-29,25,29,13935
4962470,2010,30-34,30,34,6339
4962470,2010,35-39,35,39,4297
4962470,2010,40-44,40,44,3377
4962470,2010,45-49,45,49,3322
4962470,2010,50-54,50,54,3287
4962470,2010,55-59,55,59,2764
4962470,2010,60-64,60,64,2404
4962470,2010,65-69,65,69,1857
4962470,2010,70-74,70,74,1397
4962470,2010,75-79,75,79,1281
4962470,2010,80-84,80,84,976
4962470,2010,85+,85,999,1059
4962470,2020,0-4,0,4,8215
4962470,2020,5-9,5,9,6538
4962470,2020,10-14,10,14,6331
4962470,2020,15-17,15,17,3845
4962470,2020,18-19,18,19,7951
4962470,2020,20-24,20,24,31875
4962470,2020,25-29,25,29,13025
4962470,2020,30-34,30,34,6383
4962470,2020,35-39,35,39,4917
4962470,2020,40-44,40,44,4588
4962470,2020,45-49,45,49,3713
4962470,2020,50-54,50,54,3345
4962470,2020,55-59,55,59,3197
4962470,2020,60-64,60,64,3006
4962470,2020,65-69,65,69,2460
4962470,2020,70-74,70,74,2006
4962470,2020,75-79,75,79,1508
4962470,2020,80-84,80,84,1048
4962470,2020,85+,85,999,1211
5548000,1990,0-4,0,4,11863
5548000,1990,5-9,5,9,10387
5548000,1990,10-14,10,14,8527
5548000,1990,15-17,15,17,4878
5548000,1990,18-19,18,19,11419
5548000,1990,20-24,20,24,30670
5548000,1990,25-29,25,29,20777
5548000,1990,30-34,30,34,18220
5548000,1990,35-39,35,39,16257
5548000,1990,40-44,40,44,13124
5548000,1990,45-49,45,49,8864
5548000,1990,50-54,50,54,6605
5548000,1990,55-59,55,59,5917
5548000,1990,60-64,60,64,5923
5548000,1990,65-69,65,69,5459
5548000,1990,70-74,70,74,4354
5548000,1990,75-79,75,79,3399
5548000,1990,80-84,80,84,2408
5548000,1990,85+,85,999,2211
5548000,2000,0-4,0,4,10815
5548000,2000,5-9,5,9,10016
5548000,2000,10-14,10,14,10332
5548000,2000,15-17,15,17,6098
5548000,2000,18-19,18,19,12094
5548000,2000,20-24,20,24,32394
5548000,2000,25-29,25,29,19892
5548000,2000,30-34,30,34,17162
5548000,2000,35-39,35,39,15351
5548000,2000,40-44,40,44,14574
5548000,2000,45-49,45,49,14508
5548000,2000,50-54,50,54,12045
5548000,2000,55-59,55,59,7941
5548000,2000,60-64,60,64,5648
5548000,2000,65-69,65,69,4751
5548000,2000,70-74,70,74,4757
5548000,2000,75-79,75,79,4131
5548000,2000,80-84,80,84,2894
5548000,2000,85+,85,999,2651
5548000,2010,0-4,0,4,13561
5548000,2010,5-9,5,9,11341
5548000,2010,10-14,10,14,9957
5548000,2010,15-17,15,17,5879
5548000,2010,18-19,18,19,10629
5548000,2010,20-24,20,24,34919
5548000,2010,25-29,25,29,25967
5548000,2010,30-34,30,34,19666
5548000,2010,35-39,35,39,14632
5548000,2010,40-44,40,44,13099
5548000,2010,45-49,45,49,13318
5548000,2010,50-54,50,54,13608
5548000,2010,55-59,55,59,13492
5548000,2010,60-64,60,64,10758
5548000,2010,65-69,65,69,6704
5548000,2010,70-74,70,74,4634
5548000,2010,75-79,75,79,3824
5548000,2010,80-84,80,84,3424
5548000,2010,85+,85,999,3797
5548000,2020,0-4,0,4,13566
5548000,2020,5-9,5,9,12301
5548000,2020,10-14,10,14,11649
5548000,2020,15-17,15,17,6579
5548000,2020,18-19,18,19,13756
5548000,2020,20-24,20,24,37155
5548000,2020,25-29,25,29,29545
5548000,2020,30-34,30,34,24248
5548000,2020,35-39,35,39,19199
5548000,2020,40-44,40,44,14963
5548000,2020,45-49,45,49,12656
5548000,2020,50-54,50,54,12548
5548000,2020,55-59,55,59,13059
5548000,2020,60-64,60,64,12968
5548000,2020,65-69,65,69,12234
5548000,2020,70-74,70,74,9687
5548000,2020,75-79,75,79,5684
5548000,2020,80-84,80,84,3724
5548000,2020,85+,85,999,4319
