area_code,year,age_group_id,household_type_id,total_households
13,2010,0,0,119568
13,2010,1,0,11214
13,2010,2,0,41267
13,2010,3,0,47940
13,2010,4,0,19148
13,2010,0,1,34413
13,2010,1,1,3286
13,2010,2,1,9129
13,2010,3,1,13393
13,2010,4,1,8606
13,2010,0,2,6368
13,2010,1,2,836
13,2010,2,2,3788
13,2010,3,2,1691
13,2010,4,2,53
13,2010,0,3,46992
13,2010,1,3,5242
13,2010,2,3,9490
13,2010,3,3,22339
13,2010,4,3,9921
13,2010,0,4,31795
13,2010,1,4,1849
13,2010,2,4,18860
13,2010,3,4,10517
13,2010,4,4,568
13,2011,0,0,121382
13,2011,1,0,10416
13,2011,2,0,40984
13,2011,3,0,49267
13,2011,4,0,20716
13,2011,0,1,34867
13,2011,1,1,3005
13,2011,2,1,8975
13,2011,3,1,13634
13,2011,4,1,9252
13,2011,0,2,6246
13,2011,1,2,741
13,2011,2,2,3690
13,2011,3,2,1754
13,2011,4,2,61
13,2011,0,3,48366
13,2011,1,3,4978
13,2011,2,3,9655
13,2011,3,3,22961
13,2011,4,3,10771
13,2011,0,4,31903
13,2011,1,4,1692
13,2011,2,4,18662
13,2011,3,4,10917
13,2011,4,4,632
13,2012,0,0,123381
13,2012,1,0,10485
13,2012,2,0,41184
13,2012,3,0,49418
13,2012,4,0,22294
13,2012,0,1,35341
13,2012,1,1,2975
13,2012,2,1,8927
13,2012,3,1,13546
13,2012,4,1,9894
13,2012,0,2,6188
13,2012,1,2,707
13,2012,2,2,3636
13,2012,3,2,1776
13,2012,4,2,69
13,2012,0,3,49732
13,2012,1,3,5127
13,2012,2,3,9938
13,2012,3,3,23036
13,2012,4,3,11632
13,2012,0,4,32119
13,2012,1,4,1676
13,2012,2,4,18684
13,2012,3,4,11060
13,2012,4,4,699
13,2013,0,0,125254
13,2013,1,0,10476
13,2013,2,0,41448
13,2013,3,0,49603
13,2013,4,0,23728
13,2013,0,1,35736
13,2013,1,1,2923
13,2013,2,1,8886
13,2013,3,1,13464
13,2013,4,1,10463
13,2013,0,2,6128
13,2013,1,2,667
13,2013,2,2,3584
13,2013,3,2,1799
13,2013,4,2,78
13,2013,0,3,51030
13,2013,1,3,5238
13,2013,2,3,10244
13,2013,3,3,23126
13,2013,4,3,12423
13,2013,0,4,32359
13,2013,1,4,1648
13,2013,2,4,18734
13,2013,3,4,11214
13,2013,4,4,764
13,2014,0,0,126418
13,2014,1,0,10352
13,2014,2,0,41189
13,2014,3,0,49838
13,2014,4,0,25039
13,2014,0,1,35927
13,2014,1,1,2835
13,2014,2,1,8731
13,2014,3,1,13392
13,2014,4,1,10969
13,2014,0,2,6014
13,2014,1,2,617
13,2014,2,2,3485
13,2014,3,2,1825
13,2014,4,2,87
13,2014,0,3,52123
13,2014,1,3,5301
13,2014,2,3,10426
13,2014,3,3,23240
13,2014,4,3,13156
13,2014,0,4,32353
13,2014,1,4,1598
13,2014,2,4,18547
13,2014,3,4,11381
13,2014,4,4,828
13,2015,0,0,128728
13,2015,1,0,10324
13,2015,2,0,41446
13,2015,3,0,50544
13,2015,4,0,26414
13,2015,0,1,36389
13,2015,1,1,2772
13,2015,2,1,8680
13,2015,3,1,13442
13,2015,4,1,11495
13,2015,0,2,5967
13,2015,1,2,571
13,2015,2,2,3431
13,2015,3,2,1869
13,2015,4,2,96
13,2015,0,3,53661
13,2015,1,3,5420
13,2015,2,3,10740
13,2015,3,3,23573
13,2015,4,3,13927
13,2015,0,4,32710
13,2015,1,4,1561
13,2015,2,4,18595
13,2015,3,4,11659
13,2015,4,4,896
13,2016,0,0,130165
13,2016,1,0,10155
13,2016,2,0,41684
13,2016,3,0,50591
13,2016,4,0,27735
13,2016,0,1,36590
13,2016,1,1,2667
13,2016,2,1,8621
13,2016,3,1,13313
13,2016,4,1,11988
13,2016,0,2,5884
13,2016,1,2,516
13,2016,2,2,3374
13,2016,3,2,1888
13,2016,4,2,106
13,2016,0,3,54805
13,2016,1,3,5469
13,2016,2,3,11054
13,2016,3,3,23605
13,2016,4,3,14677
13,2016,0,4,32885
13,2016,1,4,1502
13,2016,2,4,18634
13,2016,3,4,11785
13,2016,4,4,964
13,2017,0,0,130647
13,2017,1,0,9888
13,2017,2,0,41463
13,2017,3,0,50182
13,2017,4,0,29113
13,2017,0,1,36561
13,2017,1,1,2535
13,2017,2,1,8468
13,2017,3,1,13062
13,2017,4,1,12496
13,2017,0,2,5741
13,2017,1,2,454
13,2017,2,2,3280
13,2017,3,2,1890
13,2017,4,2,117
13,2017,0,3,55613
13,2017,1,3,5473
13,2017,2,3,11251
13,2017,3,3,23427
13,2017,4,3,15463
13,2017,0,4,32732
13,2017,1,4,1427
13,2017,2,4,18465
13,2017,3,4,11803
13,2017,4,4,1037
13,2018,0,0,131636
13,2018,1,0,9748
13,2018,2,0,41641
13,2018,3,0,49700
13,2018,4,0,30547
13,2018,0,1,36639
13,2018,1,1,2435
13,2018,2,1,8390
13,2018,3,1,12794
13,2018,4,1,13020
13,2018,0,2,5633
13,2018,1,2,399
13,2018,2,2,3216
13,2018,3,2,1890
13,2018,4,2,129
13,2018,0,3,56597
13,2018,1,3,5545
13,2018,2,3,11558
13,2018,3,3,23211
13,2018,4,3,16284
13,2018,0,4,32767
13,2018,1,4,1369
13,2018,2,4,18478
13,2018,3,4,11806
13,2018,4,4,1114
13,2019,0,0,131875
13,2019,1,0,9421
13,2019,2,0,41751
13,2019,3,0,48821
13,2019,4,0,31882
13,2019,0,1,36503
13,2019,1,1,2289
13,2019,2,1,8296
13,2019,3,1,12425
13,2019,4,1,13493
13,2019,0,2,5494
13,2019,1,2,335
13,2019,2,2,3145
13,2019,3,2,1874
13,2019,4,2,140
13,2019,0,3,57234
13,2019,1,3,5512
13,2019,2,3,11853
13,2019,3,3,22810
13,2019,4,3,17058
13,2019,0,4,32645
13,2019,1,4,1285
13,2019,2,4,18457
13,2019,3,4,11712
13,2019,4,4,1191
13,2020,0,0,133467
13,2020,1,0,10975
13,2020,2,0,41839
13,2020,3,0,48037
13,2020,4,0,32615
13,2020,0,1,37009
13,2020,1,1,2667
13,2020,2,1,8313
13,2020,3,1,12225
13,2020,4,1,13803
13,2020,0,2,5529
13,2020,1,2,390
13,2020,2,2,3152
13,2020,3,2,1844
13,2020,4,2,143
13,2020,0,3,58194
13,2020,1,3,6421
13,2020,2,3,11878
13,2020,3,3,22444
13,2020,4,3,17451
13,2020,0,4,32735
13,2020,1,4,1497
13,2020,2,4,18496
13,2020,3,4,11524
13,2020,4,4,1218
13,2021,0,0,135346
13,2021,1,0,11260
13,2021,2,0,41228
13,2021,3,0,48586
13,2021,4,0,34272
13,2021,0,1,37768
13,2021,1,1,2710
13,2021,2,1,8188
13,2021,3,1,12365
13,2021,4,1,14504
13,2021,0,2,5516
13,2021,1,2,396
13,2021,2,2,3104
13,2021,3,2,1865
13,2021,4,2,151
13,2021,0,3,59387
13,2021,1,3,6632
13,2021,2,3,11718
13,2021,3,3,22700
13,2021,4,3,18337
13,2021,0,4,32675
13,2021,1,4,1521
13,2021,2,4,18218
13,2021,3,4,11656
13,2021,4,4,1280
13,2022,0,0,135561
13,2022,1,0,11514
13,2022,2,0,40472
13,2022,3,0,48334
13,2022,4,0,35241
13,2022,0,1,37994
13,2022,1,1,2744
13,2022,2,1,8035
13,2022,3,1,12301
13,2022,4,1,14914
13,2022,0,2,5457
13,2022,1,2,401
13,2022,2,2,3046
13,2022,3,2,1855
13,2022,4,2,155
13,2022,0,3,59782
13,2022,1,3,6829
13,2022,2,3,11515
13,2022,3,3,22582
13,2022,4,3,18855
13,2022,0,4,32328
13,2022,1,4,1540
13,2022,2,4,17876
13,2022,3,4,11596
13,2022,4,4,1316
13,2023,0,0,136837
13,2023,1,0,11553
13,2023,2,0,40275
13,2023,3,0,48450
13,2023,4,0,36559
13,2023,0,1,38520
13,2023,1,1,2725
13,2023,2,1,7992
13,2023,3,1,12330
13,2023,4,1,15472
13,2023,0,2,5449
13,2023,1,2,398
13,2023,2,2,3030
13,2023,3,2,1860
13,2023,4,2,161
13,2023,0,3,60568
13,2023,1,3,6899
13,2023,2,3,11472
13,2023,3,3,22637
13,2023,4,3,19561
13,2023,0,4,32300
13,2023,1,4,1530
13,2023,2,4,17782
13,2023,3,4,11623
13,2023,4,4,1365
13,2024,0,0,139314
13,2024,1,0,11697
13,2024,2,0,40805
13,2024,3,0,48843
13,2024,4,0,37969
13,2024,0,1,39323
13,2024,1,1,2730
13,2024,2,1,8094
13,2024,3,1,12430
13,2024,4,1,16069
13,2024,0,2,5509
13,2024,1,2,399
13,2024,2,2,3068
13,2024,3,2,1875
13,2024,4,2,167
13,2024,0,3,61806
13,2024,1,3,7036
13,2024,2,3,11635
13,2024,3,3,22820
13,2024,4,3,20315
13,2024,0,4,32675
13,2024,1,4,1532
13,2024,2,4,18007
13,2024,3,4,11718
13,2024,4,4,1418
13,2025,0,0,135701
13,2025,1,0,11191
13,2025,2,0,39169
13,2025,3,0,47220
13,2025,4,0,38121
13,2025,0,1,38500
13,2025,1,1,2583
13,2025,2,1,7766
13,2025,3,1,12017
13,2025,4,1,16134
13,2025,0,2,5302
13,2025,1,2,378
13,2025,2,2,2944
13,2025,3,2,1813
13,2025,4,2,167
13,2025,0,3,60419
13,2025,1,3,6780
13,2025,2,3,11181
13,2025,3,3,22062
13,2025,4,3,20397
13,2025,0,4,31480
13,2025,1,4,1450
13,2025,2,4,17278
13,2025,3,4,11328
13,2025,4,4,1424
13,2026,0,0,136129
13,2026,1,0,11075
13,2026,2,0,38862
13,2026,3,0,47031
13,2026,4,0,39161
13,2026,0,1,38772
13,2026,1,1,2527
13,2026,2,1,7702
13,2026,3,1,11969
13,2026,4,1,16574
13,2026,0,2,5267
13,2026,1,2,369
13,2026,2,2,2920
13,2026,3,2,1805
13,2026,4,2,172
13,2026,0,3,60791
13,2026,1,3,6760
13,2026,2,3,11105
13,2026,3,3,21973
13,2026,4,3,20953
13,2026,0,4,31299
13,2026,1,4,1419
13,2026,2,4,17135
13,2026,3,4,11283
13,2026,4,4,1462
13,2027,0,0,136940
13,2027,1,0,10792
13,2027,2,0,39052
13,2027,3,0,46997
13,2027,4,0,40099
13,2027,0,1,39100
13,2027,1,1,2433
13,2027,2,1,7736
13,2027,3,1,11961
13,2027,4,1,16971
13,2027,0,2,5269
13,2027,1,2,356
13,2027,2,2,2933
13,2027,3,2,1804
13,2027,4,2,176
13,2027,0,3,61221
13,2027,1,3,6637
13,2027,2,3,11171
13,2027,3,3,21958
13,2027,4,3,21455
13,2027,0,4,31349
13,2027,1,4,1366
13,2027,2,4,17211
13,2027,3,4,11275
13,2027,4,4,1497
13,2028,0,0,137820
13,2028,1,0,10652
13,2028,2,0,39149
13,2028,3,0,47006
13,2028,4,0,41012
13,2028,0,1,39444
13,2028,1,1,2372
13,2028,2,1,7752
13,2028,3,1,11963
13,2028,4,1,17357
13,2028,0,2,5270
13,2028,1,2,347
13,2028,2,2,2939
13,2028,3,2,1804
13,2028,4,2,180
13,2028,0,3,61719
13,2028,1,3,6602
13,2028,2,3,11212
13,2028,3,3,21962
13,2028,4,3,21943
13,2028,0,4,31387
13,2028,1,4,1332
13,2028,2,4,17247
13,2028,3,4,11277
13,2028,4,4,1531
13,2029,0,0,138687
13,2029,1,0,10494
13,2029,2,0,39453
13,2029,3,0,47030
13,2029,4,0,41710
13,2029,0,1,39737
13,2029,1,1,2307
13,2029,2,1,7809
13,2029,3,1,11969
13,2029,4,1,17652
13,2029,0,2,5286
13,2029,1,2,337
13,2029,2,2,2960
13,2029,3,2,1805
13,2029,4,2,183
13,2029,0,3,62156
13,2029,1,3,6555
13,2029,2,3,11311
13,2029,3,3,21973
13,2029,4,3,22317
13,2029,0,4,31508
13,2029,1,4,1295
13,2029,2,4,17373
13,2029,3,4,11283
13,2029,4,4,1558
13,2030,0,0,139725
13,2030,1,0,10243
13,2030,2,0,39425
13,2030,3,0,47359
13,2030,4,0,42698
13,2030,0,1,40144
13,2030,1,1,2221
13,2030,2,1,7800
13,2030,3,1,12053
13,2030,4,1,18070
13,2030,0,2,5287
13,2030,1,2,325
13,2030,2,2,2957
13,2030,3,2,1818
13,2030,4,2,188
13,2030,0,3,62737
13,2030,1,3,6450
13,2030,2,3,11315
13,2030,3,3,22127
13,2030,4,3,22845
13,2030,0,4,31556
13,2030,1,4,1247
13,2030,2,4,17353
13,2030,3,4,11362
13,2030,4,4,1594
13,2031,0,0,140714
13,2031,1,0,10058
13,2031,2,0,39553
13,2031,3,0,47698
13,2031,4,0,43405
13,2031,0,1,40480
13,2031,1,1,2148
13,2031,2,1,7823
13,2031,3,1,12139
13,2031,4,1,18370
13,2031,0,2,5301
13,2031,1,2,314
13,2031,2,2,2966
13,2031,3,2,1831
13,2031,4,2,191
13,2031,0,3,63274
13,2031,1,3,6391
13,2031,2,3,11374
13,2031,3,3,22285
13,2031,4,3,23224
13,2031,0,4,31659
13,2031,1,4,1206
13,2031,2,4,17389
13,2031,3,4,11443
13,2031,4,4,1621
13,2032,0,0,141774
13,2032,1,0,9820
13,2032,2,0,39904
13,2032,3,0,47821
13,2032,4,0,44229
13,2032,0,1,40843
13,2032,1,1,2063
13,2032,2,1,7891
13,2032,3,1,12170
13,2032,4,1,18719
13,2032,0,2,5323
13,2032,1,2,302
13,2032,2,2,2991
13,2032,3,2,1836
13,2032,4,2,194
13,2032,0,3,63803
13,2032,1,3,6297
13,2032,2,3,11498
13,2032,3,3,22343
13,2032,4,3,23665
13,2032,0,4,31805
13,2032,1,4,1158
13,2032,2,4,17523
13,2032,3,4,11473
13,2032,4,4,1652
13,2033,0,0,142735
13,2033,1,0,9504
13,2033,2,0,40359
13,2033,3,0,47902
13,2033,4,0,44971
13,2033,0,1,41165
13,2033,1,1,1963
13,2033,2,1,7979
13,2033,3,1,12191
13,2033,4,1,19033
13,2033,0,2,5348
13,2033,1,2,287
13,2033,2,2,3025
13,2033,3,2,1839
13,2033,4,2,198
13,2033,0,3,64246
13,2033,1,3,6151
13,2033,2,3,11653
13,2033,3,3,22380
13,2033,4,3,24062
13,2033,0,4,31976
13,2033,1,4,1102
13,2033,2,4,17702
13,2033,3,4,11492
13,2033,4,4,1679
13,2034,0,0,143538
13,2034,1,0,9218
13,2034,2,0,40959
13,2034,3,0,47598
13,2034,4,0,45763
13,2034,0,1,41448
13,2034,1,1,1871
13,2034,2,1,8095
13,2034,3,1,12113
13,2034,4,1,19368
13,2034,0,2,5371
13,2034,1,2,274
13,2034,2,2,3069
13,2034,3,2,1827
13,2034,4,2,201
13,2034,0,3,64597
13,2034,1,3,6023
13,2034,2,3,11850
13,2034,3,3,22238
13,2034,4,3,24485
13,2034,0,4,32123
13,2034,1,4,1050
13,2034,2,4,17945
13,2034,3,4,11419
13,2034,4,4,1709
13,2035,0,0,144288
13,2035,1,0,8851
13,2035,2,0,41588
13,2035,3,0,46850
13,2035,4,0,46999
13,2035,0,1,41796
13,2035,1,1,1764
13,2035,2,1,8218
13,2035,3,1,11923
13,2035,4,1,19891
13,2035,0,2,5378
13,2035,1,2,258
13,2035,2,2,3115
13,2035,3,2,1798
13,2035,4,2,206
13,2035,0,3,64931
13,2035,1,3,5839
13,2035,2,3,12057
13,2035,3,3,21889
13,2035,4,3,25147
13,2035,0,4,32183
13,2035,1,4,990
13,2035,2,4,18199
13,2035,3,4,11240
13,2035,4,4,1755
13,2036,0,0,144984
13,2036,1,0,8540
13,2036,2,0,41792
13,2036,3,0,46798
13,2036,4,0,47853
13,2036,0,1,42088
13,2036,1,1,1670
13,2036,2,1,8256
13,2036,3,1,11910
13,2036,4,1,20252
13,2036,0,2,5381
13,2036,1,2,244
13,2036,2,2,3130
13,2036,3,2,1796
13,2036,4,2,210
13,2036,0,3,65298
13,2036,1,3,5689
13,2036,2,3,12140
13,2036,3,3,21865
13,2036,4,3,25604
13,2036,0,4,32218
13,2036,1,4,937
13,2036,2,4,18266
13,2036,3,4,11227
13,2036,4,4,1787
13,2037,0,0,145599
13,2037,1,0,8246
13,2037,2,0,42040
13,2037,3,0,46674
13,2037,4,0,48639
13,2037,0,1,42346
13,2037,1,1,1580
13,2037,2,1,8303
13,2037,3,1,11878
13,2037,4,1,20585
13,2037,0,2,5384
13,2037,1,2,231
13,2037,2,2,3148
13,2037,3,2,1792
13,2037,4,2,214
13,2037,0,3,65615
13,2037,1,3,5547
13,2037,2,3,12237
13,2037,3,3,21807
13,2037,4,3,26024
13,2037,0,4,32253
13,2037,1,4,887
13,2037,2,4,18352
13,2037,3,4,11197
13,2037,4,4,1816
13,2038,0,0,146154
13,2038,1,0,7980
13,2038,2,0,42357
13,2038,3,0,46488
13,2038,4,0,49330
13,2038,0,1,42569
13,2038,1,1,1498
13,2038,2,1,8363
13,2038,3,1,11831
13,2038,4,1,20877
13,2038,0,2,5391
13,2038,1,2,219
13,2038,2,2,3171
13,2038,3,2,1784
13,2038,4,2,217
13,2038,0,3,65890
13,2038,1,3,5422
13,2038,2,3,12355
13,2038,3,3,21720
13,2038,4,3,26394
13,2038,0,4,32304
13,2038,1,4,841
13,2038,2,4,18469
13,2038,3,4,11153
13,2038,4,4,1842
13,2039,0,0,146663
13,2039,1,0,7707
13,2039,2,0,42513
13,2039,3,0,46714
13,2039,4,0,49729
13,2039,0,1,42742
13,2039,1,1,1415
13,2039,2,1,8392
13,2039,3,1,11889
13,2039,4,1,21046
13,2039,0,2,5400
13,2039,1,2,207
13,2039,2,2,3181
13,2039,3,2,1793
13,2039,4,2,218
13,2039,0,3,66149
13,2039,1,3,5290
13,2039,2,3,12425
13,2039,3,3,21826
13,2039,4,3,26607
13,2039,0,4,32373
13,2039,1,4,794
13,2039,2,4,18514
13,2039,3,4,11207
13,2039,4,4,1857
13,2040,0,0,147107
13,2040,1,0,7482
13,2040,2,0,42828
13,2040,3,0,46218
13,2040,4,0,50579
13,2040,0,1,42963
13,2040,1,1,1343
13,2040,2,1,8452
13,2040,3,1,11762
13,2040,4,1,21406
13,2040,0,2,5397
13,2040,1,2,196
13,2040,2,2,3204
13,2040,3,2,1774
13,2040,4,2,222
13,2040,0,3,66388
13,2040,1,3,5189
13,2040,2,3,12543
13,2040,3,3,21593
13,2040,4,3,27062
13,2040,0,4,32359
13,2040,1,4,754
13,2040,2,4,18629
13,2040,3,4,11088
13,2040,4,4,1889
13,2041,0,0,147735
13,2041,1,0,7399
13,2041,2,0,43096
13,2041,3,0,46051
13,2041,4,0,51190
13,2041,0,1,43216
13,2041,1,1,1328
13,2041,2,1,8505
13,2041,3,1,11720
13,2041,4,1,21664
13,2041,0,2,5411
13,2041,1,2,194
13,2041,2,2,3224
13,2041,3,2,1768
13,2041,4,2,225
13,2041,0,3,66658
13,2041,1,3,5132
13,2041,2,3,12622
13,2041,3,3,21515
13,2041,4,3,27389
13,2041,0,4,32450
13,2041,1,4,745
13,2041,2,4,18746
13,2041,3,4,11048
13,2041,4,4,1912
13,2042,0,0,148301
13,2042,1,0,7346
13,2042,2,0,43325
13,2042,3,0,45763
13,2042,4,0,51867
13,2042,0,1,43466
13,2042,1,1,1318
13,2042,2,1,8550
13,2042,3,1,11647
13,2042,4,1,21951
13,2042,0,2,5419
13,2042,1,2,193
13,2042,2,2,3241
13,2042,3,2,1757
13,2042,4,2,228
13,2042,0,3,66916
13,2042,1,3,5095
13,2042,2,3,12689
13,2042,3,3,21381
13,2042,4,3,27751
13,2042,0,4,32501
13,2042,1,4,740
13,2042,2,4,18845
13,2042,3,4,10979
13,2042,4,4,1937
13,2043,0,0,148841
13,2043,1,0,7309
13,2043,2,0,43358
13,2043,3,0,45691
13,2043,4,0,52482
13,2043,0,1,43708
13,2043,1,1,1312
13,2043,2,1,8556
13,2043,3,1,11628
13,2043,4,1,22211
13,2043,0,2,5420
13,2043,1,2,192
13,2043,2,2,3244
13,2043,3,2,1754
13,2043,4,2,231
13,2043,0,3,67196
13,2043,1,3,5069
13,2043,2,3,12698
13,2043,3,3,21348
13,2043,4,3,28081
13,2043,0,4,32517
13,2043,1,4,736
13,2043,2,4,18860
13,2043,3,4,10962
13,2043,4,4,1960
13,2044,0,0,149334
13,2044,1,0,7279
13,2044,2,0,43267
13,2044,3,0,45916
13,2044,4,0,52872
13,2044,0,1,43906
13,2044,1,1,1306
13,2044,2,1,8538
13,2044,3,1,11685
13,2044,4,1,22376
13,2044,0,2,5423
13,2044,1,2,191
13,2044,2,2,3237
13,2044,3,2,1763
13,2044,4,2,232
13,2044,0,3,67462
13,2044,1,3,5049
13,2044,2,3,12672
13,2044,3,3,21453
13,2044,4,3,28289
13,2044,0,4,32543
13,2044,1,4,733
13,2044,2,4,18820
13,2044,3,4,11015
13,2044,4,4,1974
13,2045,0,0,149856
13,2045,1,0,7240
13,2045,2,0,43014
13,2045,3,0,46042
13,2045,4,0,53560
13,2045,0,1,44173
13,2045,1,1,1299
13,2045,2,1,8489
13,2045,3,1,11718
13,2045,4,1,22667
13,2045,0,2,5411
13,2045,1,2,190
13,2045,2,2,3218
13,2045,3,2,1767
13,2045,4,2,235
13,2045,0,3,67788
13,2045,1,3,5021
13,2045,2,3,12598
13,2045,3,3,21512
13,2045,4,3,28657
13,2045,0,4,32485
13,2045,1,4,729
13,2045,2,4,18710
13,2045,3,4,11046
13,2045,4,4,2000
13,2046,0,0,150314
13,2046,1,0,7205
13,2046,2,0,42746
13,2046,3,0,46300
13,2046,4,0,54062
13,2046,0,1,44392
13,2046,1,1,1293
13,2046,2,1,8436
13,2046,3,1,11783
13,2046,4,1,22880
13,2046,0,2,5402
13,2046,1,2,189
13,2046,2,2,3198
13,2046,3,2,1777
13,2046,4,2,238
13,2046,0,3,68074
13,2046,1,3,4997
13,2046,2,3,12519
13,2046,3,3,21632
13,2046,4,3,28926
13,2046,0,4,32446
13,2046,1,4,726
13,2046,2,4,18594
13,2046,3,4,11108
13,2046,4,4,2019
13,2047,0,0,150789
13,2047,1,0,7176
13,2047,2,0,42178
13,2047,3,0,46832
13,2047,4,0,54603
13,2047,0,1,44639
13,2047,1,1,1288
13,2047,2,1,8324
13,2047,3,1,11919
13,2047,4,1,23109
13,2047,0,2,5381
13,2047,1,2,188
13,2047,2,2,3156
13,2047,3,2,1798
13,2047,4,2,240
13,2047,0,3,68426
13,2047,1,3,4977
13,2047,2,3,12353
13,2047,3,3,21881
13,2047,4,3,29215
13,2047,0,4,32343
13,2047,1,4,723
13,2047,2,4,18346
13,2047,3,4,11235
13,2047,4,4,2039
13,2048,0,0,151204
13,2048,1,0,7165
13,2048,2,0,41709
13,2048,3,0,47194
13,2048,4,0,55135
13,2048,0,1,44862
13,2048,1,1,1286
13,2048,2,1,8231
13,2048,3,1,12011
13,2048,4,1,23334
13,2048,0,2,5362
13,2048,1,2,188
13,2048,2,2,3120
13,2048,3,2,1812
13,2048,4,2,242
13,2048,0,3,68735
13,2048,1,3,4970
13,2048,2,3,12215
13,2048,3,3,22050
13,2048,4,3,29500
13,2048,0,4,32245
13,2048,1,4,722
13,2048,2,4,18142
13,2048,3,4,11322
13,2048,4,4,2059
13,2049,0,0,151562
13,2049,1,0,7186
13,2049,2,0,41248
13,2049,3,0,47681
13,2049,4,0,55446
13,2049,0,1,45030
13,2049,1,1,1290
13,2049,2,1,8140
13,2049,3,1,12135
13,2049,4,1,23466
13,2049,0,2,5348
13,2049,1,2,189
13,2049,2,2,3086
13,2049,3,2,1830
13,2049,4,2,244
13,2049,0,3,69009
13,2049,1,3,4984
13,2049,2,3,12080
13,2049,3,3,22277
13,2049,4,3,29667
13,2049,0,4,32175
13,2049,1,4,724
13,2049,2,4,17942
13,2049,3,4,11439
13,2049,4,4,2070
13,2050,0,0,151950
13,2050,1,0,7205
13,2050,2,0,40725
13,2050,3,0,47757
13,2050,4,0,56263
13,2050,0,1,45295
13,2050,1,1,1293
13,2050,2,1,8037
13,2050,3,1,12154
13,2050,4,1,23812
13,2050,0,2,5316
13,2050,1,2,189
13,2050,2,2,3047
13,2050,3,2,1833
13,2050,4,2,247
13,2050,0,3,69341
13,2050,1,3,4997
13,2050,2,3,11927
13,2050,3,3,22313
13,2050,4,3,30104
13,2050,0,4,31998
13,2050,1,4,726
13,2050,2,4,17714
13,2050,3,4,11457
13,2050,4,4,2101
14,2010,0,0,21498
14,2010,1,0,923
14,2010,2,0,8580
14,2010,3,0,8526
14,2010,4,0,3470
14,2010,0,1,6110
14,2010,1,1,270
14,2010,2,1,1898
14,2010,3,1,2382
14,2010,4,1,1560
14,2010,0,2,1167
14,2010,1,2,69
14,2010,2,2,787
14,2010,3,2,301
14,2010,4,2,10
14,2010,0,3,8175
14,2010,1,3,431
14,2010,2,3,1973
14,2010,3,3,3973
14,2010,4,3,1798
14,2010,0,4,6047
14,2010,1,4,152
14,2010,2,4,3921
14,2010,3,4,1870
14,2010,4,4,103
14,2011,0,0,22168
14,2011,1,0,931
14,2011,2,0,8702
14,2011,3,0,8820
14,2011,4,0,3716
14,2011,0,1,6275
14,2011,1,1,268
14,2011,2,1,1906
14,2011,3,1,2441
14,2011,4,1,1660
14,2011,0,2,1175
14,2011,1,2,66
14,2011,2,2,784
14,2011,3,2,314
14,2011,4,2,11
14,2011,0,3,8537
14,2011,1,3,445
14,2011,2,3,2050
14,2011,3,3,4110
14,2011,4,3,1932
14,2011,0,4,6181
14,2011,1,4,151
14,2011,2,4,3962
14,2011,3,4,1954
14,2011,4,4,113
14,2012,0,0,22927
14,2012,1,0,941
14,2012,2,0,8879
14,2012,3,0,9011
14,2012,4,0,4096
14,2012,0,1,6479
14,2012,1,1,267
14,2012,2,1,1924
14,2012,3,1,2470
14,2012,4,1,1818
14,2012,0,2,1184
14,2012,1,2,64
14,2012,2,2,784
14,2012,3,2,324
14,2012,4,2,13
14,2012,0,3,8940
14,2012,1,3,460
14,2012,2,3,2143
14,2012,3,3,4200
14,2012,4,3,2137
14,2012,0,4,6324
14,2012,1,4,151
14,2012,2,4,4028
14,2012,3,4,2017
14,2012,4,4,128
14,2013,0,0,23579
14,2013,1,0,952
14,2013,2,0,8960
14,2013,3,0,9225
14,2013,4,0,4441
14,2013,0,1,6649
14,2013,1,1,266
14,2013,2,1,1921
14,2013,3,1,2504
14,2013,4,1,1958
14,2013,0,2,1185
14,2013,1,2,61
14,2013,2,2,775
14,2013,3,2,335
14,2013,4,2,15
14,2013,0,3,9317
14,2013,1,3,476
14,2013,2,3,2215
14,2013,3,3,4301
14,2013,4,3,2325
14,2013,0,4,6428
14,2013,1,4,150
14,2013,2,4,4050
14,2013,3,4,2086
14,2013,4,4,143
14,2014,0,0,24409
14,2014,1,0,965
14,2014,2,0,9160
14,2014,3,0,9519
14,2014,4,0,4765
14,2014,0,1,6851
14,2014,1,1,264
14,2014,2,1,1942
14,2014,3,1,2558
14,2014,4,1,2088
14,2014,0,2,1198
14,2014,1,2,58
14,2014,2,2,775
14,2014,3,2,349
14,2014,4,2,17
14,2014,0,3,9755
14,2014,1,3,494
14,2014,2,3,2319
14,2014,3,3,4439
14,2014,4,3,2504
14,2014,0,4,6605
14,2014,1,4,149
14,2014,2,4,4125
14,2014,3,4,2174
14,2014,4,4,158
14,2015,0,0,25834
14,2015,1,0,1030
14,2015,2,0,9720
14,2015,3,0,9934
14,2015,4,0,5150
14,2015,0,1,7195
14,2015,1,1,277
14,2015,2,1,2036
14,2015,3,1,2642
14,2015,4,1,2241
14,2015,0,2,1248
14,2015,1,2,57
14,2015,2,2,805
14,2015,3,2,367
14,2015,4,2,19
14,2015,0,3,10408
14,2015,1,3,541
14,2015,2,3,2519
14,2015,3,3,4633
14,2015,4,3,2715
14,2015,0,4,6983
14,2015,1,4,156
14,2015,2,4,4361
14,2015,3,4,2291
14,2015,4,4,175
14,2016,0,0,26698
14,2016,1,0,1054
14,2016,2,0,9979
14,2016,3,0,10180
14,2016,4,0,5485
14,2016,0,1,7390
14,2016,1,1,277
14,2016,2,1,2064
14,2016,3,1,2679
14,2016,4,1,2371
14,2016,0,2,1262
14,2016,1,2,54
14,2016,2,2,808
14,2016,3,2,380
14,2016,4,2,21
14,2016,0,3,10866
14,2016,1,3,568
14,2016,2,3,2646
14,2016,3,3,4750
14,2016,4,3,2902
14,2016,0,4,7179
14,2016,1,4,156
14,2016,2,4,4461
14,2016,3,4,2371
14,2016,4,4,191
14,2017,0,0,27598
14,2017,1,0,1072
14,2017,2,0,10316
14,2017,3,0,10392
14,2017,4,0,5818
14,2017,0,1,7584
14,2017,1,1,275
14,2017,2,1,2107
14,2017,3,1,2705
14,2017,4,1,2497
14,2017,0,2,1280
14,2017,1,2,49
14,2017,2,2,816
14,2017,3,2,391
14,2017,4,2,23
14,2017,0,3,11334
14,2017,1,3,593
14,2017,2,3,2799
14,2017,3,3,4851
14,2017,4,3,3090
14,2017,0,4,7400
14,2017,1,4,155
14,2017,2,4,4594
14,2017,3,4,2444
14,2017,4,4,207
14,2018,0,0,28250
14,2018,1,0,1038
14,2018,2,0,10533
14,2018,3,0,10497
14,2018,4,0,6182
14,2018,0,1,7719
14,2018,1,1,259
14,2018,2,1,2122
14,2018,3,1,2702
14,2018,4,1,2635
14,2018,0,2,1281
14,2018,1,2,42
14,2018,2,2,814
14,2018,3,2,399
14,2018,4,2,26
14,2018,0,3,11712
14,2018,1,3,590
14,2018,2,3,2923
14,2018,3,3,4902
14,2018,4,3,3295
14,2018,0,4,7539
14,2018,1,4,146
14,2018,2,4,4674
14,2018,3,4,2493
14,2018,4,4,225
14,2019,0,0,29071
14,2019,1,0,1035
14,2019,2,0,10787
14,2019,3,0,10659
14,2019,4,0,6590
14,2019,0,1,7897
14,2019,1,1,251
14,2019,2,1,2143
14,2019,3,1,2713
14,2019,4,1,2789
14,2019,0,2,1287
14,2019,1,2,37
14,2019,2,2,813
14,2019,3,2,409
14,2019,4,2,29
14,2019,0,3,12174
14,2019,1,3,605
14,2019,2,3,3063
14,2019,3,3,4980
14,2019,4,3,3526
14,2019,0,4,7713
14,2019,1,4,141
14,2019,2,4,4769
14,2019,3,4,2557
14,2019,4,4,246
14,2020,0,0,29872
14,2020,1,0,986
14,2020,2,0,11200
14,2020,3,0,10753
14,2020,4,0,6933
14,2020,0,1,8136
14,2020,1,1,240
14,2020,2,1,2225
14,2020,3,1,2737
14,2020,4,1,2934
14,2020,0,2,1322
14,2020,1,2,35
14,2020,2,2,844
14,2020,3,2,413
14,2020,4,2,30
14,2020,0,3,12490
14,2020,1,3,577
14,2020,2,3,3180
14,2020,3,3,5024
14,2020,4,3,3710
14,2020,0,4,7924
14,2020,1,4,134
14,2020,2,4,4951
14,2020,3,4,2580
14,2020,4,4,259
14,2021,0,0,30268
14,2021,1,0,948
14,2021,2,0,11266
14,2021,3,0,10846
14,2021,4,0,7207
14,2021,0,1,8276
14,2021,1,1,228
14,2021,2,1,2238
14,2021,3,1,2760
14,2021,4,1,3050
14,2021,0,2,1330
14,2021,1,2,33
14,2021,2,2,848
14,2021,3,2,416
14,2021,4,2,32
14,2021,0,3,12684
14,2021,1,3,559
14,2021,2,3,3202
14,2021,3,3,5068
14,2021,4,3,3856
14,2021,0,4,7978
14,2021,1,4,128
14,2021,2,4,4978
14,2021,3,4,2602
14,2021,4,4,269
14,2022,0,0,31234
14,2022,1,0,952
14,2022,2,0,11501
14,2022,3,0,11152
14,2022,4,0,7629
14,2022,0,1,8577
14,2022,1,1,227
14,2022,2,1,2283
14,2022,3,1,2838
14,2022,4,1,3229
14,2022,0,2,1360
14,2022,1,2,33
14,2022,2,2,866
14,2022,3,2,428
14,2022,4,2,34
14,2022,0,3,13129
14,2022,1,3,564
14,2022,2,3,3272
14,2022,3,3,5210
14,2022,4,3,4082
14,2022,0,4,8167
14,2022,1,4,127
14,2022,2,4,5080
14,2022,3,4,2675
14,2022,4,4,285
14,2023,0,0,31816
14,2023,1,0,960
14,2023,2,0,11601
14,2023,3,0,11307
14,2023,4,0,7947
14,2023,0,1,8770
14,2023,1,1,227
14,2023,2,1,2302
14,2023,3,1,2878
14,2023,4,1,3363
14,2023,0,2,1375
14,2023,1,2,33
14,2023,2,2,873
14,2023,3,2,434
14,2023,4,2,35
14,2023,0,3,13413
14,2023,1,3,574
14,2023,2,3,3304
14,2023,3,3,5283
14,2023,4,3,4252
14,2023,0,4,8258
14,2023,1,4,127
14,2023,2,4,5122
14,2023,3,4,2713
14,2023,4,4,297
14,2024,0,0,32795
14,2024,1,0,969
14,2024,2,0,11896
14,2024,3,0,11581
14,2024,4,0,8348
14,2024,0,1,9066
14,2024,1,1,226
14,2024,2,1,2360
14,2024,3,1,2947
14,2024,4,1,3533
14,2024,0,2,1409
14,2024,1,2,33
14,2024,2,2,895
14,2024,3,2,445
14,2024,4,2,37
14,2024,0,3,13853
14,2024,1,3,583
14,2024,2,3,3392
14,2024,3,3,5411
14,2024,4,3,4467
14,2024,0,4,8467
14,2024,1,4,127
14,2024,2,4,5250
14,2024,3,4,2778
14,2024,4,4,312
14,2025,0,0,33327
14,2025,1,0,991
14,2025,2,0,11909
14,2025,3,0,11780
14,2025,4,0,8647
14,2025,0,1,9247
14,2025,1,1,229
14,2025,2,1,2361
14,2025,3,1,2998
14,2025,4,1,3660
14,2025,0,2,1419
14,2025,1,2,33
14,2025,2,2,895
14,2025,3,2,452
14,2025,4,2,38
14,2025,0,3,14130
14,2025,1,3,600
14,2025,2,3,3399
14,2025,3,3,5504
14,2025,4,3,4627
14,2025,0,4,8531
14,2025,1,4,128
14,2025,2,4,5253
14,2025,3,4,2826
14,2025,4,4,323
14,2026,0,0,33856
14,2026,1,0,996
14,2026,2,0,11999
14,2026,3,0,11943
14,2026,4,0,8918
14,2026,0,1,9419
14,2026,1,1,227
14,2026,2,1,2378
14,2026,3,1,3040
14,2026,4,1,3774
14,2026,0,2,1432
14,2026,1,2,33
14,2026,2,2,902
14,2026,3,2,458
14,2026,4,2,39
14,2026,0,3,14388
14,2026,1,3,608
14,2026,2,3,3429
14,2026,3,3,5580
14,2026,4,3,4772
14,2026,0,4,8616
14,2026,1,4,128
14,2026,2,4,5291
14,2026,3,4,2865
14,2026,4,4,333
14,2027,0,0,34429
14,2027,1,0,980
14,2027,2,0,12146
14,2027,3,0,12075
14,2027,4,0,9228
14,2027,0,1,9605
14,2027,1,1,221
14,2027,2,1,2406
14,2027,3,1,3073
14,2027,4,1,3905
14,2027,0,2,1449
14,2027,1,2,32
14,2027,2,2,912
14,2027,3,2,464
14,2027,4,2,41
14,2027,0,3,14656
14,2027,1,3,603
14,2027,2,3,3474
14,2027,3,3,5642
14,2027,4,3,4937
14,2027,0,4,8719
14,2027,1,4,124
14,2027,2,4,5353
14,2027,3,4,2897
14,2027,4,4,345
14,2028,0,0,35020
14,2028,1,0,968
14,2028,2,0,12319
14,2028,3,0,12231
14,2028,4,0,9502
14,2028,0,1,9789
14,2028,1,1,216
14,2028,2,1,2439
14,2028,3,1,3113
14,2028,4,1,4021
14,2028,0,2,1468
14,2028,1,2,32
14,2028,2,2,925
14,2028,3,2,470
14,2028,4,2,42
14,2028,0,3,14926
14,2028,1,3,600
14,2028,2,3,3528
14,2028,3,3,5715
14,2028,4,3,5084
14,2028,0,4,8837
14,2028,1,4,121
14,2028,2,4,5427
14,2028,3,4,2934
14,2028,4,4,355
14,2029,0,0,35655
14,2029,1,0,957
14,2029,2,0,12475
14,2029,3,0,12413
14,2029,4,0,9809
14,2029,0,1,9990
14,2029,1,1,210
14,2029,2,1,2469
14,2029,3,1,3159
14,2029,4,1,4151
14,2029,0,2,1486
14,2029,1,2,31
14,2029,2,2,936
14,2029,3,2,476
14,2029,4,2,43
14,2029,0,3,15222
14,2029,1,3,598
14,2029,2,3,3576
14,2029,3,3,5799
14,2029,4,3,5249
14,2029,0,4,8956
14,2029,1,4,118
14,2029,2,4,5493
14,2029,3,4,2978
14,2029,4,4,366
14,2030,0,0,36356
14,2030,1,0,939
14,2030,2,0,12652
14,2030,3,0,12665
14,2030,4,0,10100
14,2030,0,1,10204
14,2030,1,1,204
14,2030,2,1,2503
14,2030,3,1,3223
14,2030,4,1,4275
14,2030,0,2,1509
14,2030,1,2,30
14,2030,2,2,949
14,2030,3,2,486
14,2030,4,2,44
14,2030,0,3,15544
14,2030,1,3,591
14,2030,2,3,3631
14,2030,3,3,5917
14,2030,4,3,5404
14,2030,0,4,9099
14,2030,1,4,114
14,2030,2,4,5569
14,2030,3,4,3038
14,2030,4,4,377
14,2031,0,0,37008
14,2031,1,0,925
14,2031,2,0,12784
14,2031,3,0,12976
14,2031,4,0,10323
14,2031,0,1,10397
14,2031,1,1,197
14,2031,2,1,2529
14,2031,3,1,3302
14,2031,4,1,4369
14,2031,0,2,1531
14,2031,1,2,29
14,2031,2,2,959
14,2031,3,2,498
14,2031,4,2,45
14,2031,0,3,15850
14,2031,1,3,588
14,2031,2,3,3676
14,2031,3,3,6062
14,2031,4,3,5523
14,2031,0,4,9230
14,2031,1,4,111
14,2031,2,4,5620
14,2031,3,4,3113
14,2031,4,4,385
14,2032,0,0,37684
14,2032,1,0,907
14,2032,2,0,12903
14,2032,3,0,13307
14,2032,4,0,10566
14,2032,0,1,10600
14,2032,1,1,191
14,2032,2,1,2552
14,2032,3,1,3387
14,2032,4,1,4472
14,2032,0,2,1552
14,2032,1,2,28
14,2032,2,2,967
14,2032,3,2,511
14,2032,4,2,46
14,2032,0,3,16170
14,2032,1,3,582
14,2032,2,3,3718
14,2032,3,3,6217
14,2032,4,3,5653
14,2032,0,4,9360
14,2032,1,4,107
14,2032,2,4,5666
14,2032,3,4,3192
14,2032,4,4,395
14,2033,0,0,38331
14,2033,1,0,886
14,2033,2,0,13011
14,2033,3,0,13631
14,2033,4,0,10804
14,2033,0,1,10796
14,2033,1,1,183
14,2033,2,1,2572
14,2033,3,1,3469
14,2033,4,1,4572
14,2033,0,2,1573
14,2033,1,2,27
14,2033,2,2,975
14,2033,3,2,523
14,2033,4,2,47
14,2033,0,3,16479
14,2033,1,3,573
14,2033,2,3,3757
14,2033,3,3,6368
14,2033,4,3,5781
14,2033,0,4,9483
14,2033,1,4,103
14,2033,2,4,5707
14,2033,3,4,3270
14,2033,4,4,403
14,2034,0,0,38980
14,2034,1,0,884
14,2034,2,0,13010
14,2034,3,0,14009
14,2034,4,0,11077
14,2034,0,1,11004
14,2034,1,1,179
14,2034,2,1,2571
14,2034,3,1,3565
14,2034,4,1,4688
14,2034,0,2,1587
14,2034,1,2,26
14,2034,2,2,975
14,2034,3,2,538
14,2034,4,2,49
14,2034,0,3,16814
14,2034,1,3,578
14,2034,2,3,3764
14,2034,3,3,6545
14,2034,4,3,5927
14,2034,0,4,9575
14,2034,1,4,101
14,2034,2,4,5700
14,2034,3,4,3361
14,2034,4,4,414
14,2035,0,0,39634
14,2035,1,0,874
14,2035,2,0,12947
14,2035,3,0,14344
14,2035,4,0,11468
14,2035,0,1,11237
14,2035,1,1,174
14,2035,2,1,2558
14,2035,3,1,3650
14,2035,4,1,4854
14,2035,0,2,1596
14,2035,1,2,25
14,2035,2,2,970
14,2035,3,2,551
14,2035,4,2,50
14,2035,0,3,17168
14,2035,1,3,577
14,2035,2,3,3753
14,2035,3,3,6702
14,2035,4,3,6136
14,2035,0,4,9633
14,2035,1,4,98
14,2035,2,4,5665
14,2035,3,4,3441
14,2035,4,4,428
14,2036,0,0,40258
14,2036,1,0,860
14,2036,2,0,12945
14,2036,3,0,14635
14,2036,4,0,11819
14,2036,0,1,11452
14,2036,1,1,168
14,2036,2,1,2557
14,2036,3,1,3724
14,2036,4,1,5002
14,2036,0,2,1608
14,2036,1,2,25
14,2036,2,2,969
14,2036,3,2,562
14,2036,4,2,52
14,2036,0,3,17494
14,2036,1,3,573
14,2036,2,3,3760
14,2036,3,3,6838
14,2036,4,3,6324
14,2036,0,4,9705
14,2036,1,4,94
14,2036,2,4,5658
14,2036,3,4,3511
14,2036,4,4,441
14,2037,0,0,40877
14,2037,1,0,853
14,2037,2,0,12879
14,2037,3,0,15051
14,2037,4,0,12094
14,2037,0,1,11656
14,2037,1,1,164
14,2037,2,1,2543
14,2037,3,1,3830
14,2037,4,1,5118
14,2037,0,2,1619
14,2037,1,2,24
14,2037,2,2,964
14,2037,3,2,578
14,2037,4,2,53
14,2037,0,3,17826
14,2037,1,3,574
14,2037,2,3,3749
14,2037,3,3,7032
14,2037,4,3,6471
14,2037,0,4,9776
14,2037,1,4,92
14,2037,2,4,5622
14,2037,3,4,3611
14,2037,4,4,452
14,2038,0,0,41486
14,2038,1,0,844
14,2038,2,0,12745
14,2038,3,0,15521
14,2038,4,0,12376
14,2038,0,1,11863
14,2038,1,1,158
14,2038,2,1,2516
14,2038,3,1,3950
14,2038,4,1,5238
14,2038,0,2,1627
14,2038,1,2,23
14,2038,2,2,954
14,2038,3,2,596
14,2038,4,2,54
14,2038,0,3,18164
14,2038,1,3,573
14,2038,2,3,3718
14,2038,3,3,7251
14,2038,4,3,6622
14,2038,0,4,9832
14,2038,1,4,89
14,2038,2,4,5557
14,2038,3,4,3723
14,2038,4,4,462
14,2039,0,0,42087
14,2039,1,0,829
14,2039,2,0,12675
14,2039,3,0,15936
14,2039,4,0,12647
14,2039,0,1,12062
14,2039,1,1,152
14,2039,2,1,2502
14,2039,3,1,4056
14,2039,4,1,5352
14,2039,0,2,1638
14,2039,1,2,22
14,2039,2,2,949
14,2039,3,2,612
14,2039,4,2,56
14,2039,0,3,18486
14,2039,1,3,569
14,2039,2,3,3705
14,2039,3,3,7445
14,2039,4,3,6767
14,2039,0,4,9901
14,2039,1,4,85
14,2039,2,4,5520
14,2039,3,4,3823
14,2039,4,4,472
14,2040,0,0,42661
14,2040,1,0,820
14,2040,2,0,12589
14,2040,3,0,16329
14,2040,4,0,12923
14,2040,0,1,12256
14,2040,1,1,147
14,2040,2,1,2484
14,2040,3,1,4156
14,2040,4,1,5469
14,2040,0,2,1647
14,2040,1,2,22
14,2040,2,2,942
14,2040,3,2,627
14,2040,4,2,57
14,2040,0,3,18799
14,2040,1,3,569
14,2040,2,3,3687
14,2040,3,3,7629
14,2040,4,3,6914
14,2040,0,4,9958
14,2040,1,4,83
14,2040,2,4,5476
14,2040,3,4,3917
14,2040,4,4,483
14,2041,0,0,43312
14,2041,1,0,820
14,2041,2,0,12643
14,2041,3,0,16618
14,2041,4,0,13230
14,2041,0,1,12471
14,2041,1,1,147
14,2041,2,1,2495
14,2041,3,1,4229
14,2041,4,1,5599
14,2041,0,2,1663
14,2041,1,2,22
14,2041,2,2,946
14,2041,3,2,638
14,2041,4,2,58
14,2041,0,3,19115
14,2041,1,3,569
14,2041,2,3,3703
14,2041,3,3,7764
14,2041,4,3,7079
14,2041,0,4,10063
14,2041,1,4,83
14,2041,2,4,5499
14,2041,3,4,3987
14,2041,4,4,494
14,2042,0,0,43930
14,2042,1,0,827
14,2042,2,0,12725
14,2042,3,0,16849
14,2042,4,0,13529
14,2042,0,1,12673
14,2042,1,1,148
14,2042,2,1,2511
14,2042,3,1,4288
14,2042,4,1,5726
14,2042,0,2,1680
14,2042,1,2,22
14,2042,2,2,952
14,2042,3,2,647
14,2042,4,2,59
14,2042,0,3,19411
14,2042,1,3,574
14,2042,2,3,3727
14,2042,3,3,7872
14,2042,4,3,7239
14,2042,0,4,10166
14,2042,1,4,83
14,2042,2,4,5535
14,2042,3,4,4042
14,2042,4,4,505
14,2043,0,0,44529
14,2043,1,0,840
14,2043,2,0,12807
14,2043,3,0,17096
14,2043,4,0,13786
14,2043,0,1,12863
14,2043,1,1,151
14,2043,2,1,2527
14,2043,3,1,4351
14,2043,4,1,5834
14,2043,0,2,1697
14,2043,1,2,22
14,2043,2,2,958
14,2043,3,2,656
14,2043,4,2,61
14,2043,0,3,19697
14,2043,1,3,582
14,2043,2,3,3751
14,2043,3,3,7988
14,2043,4,3,7376
14,2043,0,4,10272
14,2043,1,4,85
14,2043,2,4,5571
14,2043,3,4,4101
14,2043,4,4,515
14,2044,0,0,45143
14,2044,1,0,849
14,2044,2,0,12893
14,2044,3,0,17333
14,2044,4,0,14068
14,2044,0,1,13062
14,2044,1,1,152
14,2044,2,1,2544
14,2044,3,1,4411
14,2044,4,1,5954
14,2044,0,2,1714
14,2044,1,2,22
14,2044,2,2,965
14,2044,3,2,665
14,2044,4,2,62
14,2044,0,3,19990
14,2044,1,3,589
14,2044,2,3,3776
14,2044,3,3,8098
14,2044,4,3,7527
14,2044,0,4,10377
14,2044,1,4,86
14,2044,2,4,5608
14,2044,3,4,4158
14,2044,4,4,525
14,2045,0,0,45738
14,2045,1,0,862
14,2045,2,0,12990
14,2045,3,0,17496
14,2045,4,0,14390
14,2045,0,1,13261
14,2045,1,1,155
14,2045,2,1,2564
14,2045,3,1,4453
14,2045,4,1,6090
14,2045,0,2,1729
14,2045,1,2,23
14,2045,2,2,972
14,2045,3,2,672
14,2045,4,2,63
14,2045,0,3,20276
14,2045,1,3,598
14,2045,2,3,3805
14,2045,3,3,8174
14,2045,4,3,7700
14,2045,0,4,10472
14,2045,1,4,87
14,2045,2,4,5650
14,2045,3,4,4197
14,2045,4,4,537
14,2046,0,0,46330
14,2046,1,0,877
14,2046,2,0,13059
14,2046,3,0,17740
14,2046,4,0,14653
14,2046,0,1,13451
14,2046,1,1,157
14,2046,2,1,2577
14,2046,3,1,4515
14,2046,4,1,6201
14,2046,0,2,1745
14,2046,1,2,23
14,2046,2,2,977
14,2046,3,2,681
14,2046,4,2,64
14,2046,0,3,20562
14,2046,1,3,609
14,2046,2,3,3825
14,2046,3,3,8288
14,2046,4,3,7840
14,2046,0,4,10572
14,2046,1,4,88
14,2046,2,4,5681
14,2046,3,4,4256
14,2046,4,4,547
14,2047,0,0,46912
14,2047,1,0,888
14,2047,2,0,13090
14,2047,3,0,18021
14,2047,4,0,14914
14,2047,0,1,13640
14,2047,1,1,159
14,2047,2,1,2583
14,2047,3,1,4586
14,2047,4,1,6312
14,2047,0,2,1760
14,2047,1,2,23
14,2047,2,2,979
14,2047,3,2,692
14,2047,4,2,66
14,2047,0,3,20849
14,2047,1,3,616
14,2047,2,3,3834
14,2047,3,3,8420
14,2047,4,3,7980
14,2047,0,4,10663
14,2047,1,4,89
14,2047,2,4,5694
14,2047,3,4,4323
14,2047,4,4,557
14,2048,0,0,47499
14,2048,1,0,895
14,2048,2,0,13140
14,2048,3,0,18303
14,2048,4,0,15162
14,2048,0,1,13828
14,2048,1,1,161
14,2048,2,1,2593
14,2048,3,1,4658
14,2048,4,1,6417
14,2048,0,2,1776
14,2048,1,2,23
14,2048,2,2,983
14,2048,3,2,703
14,2048,4,2,67
14,2048,0,3,21133
14,2048,1,3,621
14,2048,2,3,3848
14,2048,3,3,8551
14,2048,4,3,8112
14,2048,0,4,10763
14,2048,1,4,90
14,2048,2,4,5715
14,2048,3,4,4391
14,2048,4,4,566
14,2049,0,0,48085
14,2049,1,0,900
14,2049,2,0,13188
14,2049,3,0,18538
14,2049,4,0,15460
14,2049,0,1,14025
14,2049,1,1,161
14,2049,2,1,2602
14,2049,3,1,4718
14,2049,4,1,6543
14,2049,0,2,1790
14,2049,1,2,24
14,2049,2,2,987
14,2049,3,2,712
14,2049,4,2,68
14,2049,0,3,21419
14,2049,1,3,624
14,2049,2,3,3862
14,2049,3,3,8661
14,2049,4,3,8272
14,2049,0,4,10852
14,2049,1,4,91
14,2049,2,4,5736
14,2049,3,4,4447
14,2049,4,4,577
14,2050,0,0,48678
14,2050,1,0,903
14,2050,2,0,13217
14,2050,3,0,18759
14,2050,4,0,15799
14,2050,0,1,14231
14,2050,1,1,162
14,2050,2,1,2608
14,2050,3,1,4774
14,2050,4,1,6686
14,2050,0,2,1802
14,2050,1,2,24
14,2050,2,2,989
14,2050,3,2,720
14,2050,4,2,69
14,2050,0,3,21715
14,2050,1,3,626
14,2050,2,3,3871
14,2050,3,3,8765
14,2050,4,3,8453
14,2050,0,4,10930
14,2050,1,4,91
14,2050,2,4,5749
14,2050,3,4,4500
14,2050,4,4,590
