age_group,age_lo,age_hi,ssp,year,pop
0-4,0,4,1,2020,20908024.885007095
5-9,5,9,1,2020,20611696.184178863
10-14,10,14,1,2020,22317711.269164875
15-19,15,19,1,2020,21227989.08298044
20-24,20,24,1,2020,20030032.568946224
25-29,25,29,1,2020,22997764.933703344
30-34,30,34,1,2020,24025717.981401477
35-39,35,39,1,2020,23697605.942709368
40-44,40,44,1,2020,20802772.183771193
45-49,45,49,1,2020,20780103.335731443
50-54,50,54,1,2020,20484524.970963415
55-59,55,59,1,2020,22267091.336345002
60-64,60,64,1,2020,21086272.514554452
65-69,65,69,1,2020,17825898.554103058
70-74,70,74,1,2020,14495922.3992145
75-79,75,79,1,2020,9772345.53799006
80-84,80,84,1,2020,6259641.128817907
85+,85,999,1,2020,7107308.202138133
0-4,0,4,1,2025,21245656.34949118
5-9,5,9,1,2025,21301352.321410634
10-14,10,14,1,2025,20866953.975311313
15-19,15,19,1,2025,22436615.438209042
20-24,20,24,1,2025,21356001.576454386
25-29,25,29,1,2025,21256777.066679403
30-34,30,34,1,2025,24070893.538949445
35-39,35,39,1,2025,24697334.81206332
40-44,40,44,1,2025,24057380.525909383
45-49,45,49,1,2025,20941859.63090791
50-54,50,54,1,2025,20710761.20179675
55-59,55,59,1,2025,20217311.182580274
60-64,60,64,1,2025,21699793.711593505
65-69,65,69,1,2025,20189282.02348657
70-74,70,74,1,2025,16617509.955087988
75-79,75,79,1,2025,12856770.769232744
80-84,80,84,1,2025,7970274.64860041
85+,85,999,1,2025,7899328.575831711
0-4,0,4,1,2030,21208557.892318826
5-9,5,9,1,2030,21603235.461441867
10-14,10,14,1,2030,21538970.36171965
15-19,15,19,1,2030,20996147.403265435
20-24,20,24,1,2030,22575607.782764446
25-29,25,29,1,2030,22589068.482705504
30-34,30,34,1,2030,22373813.62441456
35-39,35,39,1,2030,24741090.23380987
40-44,40,44,1,2030,25110564.654384073
45-49,45,49,1,2030,24219822.741461568
50-54,50,54,1,2030,20930537.21525443
55-59,55,59,1,2030,20514320.30551282
60-64,60,64,1,2030,19817383.195896618
65-69,65,69,1,2030,20917146.79571387
70-74,70,74,1,2030,18985515.928382624
75-79,75,79,1,2030,14945049.78072785
80-84,80,84,1,2030,10723220.18582669
85+,85,999,1,2030,9869803.651327275
0-4,0,4,1,2035,21447827.10430266
5-9,5,9,1,2035,21533498.12715806
10-14,10,14,1,2035,21822152.6616968
15-19,15,19,1,2035,21662054.94228716
20-24,20,24,1,2035,21147213.956749715
25-29,25,29,1,2035,23858149.86420821
30-34,30,34,1,2035,23676236.527884427
35-39,35,39,1,2035,23093478.823870867
40-44,40,44,1,2035,25167642.655472852
45-49,45,49,1,2035,25322227.632488668
50-54,50,54,1,2035,24232056.893182386
55-59,55,59,1,2035,20797437.240629066
60-64,60,64,1,2035,20193946.935502805
65-69,65,69,1,2035,19228491.10106677
70-74,70,74,1,2035,19831169.935690425
75-79,75,79,1,2035,17282110.03752737
80-84,80,84,1,2035,12712054.749576695
85+,85,999,1,2035,13479796.285882924
0-4,0,4,1,2040,21764727.335919335
5-9,5,9,1,2040,21755907.222902738
10-14,10,14,1,2040,21736521.355338767
15-19,15,19,1,2040,21938735.878902256
20-24,20,24,1,2040,21811067.75697278
25-29,25,29,1,2040,22418464.533787504
30-34,30,34,1,2040,24976449.58289653
35-39,35,39,1,2040,24375467.308569722
40-44,40,44,1,2040,23563103.719812337
45-49,45,49,1,2040,25406614.925354067
50-54,50,54,1,2040,25385594.28122905
55-59,55,59,1,2040,24125815.779067073
60-64,60,64,1,2040,20553430.455992155
65-69,65,69,1,2040,19701106.063988723
70-74,70,74,1,2040,18380504.92512233
75-79,75,79,1,2040,18270012.42597804
80-84,80,84,1,2040,14972305.938619621
85+,85,999,1,2040,17635942.740047295
0-4,0,4,1,2045,21788294.938305173
5-9,5,9,1,2045,22058124.982792042
10-14,10,14,1,2045,21950671.030502845
15-19,15,19,1,2045,21847210.52540604
20-24,20,24,1,2045,22084410.042516645
25-29,25,29,1,2045,23047505.233411014
30-34,30,34,1,2045,23574800.404235985
35-39,35,39,1,2045,25697545.66464962
40-44,40,44,1,2045,24842297.83619946
45-49,45,49,1,2045,23844123.293766603
50-54,50,54,1,2045,25505005.16144525
55-59,55,59,1,2045,25330489.270827692
60-64,60,64,1,2045,23908668.25452798
65-69,65,69,1,2045,20147969.763941795
70-74,70,74,1,2045,18958892.64238142
75-79,75,79,1,2045,17114107.85073009
80-84,80,84,1,2045,16095715.07648834
85+,85,999,1,2045,22419523.80083034
0-4,0,4,1,2050,21700697.932827152
5-9,5,9,1,2050,22066985.916474212
10-14,10,14,1,2050,22245940.304725014
15-19,15,19,1,2050,22059020.49450327
20-24,20,24,1,2050,21989909.840585686
25-29,25,29,1,2050,23275011.815817993
30-34,30,34,1,2050,24150167.681522217
35-39,35,39,1,2050,24336876.246549957
40-44,40,44,1,2050,26187274.192194067
45-49,45,49,1,2050,25134339.571772013
50-54,50,54,1,2050,23990826.50996416
55-59,55,59,1,2050,25495259.09369977
60-64,60,64,1,2050,25172987.70241392
65-69,65,69,1,2050,23536826.99701236
70-74,70,74,1,2050,19513229.94728952
75-79,75,79,1,2050,17833393.403565276
80-84,80,84,1,2050,15334058.484585071
85+,85,999,1,2050,27003661.575573955
0-4,0,4,1,2055,21691628.587895963
5-9,5,9,1,2055,21959735.016497713
10-14,10,14,1,2055,22246184.951294705
15-19,15,19,1,2055,22352308.089578487
20-24,20,24,1,2055,22202458.029775895
25-29,25,29,1,2055,23127410.593373317
30-34,30,34,1,2055,24317728.90405105
35-39,35,39,1,2055,24875197.963316698
40-44,40,44,1,2055,24855616.463442937
45-49,45,49,1,2055,26501631.451561093
50-54,50,54,1,2055,25297360.080221407
55-59,55,59,1,2055,24032995.988017615
60-64,60,64,1,2055,25392550.125946652
65-69,65,69,1,2055,24872742.74554864
70-74,70,74,1,2055,22936426.92722447
75-79,75,79,1,2055,18539433.722778603
80-84,80,84,1,2055,16234368.021380177
85+,85,999,1,2055,30079763.22203636
0-4,0,4,1,2060,21699713.868665375
5-9,5,9,1,2060,21929118.291708805
10-14,10,14,1,2060,22127194.544546593
15-19,15,19,1,2060,22349509.82859424
20-24,20,24,1,2060,22495264.179228056
25-29,25,29,1,2060,23316259.2945296
30-34,30,34,1,2060,24109825.80346034
35-39,35,39,1,2060,25002261.72721524
40-44,40,44,1,2060,25374643.094825342
45-49,45,49,1,2060,25193340.413088854
50-54,50,54,1,2060,26688607.29862027
55-59,55,59,1,2060,25361771.072241534
60-64,60,64,1,2060,23992567.888958097
65-69,65,69,1,2060,25164774.526695408
70-74,70,74,1,2060,24366507.708161328
75-79,75,79,1,2060,22002704.506830577
80-84,80,84,1,2060,17135350.32864908
85+,85,999,1,2060,33611584.56901313
0-4,0,4,1,2065,21681969.159242842
5-9,5,9,1,2065,21899856.214512434
10-14,10,14,1,2065,22070274.921972398
15-19,15,19,1,2065,22214171.07280959
20-24,20,24,1,2065,22470390.80622452
25-29,25,29,1,2065,23443573.941426743
30-34,30,34,1,2065,24163082.645503517
35-39,35,39,1,2065,24698938.465903018
40-44,40,44,1,2065,25442927.60173543
45-49,45,49,1,2065,25676076.388747443
50-54,50,54,1,2065,25355776.678842183
55-59,55,59,1,2065,26752784.38917065
60-64,60,64,1,2065,25338748.96878074
65-69,65,69,1,2065,23831035.76434719
70-74,70,74,1,2065,24757800.633353878
75-79,75,79,1,2065,23560932.023221854
80-84,80,84,1,2065,20631627.939105716
85+,85,999,1,2065,37800366.86099567
0-4,0,4,1,2070,21605541.22653231
5-9,5,9,1,2070,21846863.941112626
10-14,10,14,1,2070,22016801.315224104
15-19,15,19,1,2070,22142743.332693204
20-24,20,24,1,2070,22313888.621184103
25-29,25,29,1,2070,23249690.2787918
30-34,30,34,1,2070,24149538.97256689
35-39,35,39,1,2070,24664325.80728126
40-44,40,44,1,2070,25070919.01702258
45-49,45,49,1,2070,25703706.039996497
50-54,50,54,1,2070,25819811.544124845
55-59,55,59,1,2070,25414049.3175298
60-64,60,64,1,2070,26738459.484032035
65-69,65,69,1,2070,25207338.300317697
70-74,70,74,1,2070,23525071.40883259
75-79,75,79,1,2070,24093452.629403215
80-84,80,84,1,2070,22346377.925873287
85+,85,999,1,2070,45016778.52197588
0-4,0,4,1,2075,21412316.047445923
5-9,5,9,1,2075,21737405.27258783
10-14,10,14,1,2075,21940814.428050812
15-19,15,19,1,2075,22075529.40137839
20-24,20,24,1,2075,22223523.12613451
25-29,25,29,1,2075,22935085.182009183
30-34,30,34,1,2075,23814109.69144295
35-39,35,39,1,2075,24558282.02355803
40-44,40,44,1,2075,24973109.408923738
45-49,45,49,1,2075,25284992.391389567
50-54,50,54,1,2075,25825640.48095889
55-59,55,59,1,2075,25871880.908056285
60-64,60,64,1,2075,25408196.741185285
65-69,65,69,1,2075,26631888.779987443
70-74,70,74,1,2075,24952182.392443076
75-79,75,79,1,2075,23018931.005456902
80-84,80,84,1,2075,23076572.48399335
85+,85,999,1,2075,53358926.987973005
0-4,0,4,1,2080,21112596.743428465
5-9,5,9,1,2080,21512993.942425344
10-14,10,14,1,2080,21809716.82375025
15-19,15,19,1,2080,21986277.461221155
20-24,20,24,1,2080,22137890.829778124
25-29,25,29,1,2080,22703229.464600343
30-34,30,34,1,2080,23367223.397791114
35-39,35,39,1,2080,24128368.640336074
40-44,40,44,1,2080,24799557.16830951
45-49,45,49,1,2080,25141959.89548048
50-54,50,54,1,2080,25378984.961958624
55-59,55,59,1,2080,25865526.82107345
60-64,60,64,1,2080,25864310.58259377
65-69,65,69,1,2080,25323361.038536757
70-74,70,74,1,2080,26405868.785978712
75-79,75,79,1,2080,24498695.16743677
80-84,80,84,1,2080,22182951.26063742
85+,85,999,1,2080,60997242.17876481
0-4,0,4,1,2085,20780183.460559204
5-9,5,9,1,2085,21183959.77623522
10-14,10,14,1,2085,21564656.374881484
15-19,15,19,1,2085,21842311.399975132
20-24,20,24,1,2085,22030730.63126989
25-29,25,29,1,2085,22485086.325237285
30-34,30,34,1,2085,23015795.552390903
35-39,35,39,1,2085,23592401.60820612
40-44,40,44,1,2085,24300893.73139801
45-49,45,49,1,2085,24920821.245108806
50-54,50,54,1,2085,25208173.71857435
55-59,55,59,1,2085,25403126.785578366
60-64,60,64,1,2085,25852413.91822765
65-69,65,69,1,2085,25786765.653055035
70-74,70,74,1,2085,25136612.987038363
75-79,75,79,1,2085,25987975.184979547
80-84,80,84,1,2085,23711069.583669882
85+,85,999,1,2085,66119498.6522057
0-4,0,4,1,2090,20455626.47404735
5-9,5,9,1,2090,20824621.439263225
10-14,10,14,1,2090,21216426.83515613
15-19,15,19,1,2090,21584962.813620873
20-24,20,24,1,2090,21869738.873158615
25-29,25,29,1,2090,22252661.206752345
30-34,30,34,1,2090,22685077.49651078
35-39,35,39,1,2090,23159333.184463393
40-44,40,44,1,2090,23700049.22831551
45-49,45,49,1,2090,24374755.38426105
50-54,50,54,1,2090,24958317.258280616
55-59,55,59,1,2090,25216339.334632482
60-64,60,64,1,2090,25383058.463320125
65-69,65,69,1,2090,25780596.811062347
70-74,70,74,1,2090,25619354.801267408
75-79,75,79,1,2090,24787423.724191282
80-84,80,84,1,2090,25244100.34491357
85+,85,999,1,2090,71447437.42110524
0-4,0,4,1,2095,20126183.819706522
5-9,5,9,1,2095,20475369.88652996
10-14,10,14,1,2095,20839516.22677221
15-19,15,19,1,2095,21225310.57811132
20-24,20,24,1,2095,21595825.26259224
25-29,25,29,1,2095,21973631.15266443
30-34,30,34,1,2095,22345665.028303057
35-39,35,39,1,2095,22750837.73610175
40-44,40,44,1,2095,23206475.70028689
45-49,45,49,1,2095,23728447.47299504
50-54,50,54,1,2095,24382464.565370835
55-59,55,59,1,2095,24947331.20071851
60-64,60,64,1,2095,25184214.295715973
65-69,65,69,1,2095,25308901.158374593
70-74,70,74,1,2095,25618393.80562289
75-79,75,79,1,2095,25280163.345338974
80-84,80,84,1,2095,24107933.63343091
85+,85,999,1,2095,76670710.02467011
0-4,0,4,1,2100,19761549.743575923
5-9,5,9,1,2100,20122945.875211045
10-14,10,14,1,2100,20473999.18447934
15-19,15,19,1,2100,20837662.905828048
20-24,20,24,1,2100,21220642.522332937
25-29,25,29,1,2100,21590021.385294545
30-34,30,34,1,2100,21967082.94629954
35-39,35,39,1,2100,22338111.002787393
40-44,40,44,1,2100,22741073.002746087
45-49,45,49,1,2100,23192801.54429055
50-54,50,54,1,2100,23708220.858392872
55-59,55,59,1,2100,24352657.707623262
60-64,60,64,1,2100,24901728.01030809
65-69,65,69,1,2100,25103066.811198525
70-74,70,74,1,2100,25146329.5780557
75-79,75,79,1,2100,25278541.109977014
80-84,80,84,1,2100,24586145.641873453
85+,85,999,1,2100,79140697.70324478
0-4,0,4,2,2020,21174493.03277958
5-9,5,9,2,2020,20716553.579106927
10-14,10,14,2,2020,22317015.000473548
15-19,15,19,2,2020,21228703.617237873
20-24,20,24,2,2020,20024634.037049167
25-29,25,29,2,2020,22980362.512292147
30-34,30,34,2,2020,24006644.423311125
35-39,35,39,2,2020,23673774.34330707
40-44,40,44,2,2020,20778103.545406383
45-49,45,49,2,2020,20742792.623979956
50-54,50,54,2,2020,20427441.2772265
55-59,55,59,2,2020,22176077.66931851
60-64,60,64,2,2020,20961158.684227303
65-69,65,69,2,2020,17676572.37620495
70-74,70,74,2,2020,14326596.48383988
75-79,75,79,2,2020,9605307.464751516
80-84,80,84,2,2020,6102424.11537032
85+,85,999,2,2020,6808388.728497604
0-4,0,4,2,2025,21678360.66641261
5-9,5,9,2,2025,21590532.054411165
10-14,10,14,2,2025,20979497.72373234
15-19,15,19,2,2025,22435413.363254327
20-24,20,24,2,2025,21345395.525045324
25-29,25,29,2,2025,21236166.981725838
30-34,30,34,2,2025,24036814.24274704
35-39,35,39,2,2025,24656165.455061235
40-44,40,44,2,2025,24002459.035173055
45-49,45,49,2,2025,20879828.357400604
50-54,50,54,2,2025,20619226.96335568
55-59,55,59,2,2025,20084398.761945933
60-64,60,64,2,2025,21491153.442717604
65-69,65,69,2,2025,19909550.51624708
70-74,70,74,2,2025,16294005.276175087
75-79,75,79,2,2025,12490905.073792761
80-84,80,84,2,2025,7634176.901359443
85+,85,999,2,2025,7299561.9111292465
0-4,0,4,2,2030,21824265.36372244
5-9,5,9,2,2030,22066166.941087626
10-14,10,14,2,2030,21841750.12961011
15-19,15,19,2,2030,21110704.84152862
20-24,20,24,2,2030,22559992.247831203
25-29,25,29,2,2030,22558817.661102634
30-34,30,34,2,2030,22334502.164480396
35-39,35,39,2,2030,24680145.357615534
40-44,40,44,2,2030,25030337.945836943
45-49,45,49,2,2030,24107440.231188234
50-54,50,54,2,2030,20799600.742486913
55-59,55,59,2,2030,20326465.769467004
60-64,60,64,2,2030,19550660.102204915
65-69,65,69,2,2030,20510081.052684914
70-74,70,74,2,2030,18461041.411574032
75-79,75,79,2,2030,14343342.639068482
80-84,80,84,2,2030,10084379.89921502
85+,85,999,2,2030,8813353.402705746
0-4,0,4,2,2035,22004931.031407807
5-9,5,9,2,2035,22186049.981488734
10-14,10,14,2,2035,22302624.554624587
15-19,15,19,2,2035,21968566.410870023
20-24,20,24,2,2035,21251312.033976864
25-29,25,29,2,2035,23818268.331443142
30-34,30,34,2,2035,23622191.310220946
35-39,35,39,2,2035,23025166.5912605
40-44,40,44,2,2035,25063100.361752428
45-49,45,49,2,2035,25176830.601560656
50-54,50,54,2,2035,24028596.429954775
55-59,55,59,2,2035,20560368.846106183
60-64,60,64,2,2035,19857313.03821769
65-69,65,69,2,2035,18761558.202843543
70-74,70,74,2,2035,19142823.114183072
75-79,75,79,2,2035,16401085.517971862
80-84,80,84,2,2035,11749538.03057893
85+,85,999,2,2035,11605938.794921877
0-4,0,4,2,2040,22265363.945703633
5-9,5,9,2,2040,22350970.2708606
10-14,10,14,2,2040,22410765.63892281
15-19,15,19,2,2040,22424280.65148552
20-24,20,24,2,2040,22109410.22885713
25-29,25,29,2,2040,22536420.9816977
30-34,30,34,2,2040,24908908.389027994
35-39,35,39,2,2040,24287872.73402676
40-44,40,44,2,2040,23449572.22208908
45-49,45,49,2,2040,25230141.210361235
50-54,50,54,2,2040,25135607.222015604
55-59,55,59,2,2040,23781649.78363207
60-64,60,64,2,2040,20149465.13151841
65-69,65,69,2,2040,19136806.787853852
70-74,70,74,2,2040,17621379.621080518
75-79,75,79,2,2040,17157185.57876372
80-84,80,84,2,2040,13613392.101197084
85+,85,999,2,2040,14635237.46047364
0-4,0,4,2,2045,22343385.80198938
5-9,5,9,2,2045,22598675.726056755
10-14,10,14,2,2045,22567906.411105156
15-19,15,19,2,2045,22528133.796916377
20-24,20,24,2,2045,22563568.32700811
25-29,25,29,2,2045,23390758.625610463
30-34,30,34,2,2045,23699063.560024373
35-39,35,39,2,2045,25592223.15004628
40-44,40,44,2,2045,24704886.469518848
45-49,45,49,2,2045,23660695.518813558
50-54,50,54,2,2045,25220601.098521385
55-59,55,59,2,2045,24929123.35879942
60-64,60,64,2,2045,23358570.171978913
65-69,65,69,2,2045,19501271.613063283
70-74,70,74,2,2045,18074308.99200695
75-79,75,79,2,2045,15928568.182076877
80-84,80,84,2,2045,14426795.29635657
85+,85,999,2,2045,17907764.89609468
0-4,0,4,2,2050,22385418.336494457
5-9,5,9,2,2050,22664879.550093208
10-14,10,14,2,2050,22810415.113367014
15-19,15,19,2,2050,22683587.525528256
20-24,20,24,2,2050,22667641.165230904
25-29,25,29,2,2050,23824598.629218906
30-34,30,34,2,2050,24527200.19558352
35-39,35,39,2,2050,24447239.764585637
40-44,40,44,2,2050,26029339.724962376
45-49,45,49,2,2050,24923394.619463675
50-54,50,54,2,2050,23706387.936730925
55-59,55,59,2,2050,25061242.000141367
60-64,60,64,2,2050,24559748.074968275
65-69,65,69,2,2050,22694655.837087467
70-74,70,74,2,2050,18534340.47332466
75-79,75,79,2,2050,16486191.002265053
80-84,80,84,2,2050,13584556.938918343
85+,85,999,2,2050,20682941.76649293
0-4,0,4,2,2055,22556149.271459803
5-9,5,9,2,2055,22689832.438656107
10-14,10,14,2,2055,22870888.386025935
15-19,15,19,2,2055,22925253.1279302
20-24,20,24,2,2055,22825224.589754503
25-29,25,29,2,2055,23905328.565502826
30-34,30,34,2,2055,24921837.866341718
35-39,35,39,2,2055,25257521.075133663
40-44,40,44,2,2055,24933533.64512411
45-49,45,49,2,2055,26270204.836522564
50-54,50,54,2,2055,24985913.755587157
55-59,55,59,2,2055,23615069.4109543
60-64,60,64,2,2055,24755208.823139384
65-69,65,69,2,2055,23960390.30846956
70-74,70,74,2,2055,21693460.69313592
75-79,75,79,2,2055,17069549.976019885
80-84,80,84,2,2055,14265147.252268814
85+,85,999,2,2055,22030316.11968074
0-4,0,4,2,2060,22717263.463511948
5-9,5,9,2,2060,22837803.04269978
10-14,10,14,2,2060,22886299.78730272
15-19,15,19,2,2060,22984487.770599037
20-24,20,24,2,2060,23068820.708635584
25-29,25,29,2,2060,24048977.03396081
30-34,30,34,2,2060,24966012.828020733
35-39,35,39,2,2060,25626639.06559251
40-44,40,44,2,2060,25740493.125268396
45-49,45,49,2,2060,25216838.41420618
50-54,50,54,2,2060,26358753.793416824
55-59,55,59,2,2060,24919809.597470183
60-64,60,64,2,2060,23395465.237853646
65-69,65,69,2,2060,24240024.177359015
70-74,70,74,2,2060,23035292.86886897
75-79,75,79,2,2060,20161272.415482577
80-84,80,84,2,2060,14986698.686821727
85+,85,999,2,2060,23705428.069333803
0-4,0,4,2,2065,22750252.642203853
5-9,5,9,2,2065,22956777.714908645
10-14,10,14,2,2065,23006059.019677572
15-19,15,19,2,2065,22983536.508000866
20-24,20,24,2,2065,23107022.477118634
25-29,25,29,2,2065,24124058.498878688
30-34,30,34,2,2065,24970045.41931185
35-39,35,39,2,2065,25587702.12919045
40-44,40,44,2,2065,26062281.38127867
45-49,45,49,2,2065,26001446.486680795
50-54,50,54,2,2065,25300744.479584616
55-59,55,59,2,2065,26297047.286579408
60-64,60,64,2,2065,24720911.684997633
65-69,65,69,2,2065,22979600.360453427
70-74,70,74,2,2065,23413880.02337734
75-79,75,79,2,2065,21591457.690550946
80-84,80,84,2,2065,17943727.27157485
85+,85,999,2,2065,25925370.15638429
0-4,0,4,2,2070,22665558.60139012
5-9,5,9,2,2070,22949346.653862193
10-14,10,14,2,2070,23098600.22794022
15-19,15,19,2,2070,23087905.88313508
20-24,20,24,2,2070,23085500.458523877
25-29,25,29,2,2070,23992250.407523766
30-34,30,34,2,2070,24900820.655725647
35-39,35,39,2,2070,25502138.052123126
40-44,40,44,2,2070,25963890.728881504
45-49,45,49,2,2070,26291198.189802945
50-54,50,54,2,2070,26075039.885384794
55-59,55,59,2,2070,25250127.43450825
60-64,60,64,2,2070,26109675.56169926
65-69,65,69,2,2070,24335983.776640195
70-74,70,74,2,2070,22291215.285036746
75-79,75,79,2,2070,22110149.993768558
80-84,80,84,2,2070,19455261.73677997
85+,85,999,2,2070,30436648.461613666
0-4,0,4,2,2075,22479831.974513505
5-9,5,9,2,2075,22826152.330710147
10-14,10,14,2,2075,23064719.89948693
15-19,15,19,2,2075,23165538.323204655
20-24,20,24,2,2075,23170426.467578832
25-29,25,29,2,2075,23808355.675809868
30-34,30,34,2,2075,24625130.778374687
35-39,35,39,2,2075,25338965.56771301
40-44,40,44,2,2075,25815095.481626768
45-49,45,49,2,2075,26154330.61886044
50-54,50,54,2,2075,26351571.479773965
55-59,55,59,2,2075,26027045.65918578
60-64,60,64,2,2075,25093854.55455598
65-69,65,69,2,2075,25755189.916006718
70-74,70,74,2,2075,23698665.350578506
75-79,75,79,2,2075,21197068.599880695
80-84,80,84,2,2075,20154595.818329275
85+,85,999,2,2075,35527369.31796905
0-4,0,4,2,2080,22235937.522473972
5-9,5,9,2,2080,22603203.820357617
10-14,10,14,2,2080,22915952.023829237
15-19,15,19,2,2080,23116485.3549602
20-24,20,24,2,2080,23228894.85482367
25-29,25,29,2,2080,23739824.306690462
30-34,30,34,2,2080,24303653.505782068
35-39,35,39,2,2080,24967839.49580581
40-44,40,44,2,2080,25585120.461436056
45-49,45,49,2,2080,25963728.202255126
50-54,50,54,2,2080,26197379.21626434
55-59,55,59,2,2080,26304361.564937234
60-64,60,64,2,2080,25884602.800692394
65-69,65,69,2,2080,24798504.8394117
70-74,70,74,2,2080,25167378.345042467
75-79,75,79,2,2080,22677221.76338769
80-84,80,84,2,2080,19528006.508493878
85+,85,999,2,2080,40288294.88478332
0-4,0,4,2,2085,21986697.182762016
5-9,5,9,2,2085,22324026.380328663
10-14,10,14,2,2085,22668093.79047626
15-19,15,19,2,2085,22952863.468119334
20-24,20,24,2,2085,23160316.811676186
25-29,25,29,2,2085,23648512.64567318
30-34,30,34,2,2085,24103919.900004394
35-39,35,39,2,2085,24553491.49684917
40-44,40,44,2,2085,25145290.100714955
45-49,45,49,2,2085,25689279.998103645
50-54,50,54,2,2085,25986409.07073487
55-59,55,59,2,2085,26148303.987533793
60-64,60,64,2,2085,26175013.738017924
65-69,65,69,2,2085,25619706.91270515
70-74,70,74,2,2085,24307028.81163858
75-79,75,79,2,2085,24218257.912231658
80-84,80,84,2,2085,21092788.217178904
85+,85,999,2,2085,43633244.531103924
0-4,0,4,2,2090,21725346.251396727
5-9,5,9,2,2090,22041580.676917393
10-14,10,14,2,2090,22365131.661404416
15-19,15,19,2,2090,22690503.910690997
20-24,20,24,2,2090,22977554.730895046
25-29,25,29,2,2090,23430745.03800437
30-34,30,34,2,2090,23883777.004212115
35-39,35,39,2,2090,24263690.1718024
40-44,40,44,2,2090,24663263.506838832
45-49,45,49,2,2090,25203908.523428638
50-54,50,54,2,2090,25689659.98427784
55-59,55,59,2,2090,25932759.76733925
60-64,60,64,2,2090,26030784.743471414
65-69,65,69,2,2090,25942179.44535529
70-74,70,74,2,2090,25181016.646129094
75-79,75,79,2,2090,23509523.95691668
80-84,80,84,2,2090,22725364.756555185
85+,85,999,2,2090,47914089.40881487
0-4,0,4,2,2095,21405244.84412964
5-9,5,9,2,2095,21748638.974431645
10-14,10,14,2,2095,22060127.846344672
15-19,15,19,2,2095,22373623.9580531
20-24,20,24,2,2095,22696593.85864772
25-29,25,29,2,2095,23103151.103241462
30-34,30,34,2,2095,23538542.489267934
35-39,35,39,2,2095,23954576.14468285
40-44,40,44,2,2095,24307320.847774554
45-49,45,49,2,2095,24676983.76533666
50-54,50,54,2,2095,25181391.700390585
55-59,55,59,2,2095,25629706.106652673
60-64,60,64,2,2095,25824117.083554957
65-69,65,69,2,2095,25829585.375029556
70-74,70,74,2,2095,25560662.16342018
75-79,75,79,2,2095,24467194.825108174
80-84,80,84,2,2095,22238567.412247732
85+,85,999,2,2095,53303284.04180298
0-4,0,4,2,2100,21000791.25405597
5-9,5,9,2,2100,21398436.943528615
10-14,10,14,2,2100,21745625.72899048
15-19,15,19,2,2100,22055256.311152045
20-24,20,24,2,2100,22361738.985829614
25-29,25,29,2,2100,22683116.792850483
30-34,30,34,2,2100,23088830.249326054
35-39,35,39,2,2100,23522277.076073132
40-44,40,44,2,2100,23933342.760964695
45-49,45,49,2,2100,24277051.710172907
50-54,50,54,2,2100,24631558.40180814
55-59,55,59,2,2100,25114246.940438207
60-64,60,64,2,2100,25527263.72861573
65-69,65,69,2,2100,25649305.896379765
70-74,70,74,2,2100,25503354.587289132
75-79,75,79,2,2100,24935152.38669845
80-84,80,84,2,2100,23308537.400461517
85+,85,999,2,2100,57780089.149089366
0-4,0,4,3,2020,19117736.02176343
5-9,5,9,3,2020,19635713.500965144
10-14,10,14,3,2020,22154581.970074933
15-19,15,19,3,2020,21132064.35884374
20-24,20,24,3,2020,19921052.275752332
25-29,25,29,3,2020,22495771.61298503
30-34,30,34,3,2020,23371743.256991424
35-39,35,39,3,2020,23232764.4688388
40-44,40,44,3,2020,20480288.42593018
45-49,45,49,3,2020,20532738.234989554
50-54,50,54,3,2020,20262583.69980121
55-59,55,59,3,2020,22027031.395572092
60-64,60,64,3,2020,20806174.812608965
65-69,65,69,3,2020,17512797.882023152
70-74,70,74,3,2020,14157694.817057716
75-79,75,79,3,2020,9445300.44753378
80-84,80,84,3,2020,5953427.809969376
85+,85,999,3,2020,6511061.085358028
0-4,0,4,3,2025,18264561.84280504
5-9,5,9,3,2025,19319856.601502173
10-14,10,14,3,2025,19763508.543521307
15-19,15,19,3,2025,22189730.137427412
20-24,20,24,3,2025,21138075.478383254
25-29,25,29,3,2025,20471113.004095607
30-34,30,34,3,2025,22961238.26336983
35-39,35,39,3,2025,23619522.851771306
40-44,40,44,3,2025,23285219.064162295
45-49,45,49,3,2025,20378998.071265887
50-54,50,54,3,2025,20240568.926331576
55-59,55,59,3,2025,19764089.52460412
60-64,60,64,3,2025,21166224.82701697
65-69,65,69,3,2025,19560170.21018091
70-74,70,74,3,2025,15932074.351974089
75-79,75,79,3,2025,12112966.960946374
80-84,80,84,3,2025,7301570.171800316
85+,85,999,3,2025,6755058.001330063
0-4,0,4,3,2030,17029088.484026805
5-9,5,9,3,2030,18446757.763795175
10-14,10,14,3,2030,19440412.50629089
15-19,15,19,3,2030,19811066.606545083
20-24,20,24,3,2030,22196680.721805032
25-29,25,29,3,2030,21684999.066080704
30-34,30,34,3,2030,20962514.944449097
35-39,35,39,3,2030,23207354.852342404
40-44,40,44,3,2030,23694321.018114418
45-49,45,49,3,2030,23166045.494292777
50-54,50,54,3,2030,20114930.61201932
55-59,55,59,3,2030,19770758.694889277
60-64,60,64,3,2030,19036258.208170958
65-69,65,69,3,2030,19946009.243422426
70-74,70,74,3,2030,17843418.29476067
75-79,75,79,3,2030,13694660.497791631
80-84,80,84,3,2030,9437109.485446969
85+,85,999,3,2030,7840608.548442701
0-4,0,4,3,2035,16834503.177178305
5-9,5,9,3,2035,17192335.84071702
10-14,10,14,3,2035,18555923.644657105
15-19,15,19,3,2035,19485090.705167986
20-24,20,24,3,2035,19837019.86629674
25-29,25,29,3,2035,22762050.78919208
30-34,30,34,3,2035,22154783.76506474
35-39,35,39,3,2035,21238778.798757657
40-44,40,44,3,2035,23289430.14108372
45-49,45,49,3,2035,23595651.804534066
50-54,50,54,3,2035,22872854.024978302
55-59,55,59,3,2035,19678981.791323066
60-64,60,64,3,2035,19077472.597628452
65-69,65,69,3,2035,17988414.32952792
70-74,70,74,3,2035,18252413.427447554
75-79,75,79,3,2035,15399731.552642774
80-84,80,84,3,2035,10740744.226211183
85+,85,999,3,2035,9915902.427258471
0-4,0,4,3,2040,16597492.126885427
5-9,5,9,3,2040,16989855.407593187
10-14,10,14,3,2040,17291941.149073683
15-19,15,19,3,2040,18596337.1469367
20-24,20,24,3,2040,19512179.64393582
25-29,25,29,3,2040,20447464.68024185
30-34,30,34,3,2040,23241696.817225404
35-39,35,39,3,2040,22414159.962640967
40-44,40,44,3,2040,21351261.66338211
45-49,45,49,3,2040,23204930.52479658
50-54,50,54,3,2040,23319568.40523746
55-59,55,59,3,2040,22389534.32717934
60-64,60,64,3,2040,19022944.059135877
65-69,65,69,3,2040,18066280.39935869
70-74,70,74,3,2040,16514341.449721145
75-79,75,79,3,2040,15821953.115114123
80-84,80,84,3,2040,12153726.694548301
85+,85,999,3,2040,11957090.96481575
0-4,0,4,3,2045,15932893.73804233
5-9,5,9,3,2045,16749272.880253466
10-14,10,14,3,2045,17086905.360718213
15-19,15,19,3,2045,17329749.572642583
20-24,20,24,3,2045,18622491.385805536
25-29,25,29,3,2045,20113283.000509687
30-34,30,34,3,2045,20991634.43645826
35-39,35,39,3,2045,23505314.33534076
40-44,40,44,3,2045,22516740.949353818
45-49,45,49,3,2045,21304187.560982283
50-54,50,54,3,2045,22951886.2196533
55-59,55,59,3,2045,22856055.79064605
60-64,60,64,3,2045,21668476.698037103
65-69,65,69,3,2045,18060737.475571234
70-74,70,74,3,2045,16635634.931136454
75-79,75,79,3,2045,14380796.000510264
80-84,80,84,3,2045,12571216.85324632
85+,85,999,3,2045,13974515.675333597
0-4,0,4,3,2050,14995053.712903596
5-9,5,9,3,2050,16077873.830181418
10-14,10,14,3,2050,16843991.674610846
15-19,15,19,3,2050,17123566.553006984
20-24,20,24,3,2050,17357375.326349612
25-29,25,29,3,2050,19194263.585786376
30-34,30,34,3,2050,20636263.037169594
35-39,35,39,3,2050,21311453.209703647
40-44,40,44,3,2050,23613318.436670948
45-49,45,49,3,2050,22466079.17005853
50-54,50,54,3,2050,21103307.462794986
55-59,55,59,3,2050,22524342.765747067
60-64,60,64,3,2050,22163371.603878018
65-69,65,69,3,2050,20617969.409054507
70-74,70,74,3,2050,16698199.62969453
75-79,75,79,3,2050,14565545.033544056
80-84,80,84,3,2050,11523239.220247315
85+,85,999,3,2050,15391243.913277674
0-4,0,4,3,2055,14294342.23946593
5-9,5,9,3,2055,15130264.889821652
10-14,10,14,3,2055,16169890.88064532
15-19,15,19,3,2055,16880807.846704625
20-24,20,24,3,2055,17153908.759400472
25-29,25,29,3,2055,17900688.369245805
30-34,30,34,3,2055,19679334.948705792
35-39,35,39,3,2055,20943488.49635211
40-44,40,44,3,2055,21468896.318931587
45-49,45,49,3,2055,23569567.001540385
50-54,50,54,3,2055,22266037.751838204
55-59,55,59,3,2055,20747612.316138472
60-64,60,64,3,2055,21886468.815746255
65-69,65,69,3,2055,21153951.287772585
70-74,70,74,3,2055,19134252.601349887
75-79,75,79,3,2055,14719289.24698158
80-84,80,84,3,2055,11782018.725676356
85+,85,999,3,2055,15514966.833423981
0-4,0,4,3,2060,13661463.169667661
5-9,5,9,3,2060,14414852.641450029
10-14,10,14,3,2060,15216686.272290798
15-19,15,19,3,2060,16207179.696183518
20-24,20,24,3,2060,16914029.308468733
25-29,25,29,3,2060,17695266.6855416
30-34,30,34,3,2060,18351519.98116304
35-39,35,39,3,2060,19964119.698909163
40-44,40,44,3,2060,21101103.609108392
45-49,45,49,3,2060,21478044.875660155
50-54,50,54,3,2060,23382745.639237184
55-59,55,59,3,2060,21921162.840363715
60-64,60,64,3,2060,20215434.58642922
65-69,65,69,3,2060,20961392.415019862
70-74,70,74,3,2060,19727631.334642675
75-79,75,79,3,2060,16980317.82752139
80-84,80,84,3,2060,12038491.581331138
85+,85,999,3,2060,15850787.27518729
0-4,0,4,3,2065,13166636.81753498
5-9,5,9,3,2065,13757263.33420178
10-14,10,14,3,2065,14486000.930492831
15-19,15,19,3,2065,15246999.661418475
20-24,20,24,3,2065,16233488.215317592
25-29,25,29,3,2065,17380933.543990534
30-34,30,34,3,2065,18084440.96838547
35-39,35,39,3,2065,18590233.49277482
40-44,40,44,3,2065,20097204.96231547
45-49,45,49,3,2065,21105026.59905082
50-54,50,54,3,2065,21325277.43604533
55-59,55,59,3,2065,23038038.28706409
60-64,60,64,3,2065,21393213.723978125
65-69,65,69,3,2065,19416751.764310542
70-74,70,74,3,2065,19630855.94101362
75-79,75,79,3,2065,17626084.45647504
80-84,80,84,3,2065,14022632.788467122
85+,85,999,3,2065,16508469.334130522
0-4,0,4,3,2070,12755452.285017079
5-9,5,9,3,2070,13242595.460137466
10-14,10,14,3,2070,13814343.703019863
15-19,15,19,3,2070,14509347.931544827
20-24,20,24,3,2070,15266495.819015797
25-29,25,29,3,2070,16624783.828723699
30-34,30,34,3,2070,17706448.223106243
35-39,35,39,3,2070,18285036.772968087
40-44,40,44,3,2070,18696826.186357517
45-49,45,49,3,2070,20093076.64675338
50-54,50,54,3,2070,20959949.485786773
55-59,55,59,3,2070,21033113.01165391
60-64,60,64,3,2070,22513505.80628994
65-69,65,69,3,2070,20597380.0327759
70-74,70,74,3,2070,18252973.606054205
75-79,75,79,3,2070,17645468.00028906
80-84,80,84,3,2070,14692642.673268009
85+,85,999,3,2070,18598134.176100884
0-4,0,4,3,2075,12256661.261054358
5-9,5,9,3,2075,12813991.916580532
10-14,10,14,3,2075,13287183.550150638
15-19,15,19,3,2075,13830590.586728793
20-24,20,24,3,2075,14521267.925429534
25-29,25,29,3,2075,15582833.558585262
30-34,30,34,3,2075,16886964.470201723
35-39,35,39,3,2075,17867028.584375832
40-44,40,44,3,2075,18367240.071574915
45-49,45,49,3,2075,18685124.811824333
50-54,50,54,3,2075,19958871.72127004
55-59,55,59,3,2075,20689623.960960675
60-64,60,64,3,2075,20588161.368504155
65-69,65,69,3,2075,21729006.223322827
70-74,70,74,3,2075,19435903.942913342
75-79,75,79,3,2075,16507475.3003271
80-84,80,84,3,2075,14848142.544462297
85+,85,999,3,2075,20612504.70402965
0-4,0,4,3,2080,11633204.676484905
5-9,5,9,3,2080,12298802.585039647
10-14,10,14,3,2080,12847521.961697835
15-19,15,19,3,2080,13297223.029912114
20-24,20,24,3,2080,13834508.183143167
25-29,25,29,3,2080,14761074.680143828
30-34,30,34,3,2080,15782308.643010799
35-39,35,39,3,2080,17007027.869536288
40-44,40,44,3,2080,17922868.571683217
45-49,45,49,3,2080,18343265.52528163
50-54,50,54,3,2080,18561968.08307945
55-59,55,59,3,2080,19714480.415919203
60-64,60,64,3,2080,20278983.88700873
65-69,65,69,3,2080,19916590.933955498
70-74,70,74,3,2080,20571492.252664365
75-79,75,79,3,2080,17671541.886832755
80-84,80,84,3,2080,14008622.125051951
85+,85,999,3,2080,22097664.260395985
0-4,0,4,3,2085,10983313.43830045
5-9,5,9,3,2085,11659844.284961266
10-14,10,14,3,2085,12321604.038745893
15-19,15,19,3,2085,12851848.540351123
20-24,20,24,3,2085,13293812.598127646
25-29,25,29,3,2085,13999297.89885426
30-34,30,34,3,2085,14897763.894069325
35-39,35,39,3,2085,15862446.911562836
40-44,40,44,3,2085,17037082.10114935
45-49,45,49,3,2085,17886472.504571706
50-54,50,54,3,2085,18222377.957897834
55-59,55,59,3,2085,18347374.346911874
60-64,60,64,3,2085,19349788.622124467
65-69,65,69,3,2085,19663233.27507947
70-74,70,74,3,2085,18923836.694242947
75-79,75,79,3,2085,18812375.203578744
80-84,80,84,3,2085,15130067.8004296
85+,85,999,3,2085,22463461.46540303
0-4,0,4,3,2090,10388227.99612508
5-9,5,9,3,2090,10994974.386535194
10-14,10,14,3,2090,11672177.035341594
15-19,15,19,3,2090,12320443.049589472
20-24,20,24,3,2090,12841549.987679051
25-29,25,29,3,2090,13390634.856414352
30-34,30,34,3,2090,14075625.701820565
35-39,35,39,3,2090,14937471.687290281
40-44,40,44,3,2090,15866490.844563069
45-49,45,49,3,2090,16988363.040093992
50-54,50,54,3,2090,17765829.66704215
55-59,55,59,3,2090,18019757.327779915
60-64,60,64,3,2090,18028034.178071234
65-69,65,69,3,2090,18799996.94677797
70-74,70,74,3,2090,18742549.91122794
75-79,75,79,3,2090,17395645.94352871
80-84,80,84,3,2090,16240028.731129732
85+,85,999,3,2090,23739490.350358643
0-4,0,4,3,2095,9868633.28138401
5-9,5,9,3,2095,10386922.012786781
10-14,10,14,3,2095,10997756.065880667
15-19,15,19,3,2095,11665874.094404997
20-24,20,24,3,2095,12303603.539500901
25-29,25,29,3,2095,12875085.413362242
30-34,30,34,3,2095,13412253.457021926
35-39,35,39,3,2095,14076840.083074158
40-44,40,44,3,2095,14915050.415456798
45-49,45,49,3,2095,15806240.195277885
50-54,50,54,3,2095,16870233.80705812
55-59,55,59,3,2095,17575011.359758098
60-64,60,64,3,2095,17724108.534619562
65-69,65,69,3,2095,17549345.7531496
70-74,70,74,3,2095,17974298.18940321
75-79,75,79,3,2095,17314937.43729205
80-84,80,84,3,2095,15135367.236985875
85+,85,999,3,2095,25742890.297542498
0-4,0,4,3,2100,9395197.989403045
5-9,5,9,3,2100,9855746.374081481
10-14,10,14,3,2100,10380946.597932477
15-19,15,19,3,2100,10986694.547998296
20-24,20,24,3,2100,11642868.894707097
25-29,25,29,3,2100,12276281.024203928
30-34,30,34,3,2100,12846321.41451624
35-39,35,39,3,2100,13378360.561664876
40-44,40,44,3,2100,14029594.685039308
45-49,45,49,3,2100,14842295.170066835
50-54,50,54,3,2100,15691810.261695677
55-59,55,59,3,2100,16694647.882013101
60-64,60,64,3,2100,17303282.931684405
65-69,65,69,3,2100,17285031.586363804
70-74,70,74,3,2100,16827741.761507962
75-79,75,79,3,2100,16684836.547542306
80-84,80,84,3,2100,15179664.595777167
85+,85,999,3,2100,26448500.47966559
0-4,0,4,4,2020,19811326.050497487
5-9,5,9,4,2020,19967103.71491055
10-14,10,14,4,2020,22317352.637817547
15-19,15,19,4,2020,21226590.233647835
20-24,20,24,4,2020,20021359.239465605
25-29,25,29,4,2020,22979736.68983242
30-34,30,34,4,2020,24007145.587753493
35-39,35,39,4,2020,23675941.83795928
40-44,40,44,4,2020,20779410.87755328
45-49,45,49,4,2020,20742314.362024933
50-54,50,54,4,2020,20427021.254604407
55-59,55,59,4,2020,22175432.477249894
60-64,60,64,4,2020,20961001.379877347
65-69,65,69,4,2020,17676164.26273692
70-74,70,74,4,2020,14326450.395309338
75-79,75,79,4,2020,9605267.348821199
80-84,80,84,4,2020,6102424.11537032
85+,85,999,4,2020,6808388.740097461
0-4,0,4,4,2025,19597080.650715247
5-9,5,9,4,2025,20216464.402820777
10-14,10,14,4,2025,20224768.143618878
15-19,15,19,4,2025,22433118.21960022
20-24,20,24,4,2025,21341982.21089058
25-29,25,29,4,2025,21230217.45309712
30-34,30,34,4,2025,24032137.5045788
35-39,35,39,4,2025,24653844.287911598
40-44,40,44,4,2025,24003298.547136184
45-49,45,49,4,2025,20881961.224515386
50-54,50,54,4,2025,20619074.817331966
55-59,55,59,4,2025,20084251.85704844
60-64,60,64,4,2025,21490579.845313873
65-69,65,69,4,2025,19909330.521998648
70-74,70,74,4,2025,16293571.63235585
75-79,75,79,4,2025,12490773.992509069
80-84,80,84,4,2025,7634144.02207091
85+,85,999,4,2025,7299561.911439873
0-4,0,4,4,2030,18842297.153885607
5-9,5,9,4,2030,19965350.002957825
10-14,10,14,4,2030,20460284.08088517
15-19,15,19,4,2030,20351623.414096
20-24,20,24,4,2030,22555944.56489593
25-29,25,29,4,2030,22551714.757437002
30-34,30,34,4,2030,22322760.370859735
35-39,35,39,4,2030,24670432.95048389
40-44,40,44,4,2030,25023366.635770045
45-49,45,49,4,2030,24105142.86039898
50-54,50,54,4,2030,20802427.136769604
55-59,55,59,4,2030,20326742.33153984
60-64,60,64,4,2030,19550899.411186934
65-69,65,69,4,2030,20509461.65320965
70-74,70,74,4,2030,18460825.014406208
75-79,75,79,4,2030,14342954.937788086
80-84,80,84,4,2030,10084270.295026444
85+,85,999,4,2030,8813329.63230432
0-4,0,4,4,2035,18889202.130177535
5-9,5,9,4,2035,19179141.879859235
10-14,10,14,4,2035,20191459.636525977
15-19,15,19,4,2035,20582105.498350408
20-24,20,24,4,2035,20490287.128876764
25-29,25,29,4,2035,23808718.04301391
30-34,30,34,4,2035,23608553.05068765
35-39,35,39,4,2035,23007834.01165428
40-44,40,44,4,2035,25046408.868405715
45-49,45,49,4,2035,25162904.449420143
50-54,50,54,4,2035,24021439.392628282
55-59,55,59,4,2035,20563799.693616334
60-64,60,64,4,2035,19858079.94183996
65-69,65,69,4,2035,18761843.7714891
70-74,70,74,4,2035,19142226.692743726
75-79,75,79,4,2035,16400878.209277693
80-84,80,84,4,2035,11749214.353852002
85+,85,999,4,2035,11605842.951978166
0-4,0,4,4,2040,18798942.8487168
5-9,5,9,4,2040,19209656.946342733
10-14,10,14,4,2040,19389078.22338972
15-19,15,19,4,2040,20306114.448653724
20-24,20,24,4,2040,20722794.091657486
25-29,25,29,4,2040,21756957.06785085
30-34,30,34,4,2040,24890958.531762626
35-39,35,39,4,2040,24267870.683400117
40-44,40,44,4,2040,23424865.49673311
45-49,45,49,4,2040,25203464.881558646
50-54,50,54,4,2040,25112055.941144876
55-59,55,59,4,2040,23767905.41477052
60-64,60,64,4,2040,20153492.97311446
65-69,65,69,4,2040,19137641.218504068
70-74,70,74,4,2040,17621673.581225403
75-79,75,79,4,2040,17156632.7404388
80-84,80,84,4,2040,13613203.33434353
85+,85,999,4,2040,14634938.210092992
0-4,0,4,4,2045,18313389.968492314
5-9,5,9,4,2045,19107983.514326807
10-14,10,14,4,2045,19413724.801505808
15-19,15,19,4,2045,19498270.224202946
20-24,20,24,4,2045,20445606.507034067
25-29,25,29,4,2045,21990806.25374319
30-34,30,34,4,2045,22898075.044604458
35-39,35,39,4,2045,25566560.25185508
40-44,40,44,4,2045,24676705.524960157
45-49,45,49,4,2045,23625863.824865434
50-54,50,54,4,2045,25180477.848903593
55-59,55,59,4,2045,24893245.466325585
60-64,60,64,4,2045,23336205.578751
65-69,65,69,4,2045,19505327.605218023
70-74,70,74,4,2045,18075138.8177518
75-79,75,79,4,2045,15928788.587588195
80-84,80,84,4,2045,14426309.891720397
85+,85,999,4,2045,17907429.903383534
0-4,0,4,4,2050,17621078.28410355
5-9,5,9,4,2050,18607711.329141274
10-14,10,14,4,2050,19306803.77574433
15-19,15,19,4,2050,19521214.646334298
20-24,20,24,4,2050,19637497.97862538
25-29,25,29,4,2050,21688504.569640577
30-34,30,34,4,2050,23107987.562092893
35-39,35,39,4,2050,23631827.43574173
40-44,40,44,4,2050,25994366.594517604
45-49,45,49,4,2050,24884318.28399913
50-54,50,54,4,2050,23658368.676659726
55-59,55,59,4,2050,25004338.20577186
60-64,60,64,4,2050,24508288.724949427
65-69,65,69,4,2050,22660303.328238197
70-74,70,74,4,2050,18538261.82163335
75-79,75,79,4,2050,16486881.762393817
80-84,80,84,4,2050,13584691.052693168
85+,85,999,4,2050,20682358.63469937
0-4,0,4,4,2055,17244887.119249906
5-9,5,9,4,2055,17895426.7820708
10-14,10,14,4,2055,18800229.27551541
15-19,15,19,4,2055,19414064.719656732
20-24,20,24,4,2055,19663686.88228885
25-29,25,29,4,2055,20846118.131732546
30-34,30,34,4,2055,22760262.591164466
35-39,35,39,4,2055,23826353.51228407
40-44,40,44,4,2055,24106163.940644547
45-49,45,49,4,2055,26223443.507528156
50-54,50,54,4,2055,24932931.322581258
55-59,55,59,4,2055,23550967.071379848
60-64,60,64,4,2055,24677322.070355654
65-69,65,69,4,2055,23888100.34007854
70-74,70,74,4,2055,21643477.97933889
75-79,75,79,4,2055,17073058.021998048
80-84,80,84,4,2055,14265663.924290765
85+,85,999,4,2055,22030003.87091358
0-4,0,4,4,2060,16896936.375799205
5-9,5,9,4,2060,17496477.586835485
10-14,10,14,4,2060,18077500.102425452
15-19,15,19,4,2060,18906746.05666596
20-24,20,24,4,2060,19559783.01660453
25-29,25,29,4,2060,20869508.98073054
30-34,30,34,4,2060,21869790.869389772
35-39,35,39,4,2060,23449807.86941266
40-44,40,44,4,2060,24300189.127724487
45-49,45,49,4,2060,24378351.23729312
50-54,50,54,4,2060,26297389.848711204
55-59,55,59,4,2060,24850052.240117144
60-64,60,64,4,2060,23311515.029429037
65-69,65,69,4,2060,24134285.3407528
70-74,70,74,4,2060,22935551.957702365
75-79,75,79,4,2060,20090788.513234876
80-84,80,84,4,2060,14989645.429214127
85+,85,999,4,2060,23705551.274317313
0-4,0,4,4,2065,16578458.740088644
5-9,5,9,4,2065,17108612.07341864
10-14,10,14,4,2065,17651895.06326143
15-19,15,19,4,2065,18168440.82851594
20-24,20,24,4,2065,19032686.386507306
25-29,25,29,4,2065,20609020.408145916
30-34,30,34,4,2065,21763716.210552793
35-39,35,39,4,2065,22470062.09781703
40-44,40,44,4,2065,23875093.57935228
45-49,45,49,4,2065,24553459.86206992
50-54,50,54,4,2065,24451700.112493955
55-59,55,59,4,2065,26218653.5032678
60-64,60,64,4,2065,24630596.503640044
65-69,65,69,4,2065,22869508.509485576
70-74,70,74,4,2065,23270545.3201336
75-79,75,79,4,2065,21454971.80497257
80-84,80,84,4,2065,17849926.01641863
85+,85,999,4,2065,25927643.70750782
0-4,0,4,4,2070,16230550.36878354
5-9,5,9,4,2070,16752514.450414559
10-14,10,14,4,2070,17238531.745823637
15-19,15,19,4,2070,17728552.584828474
20-24,20,24,4,2070,18274568.47238656
25-29,25,29,4,2070,19919299.62810084
30-34,30,34,4,2070,21367352.52299619
35-39,35,39,4,2070,22280112.28566903
40-44,40,44,4,2070,22833043.3455133
45-49,45,49,4,2070,24096928.168958895
50-54,50,54,4,2070,24620077.15822731
55-59,55,59,4,2070,24390058.772747897
60-64,60,64,4,2070,26010303.68657397
65-69,65,69,4,2070,24218344.226783093
70-74,70,74,4,2070,22145036.067637883
75-79,75,79,4,2070,21915654.63932163
80-84,80,84,4,2070,19275318.351717036
85+,85,999,4,2070,30325001.096080095
0-4,0,4,4,2075,15747162.719485966
5-9,5,9,4,2075,16370676.548300767
10-14,10,14,4,2075,16858255.534996677
15-19,15,19,4,2075,17301076.48643437
20-24,20,24,4,2075,17815737.84962849
25-29,25,29,4,2075,19002047.734051954
30-34,30,34,4,2075,20538761.14856273
35-39,35,39,4,2075,21794455.189776078
40-44,40,44,4,2075,22583454.512847647
45-49,45,49,4,2075,23016152.1570197
50-54,50,54,4,2075,24152469.32686743
55-59,55,59,4,2075,24564984.532394856
60-64,60,64,4,2075,24221379.330808245
65-69,65,69,4,2075,25627946.88449843
70-74,70,74,4,2075,23542780.539679736
75-79,75,79,4,2075,21000695.477622773
80-84,80,84,4,2075,19897119.44002988
85+,85,999,4,2075,35192238.49057252
0-4,0,4,4,2080,15139644.857124975
5-9,5,9,4,2080,15854579.189783394
10-14,10,14,4,2080,16453256.569931326
15-19,15,19,4,2080,16906831.90752889
20-24,20,24,4,2080,17369063.127839006
25-29,25,29,4,2080,18392644.326481387
30-34,30,34,4,2080,19486602.987122416
35-39,35,39,4,2080,20873434.430873416
40-44,40,44,4,2080,22034096.63174075
45-49,45,49,4,2080,22726998.12015574
50-54,50,54,4,2080,23056268.11029645
55-59,55,59,4,2080,24101453.535308078
60-64,60,64,4,2080,24414858.65737996
65-69,65,69,4,2080,23910816.51316771
70-74,70,74,4,2080,25000440.234423045
75-79,75,79,4,2080,22466785.75065607
80-84,80,84,4,2080,19267430.931827683
85+,85,999,4,2080,39641168.037370995
0-4,0,4,4,2085,14522778.499451296
5-9,5,9,4,2085,15215849.615734383
10-14,10,14,4,2085,15914455.497363728
15-19,15,19,4,2085,16488126.246012097
20-24,20,24,4,2085,16955467.71337063
25-29,25,29,4,2085,17796020.017485164
30-34,30,34,4,2085,18749555.390508253
35-39,35,39,4,2085,19730341.298365068
40-44,40,44,4,2085,21046777.561013635
45-49,45,49,4,2085,22135440.39459732
50-54,50,54,4,2085,22747975.44175754
55-59,55,59,4,2085,23006874.387903683
60-64,60,64,4,2085,23969022.011037584
65-69,65,69,4,2085,24141128.303560004
70-74,70,74,4,2085,23398824.588236626
75-79,75,79,4,2085,23993348.19917714
80-84,80,84,4,2085,20809996.51683529
85+,85,999,4,2085,42696877.04099135
0-4,0,4,4,2090,13952838.955748217
5-9,5,9,4,2090,14569687.418751668
10-14,10,14,4,2090,15253762.290706646
15-19,15,19,4,2090,15935721.912282463
20-24,20,24,4,2090,16517554.440762445
25-29,25,29,4,2090,17234219.757200904
30-34,30,34,4,2090,18026726.812407374
35-39,35,39,4,2090,18905802.122405626
40-44,40,44,4,2090,19837944.593613926
45-49,45,49,4,2090,21104679.83976502
50-54,50,54,4,2090,22135792.031554643
55-59,55,59,4,2090,22694690.911546513
60-64,60,64,4,2090,22891314.09559664
65-69,65,69,4,2090,23734106.449859876
70-74,70,74,4,2090,23691396.23303948
75-79,75,79,4,2090,22572767.212452568
80-84,80,84,4,2090,22421106.95962456
85+,85,999,4,2090,46706062.98195935
0-4,0,4,4,2095,13408122.719776554
5-9,5,9,4,2095,13972240.700705284
10-14,10,14,4,2095,14586684.431049855
15-19,15,19,4,2095,15261729.629773997
20-24,20,24,4,2095,15946035.861348817
25-29,25,29,4,2095,16650316.313773664
30-34,30,34,4,2095,17341254.810299568
35-39,35,39,4,2095,18096491.533375595
40-44,40,44,4,2095,18949512.33717217
45-49,45,49,4,2095,19852960.635148305
50-54,50,54,4,2095,21084078.477265425
55-59,55,59,4,2095,22077687.95225911
60-64,60,64,4,2095,22588344.390553508
65-69,65,69,4,2095,22695402.53449338
70-74,70,74,4,2095,23351774.151121397
75-79,75,79,4,2095,22963453.868541356
80-84,80,84,4,2095,21266150.321100313
85+,85,999,4,2095,51833712.81965919
0-4,0,4,4,2100,12846318.870888084
5-9,5,9,4,2100,13401681.379362576
10-14,10,14,4,2100,13969337.707094872
15-19,15,19,4,2100,14581809.719846679
20-24,20,24,4,2100,15253186.398652509
25-29,25,29,4,2100,15935120.810254544
30-34,30,34,4,2100,16638261.191631153
35-39,35,39,4,2100,17327298.292567585
40-44,40,44,4,2100,18078082.12819925
45-49,45,49,4,2100,18922725.41310565
50-54,50,54,4,2100,19811745.962123185
55-59,55,59,4,2100,21020993.104041886
60-64,60,64,4,2100,21979149.85293482
65-69,65,69,4,2100,22418586.96761349
70-74,70,74,4,2100,22379431.763481405
75-79,75,79,4,2100,22727931.336815204
80-84,80,84,4,2100,21790751.29800839
85+,85,999,4,2100,55467890.65765738
0-4,0,4,5,2020,23302194.19526547
5-9,5,9,5,2020,21885035.57465504
10-14,10,14,5,2020,22480220.68529269
15-19,15,19,5,2020,21319798.52541001
20-24,20,24,5,2020,20122174.125047203
25-29,25,29,5,2020,23463042.805121057
30-34,30,34,5,2020,24645289.781440515
35-39,35,39,5,2020,24123354.563636716
40-44,40,44,5,2020,21078711.81657282
45-49,45,49,5,2020,20953733.276340872
50-54,50,54,5,2020,20595694.82780423
55-59,55,59,5,2020,22331026.84240809
60-64,60,64,5,2020,21124973.85299751
65-69,65,69,5,2020,17849030.922228992
70-74,70,74,5,2020,14504553.925598042
75-79,75,79,5,2020,9774137.136789158
80-84,80,84,5,2020,6259641.128817907
85+,85,999,5,2020,7107308.202138133
0-4,0,4,5,2025,25107225.99054304
5-9,5,9,5,2025,23960029.00660889
10-14,10,14,5,2025,22302331.264804307
15-19,15,19,5,2025,22675884.56480853
20-24,20,24,5,2025,21545949.3652625
25-29,25,29,5,2025,21987325.62027814
30-34,30,34,5,2025,25109840.222514562
35-39,35,39,5,2025,25699300.27819712
40-44,40,44,5,2025,24730189.74205967
45-49,45,49,5,2025,21379838.821898844
50-54,50,54,5,2025,20990627.91232735
55-59,55,59,5,2025,20396137.798218798
60-64,60,64,5,2025,21804151.20362898
65-69,65,69,5,2025,20248319.792409606
70-74,70,74,5,2025,16646924.634096794
75-79,75,79,5,2025,12864427.544169225
80-84,80,84,5,2025,7971733.702386209
85+,85,999,5,2025,7899328.575831711
0-4,0,4,5,2030,26524403.896769732
5-9,5,9,5,2030,25716648.656876065
10-14,10,14,5,2030,24357486.647860724
15-19,15,19,5,2030,22526113.9084221
20-24,20,24,5,2030,22915601.77991454
25-29,25,29,5,2030,23417426.51118257
30-34,30,34,5,2030,23691226.480635967
35-39,35,39,5,2030,26154080.69482968
40-44,40,44,5,2030,26375769.456807572
45-49,45,49,5,2030,25060234.47643064
50-54,50,54,5,2030,21479557.416201394
55-59,55,59,5,2030,20866254.100507494
60-64,60,64,5,2030,20043759.487921666
65-69,65,69,5,2030,21044080.27750961
70-74,70,74,5,2030,19049851.55976107
75-79,75,79,5,2030,14971512.477538913
80-84,80,84,5,2030,10729607.932739565
85+,85,999,5,2030,9870874.458157232
0-4,0,4,5,2035,27388970.195246506
5-9,5,9,5,2035,27093130.87691196
10-14,10,14,5,2035,26089605.69451432
15-19,15,19,5,2035,24574044.587191425
20-24,20,24,5,2035,22798204.734274108
25-29,25,29,5,2035,24856484.021997314
30-34,30,34,5,2035,25073592.155817106
35-39,35,39,5,2035,24800194.98069988
40-44,40,44,5,2035,26840150.493997227
45-49,45,49,5,2035,26765165.466998283
50-54,50,54,5,2035,25187250.044406258
55-59,55,59,5,2035,21420795.395820696
60-64,60,64,5,2035,20595487.724965066
65-69,65,69,5,2035,19480602.901105832
70-74,70,74,5,2035,19962745.51661124
75-79,75,79,5,2035,17340701.73823104
80-84,80,84,5,2035,12734573.885231156
85+,85,999,5,2035,13485315.78255488
0-4,0,4,5,2040,28613061.05735967
5-9,5,9,5,2040,27937041.49284774
10-14,10,14,5,2040,27447242.065475132
15-19,15,19,5,2040,26296250.892170347
20-24,20,24,5,2040,24844039.364931043
25-29,25,29,5,2040,24863493.309866663
30-34,30,34,5,2040,26555651.86540994
35-39,35,39,5,2040,26148328.159145772
40-44,40,44,5,2040,25538845.25416883
45-49,45,49,5,2040,27255795.704983324
50-54,50,54,5,2040,26949085.993310772
55-59,55,59,5,2040,25157058.01323806
60-64,60,64,5,2040,21226549.73985122
65-69,65,69,5,2040,20128155.164876178
70-74,70,74,5,2040,18636479.678740315
75-79,75,79,5,2040,18391291.25648935
80-84,80,84,5,2040,15023102.419152874
85+,85,999,5,2040,17657056.498694316
0-4,0,4,5,2045,30027592.219185594
5-9,5,9,5,2045,29144563.740753327
10-14,10,14,5,2045,28281752.92221129
15-19,15,19,5,2045,27646958.715675652
20-24,20,24,5,2045,26560346.370699763
25-29,25,29,5,2045,26894093.31178699
30-34,30,34,5,2045,26755947.1605502
35-39,35,39,5,2045,27659530.582652397
40-44,40,44,5,2045,26878372.452242557
45-49,45,49,5,2045,26002563.619347148
50-54,50,54,5,2045,27474167.751070537
55-59,55,59,5,2045,26972343.58054126
60-64,60,64,5,2045,24989624.812992778
65-69,65,69,5,2045,20844530.894326046
70-74,70,74,5,2045,19386457.763638694
75-79,75,79,5,2045,17352546.277762752
80-84,80,84,5,2045,16202640.475465054
85+,85,999,5,2045,22474092.75680357
0-4,0,4,5,2050,31739357.68031176
5-9,5,9,5,2050,30548166.78844695
10-14,10,14,5,2050,29482828.433772232
15-19,15,19,5,2050,28479088.635527093
20-24,20,24,5,2050,27907460.225378055
25-29,25,29,5,2050,28564288.088961463
30-34,30,34,5,2050,28736697.767505836
35-39,35,39,5,2050,28012453.938905846
40-44,40,44,5,2050,28419166.27419461
45-49,45,49,5,2050,27351965.268334273
50-54,50,54,5,2050,26273479.809029665
55-59,55,59,5,2050,27542203.44076099
60-64,60,64,5,2050,26864323.335805938
65-69,65,69,5,2050,24638820.43173323
70-74,70,74,5,2050,20205240.206032995
75-79,75,79,5,2050,18235741.895232677
80-84,80,84,5,2050,15547828.195803465
85+,85,999,5,2050,27128330.612208437
0-4,0,4,5,2055,33301599.93190253
5-9,5,9,5,2055,32242921.622796793
10-14,10,14,5,2055,30881091.546807885
15-19,15,19,5,2055,29679080.470737673
20-24,20,24,5,2055,28741669.33391519
25-29,25,29,5,2055,29863528.902094807
30-34,30,34,5,2055,30331905.570235413
35-39,35,39,5,2055,29955300.209232356
40-44,40,44,5,2055,28875930.58625355
45-49,45,49,5,2055,28920388.41044236
50-54,50,54,5,2055,27639670.36391639
55-59,55,59,5,2055,26396369.009477343
60-64,60,64,5,2055,27487897.07057171
65-69,65,69,5,2055,26581548.39089949
70-74,70,74,5,2055,24027882.139064524
75-79,75,79,5,2055,19197228.337556604
80-84,80,84,5,2055,16600861.867922474
85+,85,999,5,2055,30346758.67452769
0-4,0,4,5,2060,34701766.52579134
5-9,5,9,5,2060,33773708.008246996
10-14,10,14,5,2060,32566800.701828852
15-19,15,19,5,2060,31077047.018147957
20-24,20,24,5,2060,29943225.552690785
25-29,25,29,5,2060,30681905.55624118
30-34,30,34,5,2060,31561928.082214493
35-39,35,39,5,2060,31497419.675841358
40-44,40,44,5,2060,30799579.891125534
45-49,45,49,5,2060,29449206.163019016
50-54,50,54,5,2060,29236392.260753702
55-59,55,59,5,2060,27786117.003193296
60-64,60,64,5,2060,26406558.567074932
65-69,65,69,5,2060,27275846.471259583
70-74,70,74,5,2060,26057638.23827752
75-79,75,79,5,2060,23050241.496648505
80-84,80,84,5,2060,17743763.722818345
85+,85,999,5,2060,34120322.60096824
0-4,0,4,5,2065,35809497.73774565
5-9,5,9,5,2065,35105008.83685183
10-14,10,14,5,2065,34053033.21231851
15-19,15,19,5,2065,32738304.284352697
20-24,20,24,5,2065,31307102.175552778
25-29,25,29,5,2065,31628150.36046838
30-34,30,34,5,2065,32166187.287977707
35-39,35,39,5,2065,32583323.033610582
40-44,40,44,5,2065,32249820.4158812
45-49,45,49,5,2065,31317297.622800328
50-54,50,54,5,2065,29742374.947572995
55-59,55,59,5,2065,29373295.09598193
60-64,60,64,5,2065,27810039.43052214
65-69,65,69,5,2065,26256062.80540962
70-74,70,74,5,2065,26848645.34546005
75-79,75,79,5,2065,25196719.602961235
80-84,80,84,5,2065,21614600.75671917
85+,85,999,5,2065,38714245.87764356
0-4,0,4,5,2070,36772541.39161397
5-9,5,9,5,2070,36146732.370685235
10-14,10,14,5,2070,35339764.73744211
15-19,15,19,5,2070,34198895.53172277
20-24,20,24,5,2070,32935272.00530248
25-29,25,29,5,2070,32739112.86040976
30-34,30,34,5,2070,32890692.830074497
35-39,35,39,5,2070,33046090.651290916
40-44,40,44,5,2070,33228961.81802428
45-49,45,49,5,2070,32700699.70645403
50-54,50,54,5,2070,31577168.883236248
55-59,55,59,5,2070,29870251.75554495
60-64,60,64,5,2070,29399380.011392158
65-69,65,69,5,2070,27689427.656935766
70-74,70,74,5,2070,25929390.92482514
75-79,75,79,5,2070,26128480.035659082
80-84,80,84,5,2070,23898654.41347457
85+,85,999,5,2070,46597748.5949006
0-4,0,4,5,2075,37810641.201917395
5-9,5,9,5,2075,37047815.48192937
10-14,10,14,5,2075,36338322.10232441
15-19,15,19,5,2075,35459459.583336174
20-24,20,24,5,2075,34361523.49423223
25-29,25,29,5,2075,34124638.75827579
30-34,30,34,5,2075,33784391.45278551
35-39,35,39,5,2075,33622515.015386306
40-44,40,44,5,2075,33588565.97839232
45-49,45,49,5,2075,33604235.09184127
50-54,50,54,5,2075,32920670.161794428
55-59,55,59,5,2075,31687866.338660773
60-64,60,64,5,2075,29898647.75414917
65-69,65,69,5,2075,29301558.17141807
70-74,70,74,5,2075,27417636.639242716
75-79,75,79,5,2075,25371660.541199893
80-84,80,84,5,2075,25026126.347180184
85+,85,999,5,2075,56018922.305466324
0-4,0,4,5,2080,38946890.38208339
5-9,5,9,5,2080,38026815.45943552
10-14,10,14,5,2080,37198400.85032285
15-19,15,19,5,2080,36432370.40017053
20-24,20,24,5,2080,35586602.24458367
25-29,25,29,5,2080,35302522.99533423
30-34,30,34,5,2080,34959648.1768498
35-39,35,39,5,2080,34367285.47669447
40-44,40,44,5,2080,34055065.027561925
45-49,45,49,5,2080,33888619.67732316
50-54,50,54,5,2080,33776240.92458479
55-59,55,59,5,2080,33005808.47515236
60-64,60,64,5,2080,31704779.26495806
65-69,65,69,5,2080,29813718.5454811
70-74,70,74,5,2080,29059319.82054667
75-79,75,79,5,2080,26919419.369421616
80-84,80,84,5,2080,24450406.4145466
85+,85,999,5,2080,64910009.80614842
0-4,0,4,5,2085,40030056.66778898
5-9,5,9,5,2085,39105672.45052345
10-14,10,14,5,2085,38137512.943360746
15-19,15,19,5,2085,37267317.58354033
20-24,20,24,5,2085,36524524.80263711
25-29,25,29,5,2085,36277795.73574257
30-34,30,34,5,2085,35921188.96707184
35-39,35,39,5,2085,35395544.94120658
40-44,40,44,5,2085,34687794.2656441
45-49,45,49,5,2085,34275641.94135634
50-54,50,54,5,2085,34012752.43210228
55-59,55,59,5,2085,33831387.55590126
60-64,60,64,5,2085,33006569.696207922
65-69,65,69,5,2085,31619728.54531059
70-74,70,74,5,2085,29598174.997395623
75-79,75,79,5,2085,28599494.779141847
80-84,80,84,5,2085,26054043.997805048
85+,85,999,5,2085,71320976.7932475
0-4,0,4,5,2090,40916382.37207342
5-9,5,9,5,2090,40132637.129810035
10-14,10,14,5,2090,39177791.1290844
15-19,15,19,5,2090,38181843.13990846
20-24,20,24,5,2090,37325707.510183655
25-29,25,29,5,2090,36973468.78120165
30-34,30,34,5,2090,36679756.49002578
35-39,35,39,5,2090,36206318.09711289
40-44,40,44,5,2090,35604756.58717184
45-49,45,49,5,2090,34828082.95618048
50-54,50,54,5,2090,34349925.4375183
55-59,55,59,5,2090,34038660.60716532
60-64,60,64,5,2090,33814840.25310538
65-69,65,69,5,2090,32920603.259214923
70-74,70,74,5,2090,31416862.82180096
75-79,75,79,5,2090,29187037.343489297
80-84,80,84,5,2090,27780902.76528895
85+,85,999,5,2090,77721793.54536232
0-4,0,4,5,2095,41579411.843622595
5-9,5,9,5,2095,40963712.65769846
10-14,10,14,5,2095,40167072.270731404
15-19,15,19,5,2095,39198180.37822485
20-24,20,24,5,2095,38206505.336820535
25-29,25,29,5,2095,37541081.35660268
30-34,30,34,5,2095,37164412.57513343
35-39,35,39,5,2095,36813592.39949008
40-44,40,44,5,2095,36301927.168387026
45-49,45,49,5,2095,35663843.56953242
50-54,50,54,5,2095,34849845.091521315
55-59,55,59,5,2095,34341838.42356377
60-64,60,64,5,2095,34000022.81586005
65-69,65,69,5,2095,33718397.57525999
70-74,70,74,5,2095,32714367.628839
75-79,75,79,5,2095,31000920.308653705
80-84,80,84,5,2095,28386954.43232488
85+,85,999,5,2095,83882056.9613627
0-4,0,4,5,2100,42106465.74434614
5-9,5,9,5,2100,41572670.75537836
10-14,10,14,5,2100,40960948.61853701
15-19,15,19,5,2100,40163479.26184199
20-24,20,24,5,2100,39189532.08514705
25-29,25,29,5,2100,38195996.26961806
30-34,30,34,5,2100,37529470.304858565
35-39,35,39,5,2100,37151391.48786091
40-44,40,44,5,2100,36797359.53469597
45-49,45,49,5,2100,36280150.34838579
50-54,50,54,5,2100,35633089.24735407
55-59,55,59,5,2100,34806898.30063648
60-64,60,64,5,2100,34278724.78950074
65-69,65,69,5,2100,33890175.89311237
70-74,70,74,5,2100,33501586.280644104
75-79,75,79,5,2100,32280384.484955262
80-84,80,84,5,2100,30149859.6507266
85+,85,999,5,2100,88611703.1751881
