survey_year,state,id6,county,census_place,place,mcd,pop,csa,cbsa,footnote,central_city,zip,region,division,months_reported,place_name,u1_bldgs,u1_units,u1_value,u2_bldgs,u2_units,u2_value,u34_bldgs,u34_units,u34_value,u5_bldgs,u5_units,u5_value,r1_bldgs,r1_units,r1_value,r2_bldgs,r2_units,r2_value,r34_bldgs,r34_units,r34_value,r5_bldgs,r5_units,r5_value,place_fips,year
2010,04,357000,013,0368,73000 ,92601 ,158625 ,999,38060, ,1,85281      ,4,8,3,Tempe,51,51,13398656,0,0,0,0,0,0,9,245,43816127,23,23,6412200,0,0,0,0,0,0,0,0,0,0473000,2010
2010,06,039000,001,0245,06000 ,90200 ,102743 ,488,41860, ,1,94704      ,4,9,12,Berkeley,2,2,1133000,0,0,0,0,0,0,1,16,2271088,2,2,1133000,0,0,0,0,0,0,1,16,2271088,0606000,2010
2010,06,198000,059,1347,36770 ,90420 ,143072 ,348,31100, ,1,92714      ,4,9,12,Irvine,641,641,151737198,14,28,6498832,56,201,32975952,46,884,101096008,641,641,151737198,14,28,6498832,56,201,32975952,46,884,101096008,0636770,2010
2010,06,289000,085,1863,49670 ,92830 ,70708 ,488,41940, ,1,94039      ,4,9,6,Mountain View,66,66,19970460,0,0,0,1,4,1095212,7,64,13517153,27,27,8291235,0,0,0,1,4,1095212,1,6,1575976,0649670,2010
2010,06,325000,037,2125,56000 ,93090 ,133936 ,348,31100, ,1,911011704  ,4,9,12,Pasadena,52,52,14131767,2,4,477500,0,0,0,0,0,0,52,52,14131767,2,4,477500,0,0,0,0,0,0,0656000,2010
2010,06,410000,083,2575,69070 ,92890 ,92325 ,999,42060, ,1,931021990  ,4,9,0,Santa Barbara,18,18,7644218,1,2,301200,1,3,500000,1,16,2704762,0,0,0,0,0,0,0,0,0,0,0,0,0669070,2010
2010,08,063000,013,0110,07850 ,90228 ,94673 ,216,14500, ,1,803060791  ,4,8,12,Boulder,115,115,20681300,1,2,184135,5,20,2326115,10,316,49121723,115,115,20681300,1,2,184135,5,20,2326115,10,316,49121723,0807850,2010
2010,08,213000,123,0400,24950 ,91216 ,2009 ,216,24540,2, ,805160750  ,4,8,12,Erie town,119,119,25699169,0,0,0,0,0,0,0,0,0,119,119,25699169,0,0,0,0,0,0,0,0,0,0824950,2010
2010,08,231000,069,0455,27425 ,91330 ,118652 ,999,22660, ,1,80522      ,4,8,12,Fort Collins,180,180,38764103,2,4,563880,5,17,1873183,3,45,3883064,180,180,38764103,2,4,563880,5,17,1873183,3,45,3883064,0827425,2010
2010,08,365000,013,0735,41835 ,92052 ,23197 ,216,14500, , ,80026      ,4,8,12,Lafayette,31,31,6703116,2,4,513020,0,0,0,0,0,0,31,31,6703116,2,4,513020,0,0,0,0,0,0,0841835,2010
2010,08,401000,013,0820,45970 ,92318 ,71069 ,216,14500,2, ,80501      ,4,8,12,Longmont,71,71,15836906,1,2,217563,3,10,1356613,4,27,4032408,71,71,15836906,1,2,217563,3,10,1356613,4,27,4032408,0845970,2010
2010,08,403000,013,0825,46355 ,90342 ,18937 ,216,14500, , ,80027      ,4,8,12,Louisville,13,13,3070305,0,0,0,0,0,0,0,0,0,13,13,3070305,0,0,0,0,0,0,0,0,0,0846355,2010
2010,08,619000,013,1270,75640 ,92052 ,9008 ,216,14500,2, ,80027      ,4,8,12,Superior town,1,1,125500,0,0,0,0,0,0,0,0,0,1,1,125500,0,0,0,0,0,0,0,0,0,0875640,2010
2010,41,151000,039,0360,23850 ,91105 ,137893 ,999,21660, ,1,97401      ,4,9,12,Eugene,168,168,35405988,5,10,1227092,5,17,1618320,2,43,5759107,168,168,35405988,5,10,1227092,5,17,1618320,2,43,5759107,4123850,2010
2010,49,369000,049,0800,62470 ,92709 ,105166 ,999,39340, ,1,84601      ,4,8,12,Provo,76,76,17675235,0,0,0,0,0,0,1,238,34000000,76,76,17675235,0,0,0,0,0,0,1,238,34000000,4962470,2010
2010,17,256600,031,1845,24582 ,24595 ,74239 ,176,16980,2,1,60201      ,2,3,0,Evanston,10,10,2337256,0,0,0,0,0,0,12,146,10914030,0,0,0,0,0,0,0,0,0,0,0,0,1724582,2010
2010,19,349000,103,2040,38595 ,92077 ,62220 ,999,26980, ,1,52240      ,2,4,12,Iowa City,153,153,31939923,1,2,300000,0,0,0,6,57,10935363,153,153,31939923,1,2,300000,0,0,0,6,57,10935363,1938595,2010
2010,26,026500,161,0080,03000 ,03000 ,114024 ,220,11460, ,1,481078647  ,2,3,1,Ann Arbor,96,96,11160793,0,0,0,0,0,0,9,45,2718639,33,33,3460000,0,0,0,0,0,0,0,0,0,2603000,2010
2010,27,634600,109,3235,54880 ,54880 ,85806 ,999,40340, ,1,55904      ,2,4,12,Rochester,200,200,41421297,0,0,0,1,4,749800,2,138,20925837,200,200,41421297,0,0,0,1,4,749800,2,138,20925837,2754880,2010
2010,55,516500,025,1475,48000 ,48000 ,208054 ,358,31540, ,1,537012984  ,2,3,5,Madison,186,186,36390820,3,6,567500,2,7,639750,9,327,33714225,82,82,16057000,2,4,320000,1,4,368000,2,37,2900000,5548000,2010
2010,09,413000,009,1450,52000 ,52070 ,123626 ,408,35300,2,1,06510      ,1,1,12,New Haven,23,23,1187000,1,2,70000,1,3,100000,1,450,97975736,23,23,1187000,1,2,70000,1,3,100000,1,450,97975736,0952000,2010
2010,25,103000,017,0610,11000 ,11000 ,101355 ,148,14460, ,1,02139      ,1,1,12,Cambridge,8,8,10954023,0,0,0,0,0,0,1,30,4998666,8,8,10954023,0,0,0,0,0,0,1,30,4998666,2511000,2010
2010,36,715000,067,3565,73000 ,73000 ,147306 ,532,45060, ,1,132021430  ,1,2,12,Syracuse,15,15,1480000,1,2,169000,0,0,0,1,13,500000,15,15,1480000,1,2,169000,0,0,0,1,13,500000,3673000,2010
2010,42,538000,003,7234,61000 ,61000 ,334563 ,430,38300, ,1,15219      ,1,2,12,Pittsburgh,147,147,21799881,0,0,0,0,0,0,0,0,0,147,147,21799881,0,0,0,0,0,0,0,0,0,4261000,2010
2010,01,259000,089,0935,37000 ,91674 ,157952 ,290,26620,2,1,358040308  ,3,6,12,Huntsville,1073,1073,45377090,0,0,0,0,0,0,0,0,0,1073,1073,45377090,0,0,0,0,0,0,0,0,0,0137000,2010
2010,12,271000,001,0695,25175 ,93536 ,95447 ,999,23540, ,1,32602      ,3,5,1,Gainesville,45,45,4867318,0,0,0,0,0,0,13,123,7536545,0,0,0,0,0,0,0,0,0,0,0,0,1225175,2010
2010,22,051000,033,0095,05000 ,95623 ,227818 ,132,12940, ,1,70802      ,3,7,12,Baton Rouge,208,208,36485655,0,0,0,0,0,0,0,0,0,208,208,36485655,0,0,0,0,0,0,0,0,0,2205000,2010
2010,37,107000,135,0475,11800 ,90620 ,48715 ,450,20500,2,1,27514      ,3,5,12,Chapel Hill town,55,55,12677135,1,2,225000,0,0,0,1,24,1500000,55,55,12677135,1,2,225000,0,0,0,1,24,1500000,3711800,2010
2010,37,164000,063,0750,19000 ,92344 ,187035 ,450,20500,2,1,27701      ,3,5,12,Durham,891,891,155164797,2,4,354816,1,4,300000,13,288,15374463,891,891,155164797,2,4,354816,1,4,300000,13,288,15374463,3719000,2010
2010,48,138500,041,0905,15976 ,94150 ,67890 ,999,17780, ,1,77842      ,3,7,12,College Station,491,491,64787653,0,0,0,0,0,0,15,214,17723062,491,491,64787653,0,0,0,0,0,0,15,214,17723062,4815976,2010
2011,04,357000,013,0368,73000 ,92601 ,158625 ,999,38060, ,1,85281      ,4,8,12,Tempe,19,19,4658600,0,0,0,0,0,0,13,448,15403700,19,19,4658600,0,0,0,0,0,0,13,448,15403700,0473000,2011
2011,06,039000,001,0245,06000 ,90200 ,102743 ,488,41860, ,1,94704      ,4,9,12,Berkeley,4,4,1150319,0,0,0,0,0,0,1,38,450000,4,4,1150319,0,0,0,0,0,0,1,38,450000,0606000,2011
2011,06,198000,059,1347,36770 ,90420 ,143072 ,348,31100, ,1,92714      ,4,9,12,Irvine,857,857,175814494,8,16,3884886,4,14,2489328,102,1746,206103994,857,857,175814494,8,16,3884886,4,14,2489328,102,1746,206103994,0636770,2011
2011,06,289000,085,1863,49670 ,92830 ,70708 ,488,41940, ,1,94039      ,4,9,12,Mountain View,63,63,25565802,0,0,0,1,4,1114114,12,256,43760467,63,63,25565802,0,0,0,1,4,1114114,12,256,43760467,0649670,2011
2011,06,325000,037,5508,56000 ,92400 ,133936 ,348,31100, ,1,911011704  ,4,9,12,Pasadena,21,21,6444735,2,4,545000,0,0,0,0,0,0,21,21,6444735,2,4,545000,0,0,0,0,0,0,0656000,2011
2011,06,410000,083,2575,69070 ,92890 ,92325 ,999,42060, ,1,931021990  ,4,9,0,Santa Barbara,15,15,6370182,2,4,602400,2,6,1000000,1,20,3380952,0,0,0,0,0,0,0,0,0,0,0,0,0669070,2011
2011,08,063000,013,0110,07850 ,90228 ,94673 ,216,14500, ,1,803060791  ,4,8,12,Boulder,59,59,17588197,0,0,0,1,3,1000000,4,53,6850000,59,59,17588197,0,0,0,1,3,1000000,4,53,6850000,0807850,2011
2011,08,213000,123,0400,24950 ,91216 ,2009 ,216,24540,2, ,805160750  ,4,8,12,Erie town,108,108,27653437,0,0,0,0,0,0,0,0,0,108,108,27653437,0,0,0,0,0,0,0,0,0,0824950,2011
2011,08,231000,069,0455,27425 ,91330 ,118652 ,999,22660, ,1,80522      ,4,8,12,Fort Collins,258,258,52878470,2,4,715383,3,10,1336376,26,442,31819939,258,258,52878470,2,4,715383,3,10,1336376,26,442,31819939,0827425,2011
2011,08,365000,013,0735,41835 ,92052 ,23197 ,216,14500, , ,80026      ,4,8,12,Lafayette,95,95,20508129,12,24,2933040,4,13,1672680,1,120,6916686,95,95,20508129,12,24,2933040,4,13,1672680,1,120,6916686,0841835,2011
2011,08,401000,013,0820,45970 ,92318 ,71069 ,216,14500,2, ,80501      ,4,8,12,Longmont,56,56,12845113,0,0,0,2,8,1742750,1,50,4503239,56,56,12845113,0,0,0,2,8,1742750,1,50,4503239,0845970,2011
2011,08,403000,013,0825,46355 ,90342 ,18937 ,216,14500, , ,80027      ,4,8,12,Louisville,98,98,20301261,0,0,0,0,0,0,0,0,0,98,98,20301261,0,0,0,0,0,0,0,0,0,0846355,2011
2011,08,619000,013,1270,75640 ,92052 ,9008 ,216,14500,2, ,80027      ,4,8,12,Superior town,1,1,239000,0,0,0,0,0,0,0,0,0,1,1,239000,0,0,0,0,0,0,0,0,0,0875640,2011
2011,41,151000,039,0360,23850 ,91105 ,137893 ,999,21660, ,1,97401      ,4,9,12,Eugene,112,112,23472743,9,18,1972281,7,28,2306732,13,269,19808789,112,112,23472743,9,18,1972281,7,28,2306732,13,269,19808789,4123850,2011
2011,49,369000,049,0800,62470 ,92709 ,105166 ,999,39340, ,1,84601      ,4,8,12,Provo,75,75,17529623,0,0,0,0,0,0,1,28,4180000,75,75,17529623,0,0,0,0,0,0,1,28,4180000,4962470,2011
2011,17,256600,031,1845,24582 ,24595 ,74239 ,176,16980,2,1,60201      ,2,3,1,Evanston,11,11,2570995,0,0,0,0,0,0,17,163,12184812,0,0,0,0,0,0,0,0,0,0,0,0,1724582,2011
2011,19,349000,103,2040,38595 ,92077 ,62220 ,999,26980, ,1,52240      ,2,4,12,Iowa City,126,126,28358711,0,0,0,0,0,0,6,99,14937310,126,126,28358711,0,0,0,0,0,0,6,99,14937310,1938595,2011
2011,26,026500,161,0080,03000 ,03000 ,114024 ,220,11460, ,1,481078647  ,2,3,12,Ann Arbor,14,14,4344280,2,4,400000,0,0,0,2,273,17000000,14,14,4344280,2,4,400000,0,0,0,2,273,17000000,2603000,2011
2011,27,634600,109,3235,54880 ,54880 ,85806 ,999,40340, ,1,55904      ,2,4,12,Rochester,195,195,42224743,0,0,0,0,0,0,1,24,2126940,195,195,42224743,0,0,0,0,0,0,1,24,2126940,2754880,2011
2011,55,516500,025,1475,48000 ,48000 ,208054 ,358,31540, ,1,537012984  ,2,3,0,Madison,177,177,34488745,4,8,1047501,2,6,548358,13,430,44657871,0,0,0,0,0,0,0,0,0,0,0,0,5548000,2011
2011,09,413000,009,1450,52000 ,52070 ,123626 ,408,35300,2,1,06510      ,1,1,12,New Haven,108,108,10614669,16,32,1855488,25,89,1363458,0,0,0,108,108,10614669,16,32,1855488,25,89,1363458,0,0,0,0952000,2011
2011,25,103000,017,0610,11000 ,11000 ,101355 ,148,14460, ,1,02139      ,1,1,12,Cambridge,14,14,12227471,0,0,0,0,0,0,1,20,7988323,14,14,12227471,0,0,0,0,0,0,1,20,7988323,2511000,2011
2011,36,715000,067,3565,73000 ,73000 ,147306 ,532,45060, ,1,132021430  ,1,2,12,Syracuse,61,61,5778704,0,0,0,0,0,0,2,275,15757076,61,61,5778704,0,0,0,0,0,0,2,275,15757076,3673000,2011
2011,42,538000,003,7234,61000 ,61000 ,334563 ,430,38300, ,1,15219      ,1,2,12,Pittsburgh,284,284,62578947,0,0,0,0,0,0,0,0,0,284,284,62578947,0,0,0,0,0,0,0,0,0,4261000,2011
2011,01,259000,089,0935,37000 ,91674 ,157952 ,290,26620,2,1,358040308  ,3,6,12,Huntsville,1018,1018,52826674,0,0,0,1,4,480000,0,0,0,1018,1018,52826674,0,0,0,1,4,480000,0,0,0,0137000,2011
2011,12,271000,001,0695,25175 ,93536 ,95447 ,999,23540, ,1,32602      ,3,5,1,Gainesville,43,43,4908366,0,0,0,0,0,0,13,148,9067034,2,2,474218,0,0,0,0,0,0,0,0,0,1225175,2011
2011,22,051000,033,0095,05000 ,95623 ,227818 ,132,12940, ,1,70802      ,3,7,11,Baton Rouge,131,131,26360321,28,56,2576000,0,0,0,21,341,45842000,116,116,23729144,28,56,2576000,0,0,0,21,341,45842000,2205000,2011
2011,37,107000,135,0475,11800 ,90620 ,48715 ,450,20500,2,1,27514      ,3,5,12,Chapel Hill town,47,47,12587182,0,0,0,0,0,0,0,0,0,47,47,12587182,0,0,0,0,0,0,0,0,0,3711800,2011
2011,37,164000,063,0750,19000 ,92344 ,187035 ,450,20500,2,1,27701      ,3,5,11,Durham,883,883,158077433,1,2,198528,1,4,726000,12,354,5741320,808,808,145016423,1,2,198528,1,4,726000,11,329,4406731,3719000,2011
2011,48,138500,041,0905,15976 ,94150 ,67890 ,999,17780, ,1,77842      ,3,7,12,College Station,466,466,60455466,23,46,4212869,35,140,15550279,29,365,29156042,466,466,60455466,23,46,4212869,35,140,15550279,29,365,29156042,4815976,2011
2012,04,357000,013,0368,73000 ,00000 ,158625 ,999,38060, ,1,85281      ,4,8,12,Tempe,33,33,7615085,6,12,2448573,0,0,0,26,372,39501927,33,33,7615085,6,12,2448573,0,0,0,26,372,39501927,0473000,2012
2012,06,039000,001,0245,06000 ,00000 ,102743 ,488,41860, ,1,94704      ,4,9,12,Berkeley,1,1,215096,0,0,0,0,0,0,1,94,9072228,1,1,215096,0,0,0,0,0,0,1,94,9072228,0606000,2012
2012,06,198000,059,1347,36770 ,00000 ,143072 ,348,31100, ,1,92714      ,4,9,12,Irvine,943,943,227945417,107,214,28956895,2,6,1072466,109,1428,183737775,943,943,227945417,107,214,28956895,2,6,1072466,109,1428,183737775,0636770,2012
2012,06,289000,085,1863,49670 ,00000 ,70708 ,488,41940, ,1,94039      ,4,9,12,Mountain View,86,86,33981728,0,0,0,4,14,3908850,4,336,41904274,86,86,33981728,0,0,0,4,14,3908850,4,336,41904274,0649670,2012
2012,06,325000,037,5508,56000 ,00000 ,133936 ,348,31100, ,1,911011704  ,4,9,12,Pasadena,22,22,7252391,1,2,550000,1,4,813480,12,370,60819380,22,22,7252391,1,2,550000,1,4,813480,12,370,60819380,0656000,2012
2012,06,410000,083,2575,69070 ,00000 ,92325 ,999,42060, ,1,931021990  ,4,9,12,Santa Barbara,10,10,2627000,0,0,0,0,0,0,2,43,16070565,10,10,2627000,0,0,0,0,0,0,2,43,16070565,0669070,2012
2012,08,063000,013,0110,07850 ,00000 ,94673 ,216,14500, ,1,803060791  ,4,8,12,Boulder,59,59,25127072,0,0,0,2,7,745893,7,349,37064338,59,59,25127072,0,0,0,2,7,745893,7,349,37064338,0807850,2012
2012,08,213000,123,0400,24950 ,00000 ,2009 ,216,24540,2, ,805160750  ,4,8,12,Erie town,150,150,34974546,0,0,0,0,0,0,0,0,0,150,150,34974546,0,0,0,0,0,0,0,0,0,0824950,2012
2012,08,231000,069,0455,27425 ,00000 ,118652 ,999,22660, ,1,80522      ,4,8,12,Fort Collins,470,470,88233803,4,8,1065535,4,13,1847469,24,653,62619773,470,470,88233803,4,8,1065535,4,13,1847469,24,653,62619773,0827425,2012
2012,08,365000,013,0735,41835 ,00000 ,23197 ,216,14500, , ,80026      ,4,8,12,Lafayette,81,81,16536413,16,32,4489585,4,13,1558899,10,240,11454800,81,81,16536413,16,32,4489585,4,13,1558899,10,240,11454800,0841835,2012
2012,08,401000,013,0820,45970 ,00000 ,71069 ,216,14500,2, ,80501      ,4,8,12,Longmont,154,154,36596490,0,0,0,2,8,1698762,1,115,8409090,154,154,36596490,0,0,0,2,8,1698762,1,115,8409090,0845970,2012
2012,08,403000,013,0825,46355 ,00000 ,18937 ,216,14500, , ,80027      ,4,8,12,Louisville,117,117,26342413,0,0,0,0,0,0,2,60,3552660,117,117,26342413,0,0,0,0,0,0,2,60,3552660,0846355,2012
2012,08,619000,013,1270,75640 ,00000 ,9008 ,216,14500,2, ,80027      ,4,8,12,Superior town,1,1,46000,0,0,0,0,0,0,0,0,0,1,1,46000,0,0,0,0,0,0,0,0,0,0875640,2012
2012,41,151000,039,0360,23850 ,00000 ,137893 ,999,21660, ,1,97401      ,4,9,12,Eugene,120,120,28491400,7,14,2256228,16,61,6106514,36,308,32290941,120,120,28491400,7,14,2256228,16,61,6106514,36,308,32290941,4123850,2012
2012,49,369000,049,0800,62470 ,00000 ,105166 ,999,39340, ,1,84601      ,4,8,12,Provo,67,67,15308973,2,4,600000,0,0,0,2,42,4100000,67,67,15308973,2,4,600000,0,0,0,2,42,4100000,4962470,2012
2012,17,256600,031,1845,24582 ,24595 ,74239 ,176,16980,2,1,60201      ,2,3,12,Evanston,7,7,4900000,0,0,0,0,0,0,1,80,11700000,7,7,4900000,0,0,0,0,0,0,1,80,11700000,1724582,2012
2012,19,349000,103,3384,38595 ,92077 ,62220 ,999,26980, ,1,52240      ,2,4,12,Iowa City,223,223,43056162,2,4,420000,0,0,0,7,172,21515231,223,223,43056162,2,4,420000,0,0,0,7,172,21515231,1938595,2012
2012,26,026500,161,0190,03000 ,03000 ,114024 ,220,11460, ,1,481078647  ,2,3,12,Ann Arbor,12,12,3144685,1,2,400000,0,0,0,0,0,0,12,12,3144685,1,2,400000,0,0,0,0,0,0,2603000,2012
2012,27,634600,109,3235,54880 ,54880 ,85806 ,999,40340, ,1,55904      ,2,4,12,Rochester,299,299,68105492,0,0,0,0,0,0,1,62,7034911,299,299,68105492,0,0,0,0,0,0,1,62,7034911,2754880,2012
2012,55,516500,025,4044,48000 ,48000 ,208054 ,358,31540, ,1,537012984  ,2,3,11,Madison,161,161,30669447,8,16,2384643,1,4,680000,20,1027,129277565,146,146,27746672,8,16,2384643,1,4,680000,19,979,124292500,5548000,2012
2012,09,413000,009,0600,52000 ,52070 ,123626 ,408,35300,2,1,06510      ,1,1,12,New Haven,85,85,7831001,6,12,1058952,0,0,0,0,0,0,85,85,7831001,6,12,1058952,0,0,0,0,0,0,0952000,2012
2012,25,103000,017,0300,11000 ,11000 ,101355 ,148,14460, ,1,02139      ,1,1,12,Cambridge,33,33,20655351,0,0,0,0,0,0,2,359,76170159,33,33,20655351,0,0,0,0,0,0,2,359,76170159,2511000,2012
2012,36,715000,067,3565,73000 ,73000 ,147306 ,532,45060, ,1,132021430  ,1,2,0,Syracuse,68,68,6441834,0,0,0,0,0,0,2,412,23606964,0,0,0,0,0,0,0,0,0,0,0,0,3673000,2012
2012,42,538000,003,6066,61000 ,61000 ,334563 ,430,38300, ,1,15219      ,1,2,12,Pittsburgh,137,137,32419530,0,0,0,0,0,0,0,0,0,137,137,32419530,0,0,0,0,0,0,0,0,0,4261000,2012
2012,01,259000,089,0935,37000 ,00000 ,157952 ,290,26620,2,1,358040308  ,3,6,12,Huntsville,960,960,49126260,0,0,0,0,0,0,19,420,18987566,960,960,49126260,0,0,0,0,0,0,19,420,18987566,0137000,2012
2012,12,271000,001,0695,25175 ,00000 ,95447 ,999,23540, ,1,32602      ,3,5,0,Gainesville,51,51,5743737,0,0,0,0,0,0,19,225,13784864,0,0,0,0,0,0,0,0,0,0,0,0,1225175,2012
2012,22,051000,033,0095,05000 ,00000 ,227818 ,132,12940, ,1,70802      ,3,7,12,Baton Rouge,136,136,30005301,0,0,0,0,0,0,0,0,0,136,136,30005301,0,0,0,0,0,0,0,0,0,2205000,2012
2012,37,107000,135,0475,11800 ,00000 ,48715 ,450,20500,2,1,27514      ,3,5,12,Chapel Hill town,25,25,7315211,0,0,0,0,0,0,0,0,0,25,25,7315211,0,0,0,0,0,0,0,0,0,3711800,2012
2012,37,164000,063,0750,19000 ,00000 ,187035 ,450,20500,2,1,27701      ,3,5,12,Durham,874,874,163271062,1,2,320232,4,16,1300000,55,1701,130853294,874,874,163271062,1,2,320232,4,16,1300000,55,1701,130853294,3719000,2012
2012,48,138500,041,0905,15976 ,00000 ,67890 ,999,17780, ,1,77842      ,3,7,12,College Station,555,555,78811907,47,94,8749065,1,3,285000,11,657,49321650,555,555,78811907,47,94,8749065,1,3,285000,11,657,49321650,4815976,2012
2013,04,357000,013,0368,73000 ,00000 ,161719 ,999,38060, ,1,85281      ,4,8,12,Tempe,10,10,2555097,9,18,3773868,1,4,596900,11,916,114746994,10,10,2555097,9,18,3773868,1,4,596900,11,916,114746994,0473000,2013
2013,06,039000,001,0245,06000 ,00000 ,112580 ,488,41860, ,1,94704      ,4,9,12,Berkeley,17,17,3402944,0,0,0,0,0,0,1,45,6261725,17,17,3402944,0,0,0,0,0,0,1,45,6261725,0606000,2013
2013,06,198000,059,1347,36770 ,00000 ,212375 ,348,31100, ,1,92714      ,4,9,12,Irvine,1608,1608,479246429,14,28,5375402,44,151,27115677,90,2903,521569340,1608,1608,479246429,14,28,5375402,44,151,27115677,90,2903,521569340,0636770,2013
2013,06,289000,085,1863,49670 ,00000 ,74066 ,488,41940, ,1,94039      ,4,9,12,Mountain View,110,110,30407697,1,2,600000,3,11,2732614,10,417,75213133,110,110,30407697,1,2,600000,3,11,2732614,10,417,75213133,0649670,2013
2013,06,325000,037,5508,56000 ,00000 ,137122 ,348,31100, ,1,911011704  ,4,9,12,Pasadena,44,44,13028156,1,2,490000,1,4,925000,1,50,6213502,44,44,13028156,1,2,490000,1,4,925000,1,50,6213502,0656000,2013
2013,06,410000,083,2575,69070 ,00000 ,88410 ,999,42060, ,1,931021990  ,4,9,12,Santa Barbara,25,25,11544807,1,2,1089000,0,0,0,1,19,2066667,25,25,11544807,1,2,1089000,0,0,0,1,19,2066667,0669070,2013
2013,08,063000,013,0110,07850 ,00000 ,97385 ,216,14500, ,1,803060791  ,4,8,12,Boulder,89,89,28607904,0,0,0,0,0,0,39,789,95171278,89,89,28607904,0,0,0,0,0,0,39,789,95171278,0807850,2013
2013,08,213000,123,0400,24950 ,00000 ,9787 ,216,24540,2, ,805160750  ,4,8,12,Erie town,238,238,60772306,0,0,0,0,0,0,0,0,0,238,238,60772306,0,0,0,0,0,0,0,0,0,0824950,2013
2013,08,231000,069,0455,27425 ,00000 ,143986 ,999,22660, ,1,80522      ,4,8,12,Fort Collins,612,612,129459123,8,16,3259871,6,23,3547252,25,740,81997717,612,612,129459123,8,16,3259871,6,23,3547252,25,740,81997717,0827425,2013
2013,08,365000,013,0735,41835 ,00000 ,24453 ,216,14500, , ,80026      ,4,8,12,Lafayette,100,100,18164994,25,50,8216109,7,27,3164980,4,24,3474930,100,100,18164994,25,50,8216109,7,27,3164980,4,24,3474930,0841835,2013
2013,08,401000,013,0820,45970 ,00000 ,86240 ,216,14500,2, ,80501      ,4,8,12,Longmont,191,191,49623604,0,0,0,0,0,0,3,54,4863591,191,191,49623604,0,0,0,0,0,0,3,54,4863591,0845970,2013
2013,08,403000,013,0825,46355 ,00000 ,18376 ,216,14500, , ,80027      ,4,8,0,Louisville,140,140,31520836,0,0,0,0,0,0,3,90,5328990,0,0,0,0,0,0,0,0,0,0,0,0,0846355,2013
2013,08,619000,013,1270,75640 ,00000 ,12483 ,216,14500,2, ,80027      ,4,8,12,Superior town,8,8,2874291,0,0,0,0,0,0,0,0,0,8,8,2874291,0,0,0,0,0,0,0,0,0,0875640,2013
2013,41,151000,039,0360,23850 ,00000 ,156185 ,999,21660, ,1,97401      ,4,9,12,Eugene,182,182,41999468,4,8,1221814,18,67,7416791,15,658,34080501,182,182,41999468,4,8,1221814,18,67,7416791,15,658,34080501,4123850,2013
2013,49,369000,049,0800,62470 ,00000 ,112488 ,999,39340, ,1,84601      ,4,8,12,Provo,136,136,25665384,9,18,1613800,0,0,0,2,33,4750000,136,136,25665384,9,18,1613800,0,0,0,2,33,4750000,4962470,2013
2013,17,256600,031,1845,24582 ,24595 ,74486 ,176,16980,2,1,60201      ,2,3,4,Evanston,7,7,4900000,0,0,0,0,0,0,8,77,11261250,0,0,0,0,0,0,0,0,0,0,0,0,1724582,2013
2013,19,349000,103,3384,38595 ,92077 ,67862 ,999,26980, ,1,52240      ,2,4,12,Iowa City,219,219,46397880,0,0,0,1,3,375000,15,476,83696534,219,219,46397880,0,0,0,1,3,375000,15,476,83696534,1938595,2013
2013,26,026500,161,0190,03000 ,03000 ,113934 ,220,11460, ,1,481078647  ,2,3,12,Ann Arbor,27,27,8844850,0,0,0,2,8,1308666,5,190,17179711,27,27,8844850,0,0,0,2,8,1308666,5,190,17179711,2603000,2013
2013,27,634600,109,3235,54880 ,54880 ,106769 ,999,40340, ,1,55904      ,2,4,12,Rochester,323,323,77081198,0,0,0,1,4,700520,1,40,5395000,323,323,77081198,0,0,0,1,4,700520,1,40,5395000,2754880,2013
2013,55,516500,025,4044,48000 ,48000 ,233209 ,358,31540, ,1,537012984  ,2,3,5,Madison,217,217,43111409,7,14,2250400,3,10,1388179,18,994,119151419,96,96,19970177,2,4,760000,1,4,604000,4,177,17409577,5548000,2013
2013,09,413000,009,0600,52000 ,52070 ,129779 ,408,35300,2,1,06510      ,1,1,12,New Haven,15,15,2096000,7,14,861000,1,4,100000,1,6,98000,15,15,2096000,7,14,861000,1,4,100000,1,6,98000,0952000,2013
2013,25,103000,017,0300,11000 ,11000 ,105162 ,148,14460, ,1,02139      ,1,1,11,Cambridge,16,16,6715674,0,0,0,0,0,0,7,979,192606831,12,12,4211995,0,0,0,0,0,0,6,947,185817291,2511000,2013
2013,36,715000,067,3565,73000 ,73000 ,145170 ,532,45060, ,1,132021430  ,1,2,12,Syracuse,6,6,720000,0,0,0,0,0,0,2,78,3358000,6,6,720000,0,0,0,0,0,0,2,78,3358000,3673000,2013
2013,42,538000,003,6066,61000 ,61000 ,305704 ,430,38300, ,1,15219      ,1,2,12,Pittsburgh,100,100,23388820,0,0,0,0,0,0,0,0,0,100,100,23388820,0,0,0,0,0,0,0,0,0,4261000,2013
2013,01,259000,089,0935,37000 ,00000 ,178584 ,290,26620,2,1,358040308  ,3,6,12,Huntsville,1000,1000,46761197,0,0,0,11,44,3078600,12,262,11921108,1000,1000,46761197,0,0,0,11,44,3078600,12,262,11921108,0137000,2013
2013,12,271000,001,0695,25175 ,00000 ,124354 ,999,23540, ,1,32602      ,3,5,0,Gainesville,63,63,7116565,0,0,0,0,0,0,18,240,14703716,0,0,0,0,0,0,0,0,0,0,0,0,1225175,2013
2013,22,051000,033,0095,05000 ,00000 ,229493 ,132,12940, ,1,70802      ,3,7,12,Baton Rouge,115,115,34423906,0,0,0,0,0,0,3,186,20591000,115,115,34423906,0,0,0,0,0,0,3,186,20591000,2205000,2013
2013,37,107000,135,0475,11800 ,00000 ,54397 ,450,20500,2,1,27514      ,3,5,12,Chapel Hill town,44,44,11730794,0,0,0,0,0,0,3,85,18693600,44,44,11730794,0,0,0,0,0,0,3,85,18693600,3711800,2013
2013,37,164000,063,0750,19000 ,00000 ,228300 ,450,20500,2,1,27701      ,3,5,12,Durham,1112,1112,197027310,1,2,275000,5,20,1293744,48,2614,148817257,1112,1112,197027310,1,2,275000,5,20,1293744,48,2614,148817257,3719000,2013
2013,48,138500,041,0905,15976 ,00000 ,93857 ,999,17780, ,1,77842      ,3,7,12,College Station,575,575,93557507,6,12,1435777,2,8,740000,9,410,30128189,575,575,93557507,6,12,1435777,2,8,740000,9,410,30128189,4815976,2013
2014,04,357000,013,0368,73000 ,00000 ,161719 ,999,38060, ,1,85281      ,4,8,12,Tempe,56,56,12498535,0,0,0,0,0,0,43,2064,239673081,56,56,12498535,0,0,0,0,0,0,43,2064,239673081,0473000,2014
2014,06,039000,001,0245,06000 ,00000 ,112580 ,488,41860, ,1,94704      ,4,9,12,Berkeley,20,20,6372969,1,2,300000,0,0,0,5,342,33122493,20,20,6372969,1,2,300000,0,0,0,5,342,33122493,0606000,2014
2014,06,198000,059,1347,36770 ,00000 ,212375 ,348,31080, ,1,92714      ,4,9,12,Irvine,1564,1564,434585893,15,30,5950982,43,155,26949713,66,1499,178987479,1564,1564,434585893,15,30,5950982,43,155,26949713,66,1499,178987479,0636770,2014
2014,06,289000,085,1863,49670 ,00000 ,74066 ,488,41940, ,1,94039      ,4,9,2,Mountain View,106,106,29156348,0,0,0,3,9,2235774,11,554,97273070,11,11,2895157,0,0,0,0,0,0,1,150,24404714,0649670,2014
2014,06,325000,037,5508,56000 ,00000 ,137122 ,348,31080, ,1,911011704  ,4,9,12,Pasadena,15,15,4533732,0,0,0,0,0,0,11,669,120945012,15,15,4533732,0,0,0,0,0,0,11,669,120945012,0656000,2014
2014,06,410000,083,2575,69070 ,00000 ,88410 ,999,42200, ,1,931021990  ,4,9,12,Santa Barbara,7,7,6592100,4,8,2697667,2,6,1529200,2,98,14930250,7,7,6592100,4,8,2697667,2,6,1529200,2,98,14930250,0669070,2014
2014,08,063000,013,0110,07850 ,00000 ,97385 ,216,14500, ,1,803060791  ,4,8,12,Boulder,104,104,52176897,0,0,0,0,0,0,23,504,62675563,104,104,52176897,0,0,0,0,0,0,23,504,62675563,0807850,2014
2014,08,213000,123,0400,24950 ,00000 ,9787 ,216,24540,2, ,805160750  ,4,8,12,Erie town,287,287,84967640,0,0,0,0,0,0,0,0,0,287,287,84967640,0,0,0,0,0,0,0,0,0,0824950,2014
2014,08,231000,069,0455,27425 ,00000 ,143986 ,999,22660, ,1,80522      ,4,8,12,Fort Collins,742,742,181560718,38,76,11780303,3,11,1971426,18,323,35487672,742,742,181560718,38,76,11780303,3,11,1971426,18,323,35487672,0827425,2014
2014,08,365000,013,0735,41835 ,00000 ,24453 ,216,14500, , ,80026      ,4,8,1,Lafayette,104,104,18399223,23,46,7558823,7,23,2696092,7,36,5333454,13,13,1869077,0,0,0,0,0,0,1,6,989790,0841835,2014
2014,08,401000,013,0820,45970 ,00000 ,86240 ,216,14500,2, ,80501      ,4,8,12,Longmont,209,209,64485553,0,0,0,0,0,0,11,202,18364013,209,209,64485553,0,0,0,0,0,0,11,202,18364013,0845970,2014
2014,08,403000,013,0825,46355 ,00000 ,18376 ,216,14500, , ,80027      ,4,8,12,Louisville,63,63,17450966,0,0,0,0,0,0,0,0,0,63,63,17450966,0,0,0,0,0,0,0,0,0,0846355,2014
2014,08,619000,013,1270,75640 ,00000 ,12483 ,216,14500,2, ,80027      ,4,8,12,Superior town,17,17,6444406,0,0,0,0,0,0,0,0,0,17,17,6444406,0,0,0,0,0,0,0,0,0,0875640,2014
2014,41,151000,039,0360,23850 ,00000 ,156185 ,999,21660, ,1,97401      ,4,9,12,Eugene,224,224,58034708,12,24,3195014,3,11,1670051,40,773,109893428,224,224,58034708,12,24,3195014,3,11,1670051,40,773,109893428,4123850,2014
2014,49,369000,049,0800,62470 ,00000 ,112488 ,482,39340, ,1,84601      ,4,8,12,Provo,128,128,28715610,6,12,723800,0,0,0,5,151,10696300,128,128,28715610,6,12,723800,0,0,0,5,151,10696300,4962470,2014
2014,17,256600,031,1845,24582 ,24595 ,74486 ,176,16980,2,1,60201      ,2,3,12,Evanston,19,19,6718000,1,2,400000,1,3,700000,0,0,0,19,19,6718000,1,2,400000,1,3,700000,0,0,0,1724582,2014
2014,19,349000,103,3384,38595 ,92077 ,67862 ,168,26980, ,1,52240      ,2,4,12,Iowa City,226,226,54504996,1,2,235000,1,4,500000,12,213,26452757,226,226,54504996,1,2,235000,1,4,500000,12,213,26452757,1938595,2014
2014,26,026500,161,0190,03000 ,03000 ,113934 ,220,11460, ,1,481078647  ,2,3,12,Ann Arbor,22,22,6155560,1,2,480000,0,0,0,0,0,0,22,22,6155560,1,2,480000,0,0,0,0,0,0,2603000,2014
2014,27,634600,109,3235,54880 ,54880 ,106769 ,462,40340, ,1,55904      ,2,4,12,Rochester,352,352,82841495,0,0,0,3,12,1682396,2,122,11602052,352,352,82841495,0,0,0,3,12,1682396,2,122,11602052,2754880,2014
2014,55,516500,025,4044,48000 ,48000 ,233209 ,357,31540, ,1,537012984  ,2,3,4,Madison,235,235,48647503,9,18,3258916,2,6,832908,20,1421,180952526,81,81,18052309,3,6,1330000,0,0,0,5,532,74387527,5548000,2014
2014,09,413000,009,0600,52000 ,52070 ,129779 ,408,35300,2,1,06510      ,1,1,12,New Haven,24,24,1526432,2,4,150000,9,36,2422865,12,348,31953810,24,24,1526432,2,4,150000,9,36,2422865,12,348,31953810,0952000,2014
2014,25,103000,017,0300,11000 ,11000 ,105162 ,148,14460, ,1,02139      ,1,1,12,Cambridge,31,31,7683368,0,0,0,0,0,0,4,254,56116629,31,31,7683368,0,0,0,0,0,0,4,254,56116629,2511000,2014
2014,36,715000,067,3565,73000 ,73000 ,145170 ,532,45060, ,1,132021430  ,1,2,12,Syracuse,15,15,1503800,3,6,754078,3,12,1302297,7,183,11238219,15,15,1503800,3,6,754078,3,12,1302297,7,183,11238219,3673000,2014
2014,42,538000,003,6066,61000 ,61000 ,305704 ,430,38300, ,1,15219      ,1,2,7,Pittsburgh,89,89,21177885,14,28,3444042,1,4,432256,1,217,21422240,48,48,11588468,14,28,3444042,1,4,432256,1,217,21422240,4261000,2014
2014,01,259000,089,0935,37000 ,00000 ,178584 ,290,26620,2,1,358040308  ,3,6,12,Huntsville,897,897,42569869,8,16,1380000,8,26,3953897,49,935,68658348,897,897,42569869,8,16,1380000,8,26,3953897,49,935,68658348,0137000,2014
2014,12,271000,001,0695,25175 ,00000 ,124354 ,264,23540, ,1,32602      ,3,5,0,Gainesville,67,67,7568410,0,0,0,0,0,0,20,263,16112823,0,0,0,0,0,0,0,0,0,0,0,0,1225175,2014
2014,22,051000,033,0095,05000 ,00000 ,229493 ,999,12940, ,1,70802      ,3,7,12,Baton Rouge,232,232,56734913,0,0,0,1,4,611754,3,240,32974000,232,232,56734913,0,0,0,1,4,611754,3,240,32974000,2205000,2014
2014,37,107000,135,0475,11800 ,00000 ,54397 ,450,20500,2,1,27514      ,3,5,12,Chapel Hill town,51,51,17869911,0,0,0,0,0,0,0,0,0,51,51,17869911,0,0,0,0,0,0,0,0,0,3711800,2014
2014,37,164000,063,0750,19000 ,00000 ,228300 ,450,20500,2,1,27701      ,3,5,12,Durham,1154,1154,213536853,1,2,176814,0,0,0,14,358,24408573,1154,1154,213536853,1,2,176814,0,0,0,14,358,24408573,3719000,2014
2014,48,138500,041,0905,15976 ,00000 ,93857 ,999,17780,2,1,77842      ,3,7,12,College Station,722,722,125096421,11,22,2809150,7,28,3314800,28,763,70237676,722,722,125096421,11,22,2809150,7,28,3314800,28,763,70237676,4815976,2014
2015,04,357000,013,0368,73000 ,00000 ,161719 ,999,38060, ,1,85281      ,4,8,12,Tempe,229,229,37011019,0,0,0,13,51,8090229,18,658,58376838,229,229,37011019,0,0,0,13,51,8090229,18,658,58376838,0473000,2015
2015,06,039000,001,0245,06000 ,00000 ,112580 ,488,41860, ,1,94704      ,4,9,12,Berkeley,12,12,3425000,0,0,0,0,0,0,5,292,48545645,12,12,3425000,0,0,0,0,0,0,5,292,48545645,0606000,2015
2015,06,198000,059,1347,36770 ,00000 ,212375 ,348,31080, ,1,92714      ,4,9,12,Irvine,1333,1333,355531079,65,130,25867291,87,278,56214997,99,2919,409471343,1333,1333,355531079,65,130,25867291,87,278,56214997,99,2919,409471343,0636770,2015
2015,06,289000,085,1863,49670 ,00000 ,74066 ,488,41940, ,1,94039      ,4,9,12,Mountain View,77,77,24040281,0,0,0,0,0,0,2,202,33246292,77,77,24040281,0,0,0,0,0,0,2,202,33246292,0649670,2015
2015,06,325000,037,5508,56000 ,00000 ,137122 ,348,31080, ,1,911011704  ,4,9,12,Pasadena,26,26,9074031,3,6,701660,3,11,1841415,20,467,79429144,26,26,9074031,3,6,701660,3,11,1841415,20,467,79429144,0656000,2015
2015,06,410000,083,2575,69070 ,00000 ,88410 ,999,42200, ,1,931021990  ,4,9,12,Santa Barbara,30,30,29171717,6,12,994157,1,3,408677,3,135,24095311,30,30,29171717,6,12,994157,1,3,408677,3,135,24095311,0669070,2015
2015,08,063000,013,0110,07850 ,00000 ,97385 ,216,14500, ,1,803060791  ,4,8,12,Boulder,127,127,59014734,0,0,0,4,16,4170983,2,100,28161836,127,127,59014734,0,0,0,4,16,4170983,2,100,28161836,0807850,2015
2015,08,213000,123,0400,24950 ,00000 ,9787 ,216,24540,2, ,805160750  ,4,8,12,Erie town,429,429,119134720,0,0,0,0,0,0,0,0,0,429,429,119134720,0,0,0,0,0,0,0,0,0,0824950,2015
2015,08,231000,069,0455,27425 ,00000 ,143986 ,999,22660, ,1,80522      ,4,8,12,Fort Collins,512,512,136257860,23,46,7462657,4,13,2420461,21,405,47700435,512,512,136257860,23,46,7462657,4,13,2420461,21,405,47700435,0827425,2015
2015,08,365000,013,0735,41835 ,00000 ,24453 ,216,14500, , ,80026      ,4,8,0,Lafayette,123,123,21883712,28,56,9202044,8,26,3047756,10,51,7538917,0,0,0,0,0,0,0,0,0,0,0,0,0841835,2015
2015,08,401000,013,0820,45970 ,00000 ,86240 ,216,14500,2, ,80501      ,4,8,12,Longmont,307,307,113885497,0,0,0,0,0,0,5,104,14400381,307,307,113885497,0,0,0,0,0,0,5,104,14400381,0845970,2015
2015,08,403000,013,0825,46355 ,00000 ,18376 ,216,14500, , ,80027      ,4,8,12,Louisville,73,73,21044051,0,0,0,0,0,0,5,128,18424837,73,73,21044051,0,0,0,0,0,0,5,128,18424837,0846355,2015
2015,08,619000,013,1270,75640 ,00000 ,12483 ,216,14500,2, ,80027      ,4,8,12,Superior town,69,69,21494368,0,0,0,0,0,0,0,0,0,69,69,21494368,0,0,0,0,0,0,0,0,0,0875640,2015
2015,41,151000,039,0360,23850 ,00000 ,156185 ,999,21660, ,1,97401      ,4,9,12,Eugene,225,225,55765492,14,28,4113722,1,3,438096,7,60,7012225,225,225,55765492,14,28,4113722,1,3,438096,7,60,7012225,4123850,2015
2015,49,369000,049,0800,62470 ,00000 ,112488 ,482,39340, ,1,84601      ,4,8,12,Provo,104,104,25635262,1,2,180000,0,0,0,4,111,8925000,104,104,25635262,1,2,180000,0,0,0,4,111,8925000,4962470,2015
2015,17,256600,031,1845,24582 ,24595 ,74486 ,176,16980,2,1,60201      ,2,3,12,Evanston,17,17,8326367,0,0,0,0,0,0,1,30,3234780,17,17,8326367,0,0,0,0,0,0,1,30,3234780,1724582,2015
2015,19,349000,103,3384,38595 ,92077 ,67862 ,168,26980, ,1,52240      ,2,4,12,Iowa City,151,151,36187085,0,0,0,0,0,0,12,537,56146059,151,151,36187085,0,0,0,0,0,0,12,537,56146059,1938595,2015
2015,26,026500,161,0190,03000 ,03000 ,113934 ,220,11460, ,1,481078647  ,2,3,12,Ann Arbor,17,17,6129600,0,0,0,0,0,0,0,0,0,17,17,6129600,0,0,0,0,0,0,0,0,0,2603000,2015
2015,27,634600,109,3235,54880 ,54880 ,106769 ,462,40340, ,1,55904      ,2,4,12,Rochester,359,359,85923717,0,0,0,0,0,0,31,1107,135264044,359,359,85923717,0,0,0,0,0,0,31,1107,135264044,2754880,2015
2015,55,516500,025,4044,48000 ,48000 ,233209 ,357,31540, ,1,537012984  ,2,3,12,Madison,300,300,86215923,7,14,3287444,3,12,1787417,19,1339,184208000,300,300,86215923,7,14,3287444,3,12,1787417,19,1339,184208000,5548000,2015
2015,09,413000,009,0600,52000 ,52070 ,129779 ,408,35300,2,1,06510      ,1,1,12,New Haven,8,8,625400,0,0,0,6,22,3139671,1,232,23121000,8,8,625400,0,0,0,6,22,3139671,1,232,23121000,0952000,2015
2015,25,103000,017,0300,11000 ,11000 ,105162 ,148,14460, ,1,02139      ,1,1,10,Cambridge,39,39,11417972,0,0,0,1,3,314880,13,493,115441798,33,33,9930868,0,0,0,1,3,314880,11,420,99313791,2511000,2015
2015,36,715000,067,3565,73000 ,73000 ,145170 ,532,45060, ,1,132021430  ,1,2,2,Syracuse,11,11,1136531,0,0,0,4,12,1302296,11,280,17195088,0,0,0,0,0,0,0,0,0,0,0,0,3673000,2015
2015,42,538000,003,6066,61000 ,61000 ,305704 ,430,38300, ,1,15219      ,1,2,7,Pittsburgh,82,82,18821584,6,12,1476018,0,0,0,14,1176,96426401,44,44,9779341,0,0,0,0,0,0,9,1062,85172321,4261000,2015
2015,01,259000,089,0935,37000 ,00000 ,178584 ,290,26620,2,1,358040308  ,3,6,12,Huntsville,1021,1021,50556647,1,2,850000,4,16,340000,21,466,26322554,1021,1021,50556647,1,2,850000,4,16,340000,21,466,26322554,0137000,2015
2015,12,271000,001,0695,25175 ,00000 ,124354 ,264,23540, ,1,32602      ,3,5,0,Gainesville,71,71,8020255,0,0,0,0,0,0,22,284,17399399,0,0,0,0,0,0,0,0,0,0,0,0,1225175,2015
2015,22,051000,033,0095,05000 ,00000 ,229493 ,999,12940, ,1,70802      ,3,7,11,Baton Rouge,352,352,73006709,0,0,0,0,0,0,1,19,2610442,330,330,67626674,0,0,0,0,0,0,0,0,0,2205000,2015
2015,37,107000,135,0475,11800 ,00000 ,54397 ,450,20500,2,1,27514      ,3,5,12,Chapel Hill town,39,39,16115557,35,70,6453944,0,0,0,5,252,43263960,39,39,16115557,35,70,6453944,0,0,0,5,252,43263960,3711800,2015
2015,37,164000,063,0750,19000 ,00000 ,228300 ,450,20500,2,1,27701      ,3,5,12,Durham,1440,1440,232331894,1,2,87120,2,8,432400,64,1457,92451241,1440,1440,232331894,1,2,87120,2,8,432400,64,1457,92451241,3719000,2015
2015,48,138500,041,0905,15976 ,00000 ,93857 ,999,17780, ,1,77842      ,3,7,12,College Station,860,860,154178254,35,70,7655096,9,35,2809050,14,245,23914567,860,860,154178254,35,70,7655096,9,35,2809050,14,245,23914567,4815976,2015
2016,04,357000,013,0368,73000 ,00000 ,161719 ,999,38060, ,1,85281      ,4,8,12,Tempe,85,85,18480428,3,6,1050000,0,0,0,17,1494,159997028,85,85,18480428,3,6,1050000,0,0,0,17,1494,159997028,0473000,2016
2016,06,039000,001,0245,06000 ,00000 ,112580 ,488,41860, ,1,94704      ,4,9,0,Berkeley,16,16,4799292,0,0,0,0,0,0,12,341,50653957,0,0,0,0,0,0,0,0,0,0,0,0,0606000,2016
2016,06,198000,059,1347,36770 ,00000 ,212375 ,348,31080, ,1,92714      ,4,9,12,Irvine,1461,1461,398091382,40,80,19057098,92,311,65945561,87,2785,441097833,1461,1461,398091382,40,80,19057098,92,311,65945561,87,2785,441097833,0636770,2016
2016,06,289000,085,1863,49670 ,00000 ,74066 ,488,41940, ,1,94039      ,4,9,12,Mountain View,107,107,32951539,0,0,0,8,29,7514379,10,362,54676346,107,107,32951539,0,0,0,8,29,7514379,10,362,54676346,0649670,2016
2016,06,325000,037,5508,56000 ,00000 ,137122 ,348,31080, ,1,911011704  ,4,9,12,Pasadena,33,33,8959225,0,0,0,1,4,1233110,15,373,104213647,33,33,8959225,0,0,0,1,4,1233110,15,373,104213647,0656000,2016
2016,06,410000,083,2575,69070 ,00000 ,88410 ,999,42200, ,1,931021990  ,4,9,12,Santa Barbara,138,138,34702438,0,0,0,0,0,0,3,48,5414747,138,138,34702438,0,0,0,0,0,0,3,48,5414747,0669070,2016
2016,08,063000,013,0110,07850 ,00000 ,97385 ,216,14500, ,1,803060791  ,4,8,12,Boulder,85,85,55758880,0,0,0,0,0,0,1,16,1516007,85,85,55758880,0,0,0,0,0,0,1,16,1516007,0807850,2016
2016,08,213000,123,0400,24950 ,00000 ,9787 ,216,24540,2, ,805160750  ,4,8,12,Erie town,434,434,116929142,0,0,0,0,0,0,0,0,0,434,434,116929142,0,0,0,0,0,0,0,0,0,0824950,2016
2016,08,231000,069,0455,27425 ,00000 ,143986 ,999,22660, ,1,805228052  ,4,8,12,Fort Collins,488,488,133295147,14,28,4230061,4,13,2263130,64,1345,158524321,488,488,133295147,14,28,4230061,4,13,2263130,64,1345,158524321,0827425,2016
2016,08,365000,013,0735,41835 ,00000 ,24453 ,216,14500, , ,80026      ,4,8,6,Lafayette,166,166,31018544,14,28,4601022,5,18,2088322,6,31,4587425,96,96,18594422,0,0,0,1,3,330000,0,0,0,0841835,2016
2016,08,401000,013,0820,45970 ,00000 ,86240 ,216,14500,2, ,80501      ,4,8,12,Longmont,302,302,96435004,0,0,0,0,0,0,48,815,75159158,302,302,96435004,0,0,0,0,0,0,48,815,75159158,0845970,2016
2016,08,403000,013,0825,46355 ,00000 ,18376 ,216,14500, , ,80027      ,4,8,12,Louisville,45,45,13605089,0,0,0,0,0,0,7,225,46823091,45,45,13605089,0,0,0,0,0,0,7,225,46823091,0846355,2016
2016,08,619000,013,1270,75640 ,00000 ,12483 ,216,14500,2, ,80027      ,4,8,12,Superior town,33,33,10626624,0,0,0,0,0,0,0,0,0,33,33,10626624,0,0,0,0,0,0,0,0,0,0875640,2016
2016,41,151000,039,0360,23850 ,00000 ,156185 ,999,21660, ,1,97401      ,4,9,12,Eugene,324,324,79270280,11,22,4936692,0,0,0,13,401,35774016,324,324,79270280,11,22,4936692,0,0,0,13,401,35774016,4123850,2016
2016,49,369000,049,0800,62470 ,00000 ,112488 ,482,39340, ,1,84601      ,4,8,12,Provo,186,186,43487332,1,2,152550,0,0,0,1,71,17277000,186,186,43487332,1,2,152550,0,0,0,1,71,17277000,4962470,2016
2016,17,256600,031,1845,24582 ,24595 ,74486 ,176,16980,2,1,60201      ,2,3,12,Evanston,12,12,8351868,0,0,0,0,0,0,0,0,0,12,12,8351868,0,0,0,0,0,0,0,0,0,1724582,2016
2016,19,349000,103,3384,38595 ,92077 ,67862 ,168,26980, ,1,52240      ,2,4,12,Iowa City,263,263,65254663,1,2,300000,0,0,0,19,815,98624009,263,263,65254663,1,2,300000,0,0,0,19,815,98624009,1938595,2016
2016,26,026500,161,0190,03000 ,03000 ,113934 ,220,11460, ,1,481078647  ,2,3,12,Ann Arbor,25,25,9168864,0,0,0,0,0,0,0,0,0,25,25,9168864,0,0,0,0,0,0,0,0,0,2603000,2016
2016,27,634600,109,3235,54880 ,54880 ,106769 ,462,40340, ,1,55904      ,2,4,12,Rochester,403,403,98416116,6,12,2478003,1,4,616707,13,977,130503035,403,403,98416116,6,12,2478003,1,4,616707,13,977,130503035,2754880,2016
2016,55,516500,025,4044,48000 ,48000 ,233209 ,357,31540, ,1,537012984  ,2,3,10,Madison,340,340,88654865,21,42,8827665,2,7,1445854,35,1992,283848552,294,294,75435090,19,38,7888395,1,4,999000,33,1794,256609429,5548000,2016
2016,09,413000,009,0600,52000 ,52070 ,129779 ,408,35300,2,1,06510      ,1,1,12,New Haven,7,7,523000,0,0,0,2,7,642406,6,213,34581166,7,7,523000,0,0,0,2,7,642406,6,213,34581166,0952000,2016
2016,25,103000,017,0300,11000 ,11000 ,105162 ,148,14460, ,1,02139      ,1,1,3,Cambridge,31,31,8660042,0,0,0,0,0,0,10,161,36866422,5,5,1362484,0,0,0,0,0,0,1,5,787000,2511000,2016
2016,36,715000,067,3565,73000 ,73000 ,145170 ,532,45060, ,1,132021430  ,1,2,12,Syracuse,4,4,245000,1,2,32000,0,0,0,5,273,29172495,4,4,245000,1,2,32000,0,0,0,5,273,29172495,3673000,2016
2016,42,538000,003,6066,61000 ,61000 ,305704 ,430,38300, ,1,15219      ,1,2,5,Pittsburgh,63,63,14936577,2,4,492006,0,0,0,8,369,30256243,13,13,3460000,0,0,0,0,0,0,0,0,0,4261000,2016
2016,01,259000,089,0935,37000 ,00000 ,178584 ,290,26620,2,1,358040308  ,3,6,12,Huntsville,1091,1091,51210960,0,0,0,0,0,0,28,672,47116980,1091,1091,51210960,0,0,0,0,0,0,28,672,47116980,0137000,2016
2016,12,271000,001,0695,25175 ,00000 ,124354 ,264,23540, ,1,32602      ,3,5,0,Gainesville,76,76,8585060,0,0,0,0,0,0,21,247,15132575,0,0,0,0,0,0,0,0,0,0,0,0,1225175,2016
2016,22,051000,033,0095,05000 ,00000 ,229493 ,999,12940, ,1,70802      ,3,7,12,Baton Rouge,284,284,69140101,0,0,0,0,0,0,0,0,0,284,284,69140101,0,0,0,0,0,0,0,0,0,2205000,2016
2016,37,107000,135,0475,11800 ,00000 ,54397 ,450,20500,2,1,27514      ,3,5,12,Chapel Hill town,38,38,11394055,2,4,420000,1,4,563438,4,80,10277405,38,38,11394055,2,4,420000,1,4,563438,4,80,10277405,3711800,2016
2016,37,164000,063,0750,19000 ,00000 ,228300 ,450,20500,2,1,27701      ,3,5,8,Durham,1647,1647,302683395,7,14,1189276,0,0,0,49,1318,113502746,1173,1173,226207479,7,14,1189276,0,0,0,30,902,87106235,3719000,2016
2016,48,138500,041,0905,15976 ,00000 ,93857 ,999,17780, ,1,77842      ,3,7,12,College Station,735,735,129286186,98,196,19064065,18,71,5937087,40,898,99971775,735,735,129286186,98,196,19064065,18,71,5937087,40,898,99971775,4815976,2016
2017,04,357000,013,0368,73000 ,00000 ,161719 ,999,38060, ,1,85281      ,4,8,12,Tempe,72,72,14725359,7,14,1685000,0,0,0,3,622,100333639,72,72,14725359,7,14,1685000,0,0,0,3,622,100333639,0473000,2017
2017,06,039000,001,0245,06000 ,00000 ,112580 ,488,41860, ,1,94704      ,4,9,2,Berkeley,36,36,8414350,0,0,0,0,0,0,13,275,41381171,23,23,4544000,0,0,0,0,0,0,0,0,0,0606000,2017
2017,06,198000,059,1347,36770 ,00000 ,212375 ,348,31080, ,1,92714      ,4,9,12,Irvine,1715,1715,469805885,48,96,23296229,78,254,54528481,66,1175,216802135,1715,1715,469805885,48,96,23296229,78,254,54528481,66,1175,216802135,0636770,2017
2017,06,289000,085,1863,49670 ,00000 ,74066 ,488,41940, ,1,94039      ,4,9,12,Mountain View,162,162,48925493,0,0,0,8,27,8347521,32,1201,176083101,162,162,48925493,0,0,0,8,27,8347521,32,1201,176083101,0649670,2017
2017,06,325000,037,5508,56000 ,00000 ,137122 ,348,31080, ,1,911011704  ,4,9,12,Pasadena,30,30,14301795,3,6,1487629,2,8,2267296,3,127,25853503,30,30,14301795,3,6,1487629,2,8,2267296,3,127,25853503,0656000,2017
2017,06,410000,083,2575,69070 ,00000 ,88410 ,999,42200, ,1,931021990  ,4,9,0,Santa Barbara,146,146,36714173,0,0,0,0,0,0,4,59,6655626,0,0,0,0,0,0,0,0,0,0,0,0,0669070,2017
2017,08,063000,013,0110,07850 ,00000 ,97385 ,216,14500, ,1,803060791  ,4,8,12,Boulder,74,74,39237206,0,0,0,3,10,2082044,8,118,25008963,74,74,39237206,0,0,0,3,10,2082044,8,118,25008963,0807850,2017
2017,08,213000,123,0400,24950 ,00000 ,9787 ,216,24540,2, ,805160750  ,4,8,12,Erie town,494,494,137224006,1,2,333587,36,144,15756764,1,5,966852,494,494,137224006,1,2,333587,36,144,15756764,1,5,966852,0824950,2017
2017,08,231000,069,0455,27425 ,00000 ,143986 ,999,22660, ,1,805228052  ,4,8,12,Fort Collins,657,657,143442813,5,10,1724202,3,12,2486285,39,698,108559313,657,657,143442813,5,10,1724202,3,12,2486285,39,698,108559313,0827425,2017
2017,08,365000,013,0735,41835 ,00000 ,24453 ,216,14500, , ,80026      ,4,8,11,Lafayette,193,193,49490312,1,2,328644,1,3,348054,4,73,7271327,178,178,46687431,0,0,0,0,0,0,3,68,6531420,0841835,2017
2017,08,401000,013,0820,45970 ,00000 ,86240 ,216,14500,2, ,80501      ,4,8,12,Longmont,358,358,131598383,0,0,0,0,0,0,39,646,92520321,358,358,131598383,0,0,0,0,0,0,39,646,92520321,0845970,2017
2017,08,403000,013,0825,46355 ,00000 ,18376 ,216,14500, , ,80027      ,4,8,12,Louisville,43,43,12285923,0,0,0,0,0,0,0,0,0,43,43,12285923,0,0,0,0,0,0,0,0,0,0846355,2017
2017,08,619000,013,1270,75640 ,00000 ,12483 ,216,14500,2, ,80027      ,4,8,12,Superior town,76,76,18814524,0,0,0,0,0,0,0,0,0,76,76,18814524,0,0,0,0,0,0,0,0,0,0875640,2017
2017,41,151000,039,0360,23850 ,00000 ,156185 ,999,21660, ,1,97401      ,4,9,12,Eugene,364,364,86204543,6,12,2552895,1,3,608316,0,0,0,364,364,86204543,6,12,2552895,1,3,608316,0,0,0,4123850,2017
2017,49,369000,049,0800,62470 ,00000 ,112488 ,482,39340, ,1,84601      ,4,8,12,Provo,223,223,50831964,2,4,438160,4,13,2094555,0,0,0,223,223,50831964,2,4,438160,4,13,2094555,0,0,0,4962470,2017
2017,17,256600,031,1845,24582 ,24582 ,74486 ,176,16980,2,1,60201      ,2,3,12,Evanston,8,8,3419057,2,4,1060000,0,0,0,1,44,6000000,8,8,3419057,2,4,1060000,0,0,0,1,44,6000000,1724582,2017
2017,19,349000,103,3384,38595 ,92077 ,67862 ,168,26980, ,1,52240      ,2,4,12,Iowa City,213,213,50404306,0,0,0,2,8,1635000,7,297,40757308,213,213,50404306,0,0,0,2,8,1635000,7,297,40757308,1938595,2017
2017,26,026500,161,0190,03000 ,03000 ,113934 ,220,11460, ,1,481078647  ,2,3,12,Ann Arbor,105,105,27147728,0,0,0,2,7,1950000,0,0,0,105,105,27147728,0,0,0,2,7,1950000,0,0,0,2603000,2017
2017,27,634600,109,3235,54880 ,54880 ,106769 ,462,40340, ,1,55904      ,2,4,12,Rochester,437,437,119085641,2,4,500000,0,0,0,22,613,84791339,437,437,119085641,2,4,500000,0,0,0,22,613,84791339,2754880,2017
2017,55,516500,025,4044,48000 ,48000 ,233209 ,357,31540, ,1,537012984  ,2,3,11,Madison,379,379,103956125,4,8,1861946,1,4,605000,34,1797,257381524,351,351,96655136,3,6,1441581,1,4,605000,32,1673,239712237,5548000,2017
2017,09,413000,009,0600,52000 ,52070 ,129779 ,408,35300,2,1,06510      ,1,1,12,New Haven,6,6,270000,2,4,381000,0,0,0,1,14,5396334,6,6,270000,2,4,381000,0,0,0,1,14,5396334,0952000,2017
2017,25,103000,017,0300,11000 ,11000 ,105162 ,148,14460, ,1,02139      ,1,1,6,Cambridge,33,33,11105665,1,2,500000,0,0,0,8,272,63675038,15,15,5983366,1,2,500000,0,0,0,2,177,41693732,2511000,2017
2017,36,715000,067,3565,73000 ,73000 ,145170 ,532,45060, ,1,132021430  ,1,2,6,Syracuse,7,7,1065750,0,0,0,0,0,0,10,518,59755393,4,4,882000,0,0,0,0,0,0,4,364,43299114,3673000,2017
2017,42,538000,003,6066,61000 ,61000 ,305704 ,430,38300, ,1,15219      ,1,2,1,Pittsburgh,66,66,15557160,4,8,984012,0,0,0,11,402,32962089,0,0,0,0,0,0,0,0,0,0,0,0,4261000,2017
2017,01,259000,089,0935,37000 ,00000 ,178584 ,290,26620,2,1,358040308  ,3,6,12,Huntsville,1144,1144,59454621,0,0,0,0,0,0,6,380,29062603,1144,1144,59454621,0,0,0,0,0,0,6,380,29062603,0137000,2017
2017,12,271000,001,0695,25175 ,00000 ,124354 ,264,23540, ,1,32627      ,3,5,12,Gainesville,118,118,15611753,0,0,0,0,0,0,6,1200,40859452,118,118,15611753,0,0,0,0,0,0,6,1200,40859452,1225175,2017
2017,22,051000,033,0095,05000 ,00000 ,229493 ,999,12940, ,1,70802      ,3,7,12,Baton Rouge,253,253,74469393,0,0,0,0,0,0,0,0,0,253,253,74469393,0,0,0,0,0,0,0,0,0,2205000,2017
2017,37,107000,135,0475,11800 ,00000 ,54397 ,450,20500,2,1,27514      ,3,5,12,Chapel Hill town,71,71,24826172,4,8,969577,0,0,0,12,469,43782565,71,71,24826172,4,8,969577,0,0,0,12,469,43782565,3711800,2017
2017,37,164000,063,0750,19000 ,00000 ,228300 ,450,20500,2,1,27701      ,3,5,3,Durham,1783,1783,336133209,5,10,849485,0,0,0,41,1169,93124134,415,415,84724050,0,0,0,0,0,0,7,288,17254697,3719000,2017
2017,48,138500,041,0905,15976 ,00000 ,93857 ,999,17780, ,1,77842      ,3,7,12,College Station,594,594,105409259,59,118,11508660,0,0,0,38,1201,103821876,594,594,105409259,59,118,11508660,0,0,0,38,1201,103821876,4815976,2017
2018,04,357000,013,0368,73000 ,00000 ,161719 ,999,38060, ,1,85281      ,4,8,11,Tempe,123,123,25868925,4,8,1114587,0,0,0,13,1629,288231001,118,118,24846331,3,6,873873,0,0,0,12,1561,277262051,0473000,2018
2018,06,039000,001,0245,06000 ,00000 ,112580 ,488,41860, ,1,94704      ,4,9,12,Berkeley,66,66,14200514,2,4,928042,0,0,0,3,125,20688607,66,66,14200514,2,4,928042,0,0,0,3,125,20688607,0606000,2018
2018,06,198000,059,1347,36770 ,00000 ,212375 ,348,31080, ,1,92714      ,4,9,12,Irvine,1865,1865,505500600,53,106,27769604,62,208,46184071,49,1231,202651468,1865,1865,505500600,53,106,27769604,62,208,46184071,49,1231,202651468,0636770,2018
2018,06,289000,085,1863,49670 ,00000 ,74066 ,488,41940, ,1,94039      ,4,9,12,Mountain View,72,72,27392808,0,0,0,2,7,1766081,14,272,43901179,72,72,27392808,0,0,0,2,7,1766081,14,272,43901179,0649670,2018
2018,06,325000,037,5508,56000 ,00000 ,137122 ,348,31080, ,1,911011704  ,4,9,12,Pasadena,31,31,9384869,0,0,0,1,3,1065566,9,490,84728198,31,31,9384869,0,0,0,1,3,1065566,9,490,84728198,0656000,2018
2018,06,410000,083,2575,69070 ,00000 ,88410 ,999,42200, ,1,931021990  ,4,9,12,Santa Barbara,121,121,15172557,57,114,6479009,2,7,1075000,3,58,10950000,121,121,15172557,57,114,6479009,2,7,1075000,3,58,10950000,0669070,2018
2018,08,063000,013,0110,07850 ,00000 ,97385 ,216,14500, ,1,803060791  ,4,8,11,Boulder,80,80,44217864,1,2,820000,4,12,2124299,21,653,89804859,74,74,41036469,1,2,820000,4,12,2124299,20,640,87049634,0807850,2018
2018,08,213000,123,0400,24950 ,00000 ,9787 ,216,24540,2, ,805160750  ,4,8,12,Erie town,579,579,156511940,0,0,0,4,13,1932564,11,63,9690374,579,579,156511940,0,0,0,4,13,1932564,11,63,9690374,0824950,2018
2018,08,231000,069,0455,27425 ,00000 ,143986 ,999,22660, ,1,805228052  ,4,8,12,Fort Collins,398,398,105370369,9,18,2412202,4,15,1994290,18,640,98785002,398,398,105370369,9,18,2412202,4,15,1994290,18,640,98785002,0827425,2018
2018,08,365000,013,0735,41835 ,00000 ,24453 ,216,14500, , ,80026      ,4,8,9,Lafayette,165,165,43743186,3,6,1084913,2,6,696108,32,792,91708821,114,114,31708952,1,2,427624,0,0,0,30,782,90470878,0841835,2018
2018,08,401000,013,0820,45970 ,00000 ,86240 ,216,14500,2, ,80501      ,4,8,12,Longmont,499,499,198459781,0,0,0,3,12,2280756,30,556,70185359,499,499,198459781,0,0,0,3,12,2280756,30,556,70185359,0845970,2018
2018,08,403000,013,0825,46355 ,00000 ,18376 ,216,14500, , ,80027      ,4,8,12,Louisville,17,17,7871656,0,0,0,0,0,0,1,12,2425385,17,17,7871656,0,0,0,0,0,0,1,12,2425385,0846355,2018
2018,08,619000,013,1270,75640 ,00000 ,12483 ,216,14500,2, ,80027      ,4,8,12,Superior town,66,66,20911504,0,0,0,0,0,0,0,0,0,66,66,20911504,0,0,0,0,0,0,0,0,0,0875640,2018
2018,41,151000,039,0360,23850 ,00000 ,156185 ,999,21660, ,1,97401      ,4,9,12,Eugene,382,382,90770732,18,36,5593441,0,0,0,26,416,54185832,382,382,90770732,18,36,5593441,0,0,0,26,416,54185832,4123850,2018
2018,49,369000,049,0800,62470 ,00000 ,112488 ,482,39340, ,1,846014338  ,4,8,11,Provo,171,171,45575811,1,2,349717,0,0,0,7,284,42743547,153,153,41367360,1,2,349717,0,0,0,6,278,41283519,4962470,2018
2018,17,256600,031,1845,24582 ,24582 ,74486 ,176,16980,2,1,60201      ,2,3,12,Evanston,4,4,4378671,4,8,2060000,0,0,0,0,0,0,4,4,4378671,4,8,2060000,0,0,0,0,0,0,1724582,2018
2018,19,349000,103,3384,38595 ,92077 ,67862 ,168,26980, ,1,52240      ,2,4,12,Iowa City,132,132,35515975,0,0,0,1,3,645000,5,186,26331425,132,132,35515975,0,0,0,1,3,645000,5,186,26331425,1938595,2018
2018,26,026500,161,0190,03000 ,03000 ,113934 ,220,11460, ,1,481078647  ,2,3,12,Ann Arbor,126,126,32012481,0,0,0,0,0,0,0,0,0,126,126,32012481,0,0,0,0,0,0,0,0,0,2603000,2018
2018,27,634600,109,3235,54880 ,54880 ,106769 ,462,40340, ,1,55904      ,2,4,12,Rochester,347,347,98700215,0,0,0,0,0,0,18,1068,183219285,347,347,98700215,0,0,0,0,0,0,18,1068,183219285,2754880,2018
2018,55,516500,025,4044,48000 ,48000 ,233209 ,357,31540, ,1,537012984  ,2,3,12,Madison,334,334,114400933,4,8,1786478,5,20,3005000,26,1081,187091800,334,334,114400933,4,8,1786478,5,20,3005000,26,1081,187091800,5548000,2018
2018,09,413000,009,0600,52000 ,52070 ,129779 ,408,35300,2,1,06510      ,1,1,12,New Haven,4,4,492416,9,18,1080000,0,0,0,4,438,52518000,4,4,492416,9,18,1080000,0,0,0,4,438,52518000,0952000,2018
2018,25,103000,017,0300,11000 ,11000 ,105162 ,148,14460, ,1,02139      ,1,1,5,Cambridge,34,34,12037883,0,0,0,0,0,0,10,640,108286426,13,13,5085000,0,0,0,0,0,0,3,526,81660479,2511000,2018
2018,36,715000,067,3565,73000 ,73000 ,145170 ,532,45060, ,1,132021430  ,1,2,12,Syracuse,13,13,1254000,0,0,0,4,16,2380952,4,97,12326591,13,13,1254000,0,0,0,4,16,2380952,4,97,12326591,3673000,2018
2018,42,538000,003,6066,61000 ,61000 ,305704 ,430,38300, ,1,15219      ,1,2,5,Pittsburgh,90,90,18266812,7,14,2714012,0,0,0,9,539,59549573,47,47,8131086,3,6,1730000,0,0,0,2,319,41510619,4261000,2018
2018,01,259000,089,0935,37000 ,00000 ,178584 ,290,26620,2,1,358040308  ,3,6,12,Huntsville,1241,1241,67557788,0,0,0,9,36,14207782,6,35,2510594,1241,1241,67557788,0,0,0,9,36,14207782,6,35,2510594,0137000,2018
2018,12,271000,001,0695,25175 ,00000 ,124354 ,264,23540, ,1,32627      ,3,5,5,Gainesville,128,128,17279295,0,0,0,1,3,362000,7,811,27614179,57,57,7885782,0,0,0,1,3,362000,0,0,0,1225175,2018
2018,22,051000,033,0095,05000 ,00000 ,229493 ,999,12940, ,1,70802      ,3,7,12,Baton Rouge,282,282,84658817,5,10,1095248,0,0,0,1,48,5381000,282,282,84658817,5,10,1095248,0,0,0,1,48,5381000,2205000,2018
2018,37,107000,135,0475,11800 ,00000 ,54397 ,450,20500,2,1,27514      ,3,5,12,Chapel Hill town,64,64,18755791,5,10,1699445,0,0,0,4,644,88250000,64,64,18755791,5,10,1699445,0,0,0,4,644,88250000,3711800,2018
2018,37,164000,063,0750,19000 ,00000 ,228300 ,450,20500,2,1,27701      ,3,5,0,Durham,1894,1894,354825339,7,14,1189279,0,0,0,45,1322,107274963,0,0,0,0,0,0,0,0,0,0,0,0,3719000,2018
2018,48,138500,041,0905,15976 ,00000 ,93857 ,999,17780, ,1,77842      ,3,7,12,College Station,459,459,97232309,9,18,2620170,3,11,2055000,17,543,50876670,459,459,97232309,9,18,2620170,3,11,2055000,17,543,50876670,4815976,2018
2019,04,357000,013,0368,73000 ,00000 ,161719 ,429,38060, ,1,85281      ,4,8,0,Tempe,102,102,21278350,6,12,1558083,0,0,0,12,1287,223967389,0,0,0,0,0,0,0,0,0,0,0,0,0473000,2019
2019,06,039000,001,0245,06000 ,00000 ,112580 ,488,41860, ,1,94704      ,4,9,12,Berkeley,80,80,16506638,0,0,0,0,0,0,3,186,43327590,80,80,16506638,0,0,0,0,0,0,3,186,43327590,0606000,2019
2019,06,198000,059,1347,36770 ,00000 ,212375 ,348,31080, ,1,92714      ,4,9,12,Irvine,918,918,252441137,82,164,42009270,21,74,16951344,39,1353,210938971,918,918,252441137,82,164,42009270,21,74,16951344,39,1353,210938971,0636770,2019
2019,06,289000,085,1863,49670 ,00000 ,74066 ,488,41940, ,1,94039      ,4,9,12,Mountain View,79,79,27042937,2,4,1041264,6,21,5565900,21,565,95037399,79,79,27042937,2,4,1041264,6,21,5565900,21,565,95037399,0649670,2019
2019,06,325000,037,5508,56000 ,00000 ,137122 ,348,31080, ,1,911011704  ,4,9,12,Pasadena,35,35,9324278,3,6,1549003,2,8,2215165,13,203,43200420,35,35,9324278,3,6,1549003,2,8,2215165,13,203,43200420,0656000,2019
2019,06,410000,083,2575,69070 ,00000 ,88410 ,999,42200, ,1,931021990  ,4,9,12,Santa Barbara,13,13,3879000,1,2,450000,1,4,756000,4,95,13397785,13,13,3879000,1,2,450000,1,4,756000,4,95,13397785,0669070,2019
2019,08,063000,013,0110,07850 ,00000 ,97385 ,216,14500, ,1,803060791  ,4,8,12,Boulder,41,41,39694759,0,0,0,0,0,0,17,286,60464330,41,41,39694759,0,0,0,0,0,0,17,286,60464330,0807850,2019
2019,08,213000,123,0400,24950 ,00000 ,9787 ,216,24540,2, ,805160750  ,4,8,12,Erie town,572,572,169567358,0,0,0,0,0,0,0,0,0,572,572,169567358,0,0,0,0,0,0,0,0,0,0824950,2019
2019,08,231000,069,0455,27425 ,00000 ,143986 ,999,22660, ,1,805228052  ,4,8,12,Fort Collins,316,316,76806070,3,6,502198,5,19,3112989,31,607,78817542,316,316,76806070,3,6,502198,5,19,3112989,31,607,78817542,0827425,2019
2019,08,365000,013,0735,41835 ,00000 ,24453 ,216,14500, , ,80026      ,4,8,12,Lafayette,97,97,22770083,0,0,0,0,0,0,3,81,9379311,97,97,22770083,0,0,0,0,0,0,3,81,9379311,0841835,2019
2019,08,401000,013,0820,45970 ,00000 ,86240 ,216,14500,2, ,80501      ,4,8,12,Longmont,427,427,148754680,0,0,0,0,0,0,23,539,67793522,427,427,148754680,0,0,0,0,0,0,23,539,67793522,0845970,2019
2019,08,403000,013,0825,46355 ,00000 ,18376 ,216,14500, , ,80027      ,4,8,12,Louisville,32,32,7618577,0,0,0,0,0,0,0,0,0,32,32,7618577,0,0,0,0,0,0,0,0,0,0846355,2019
2019,08,619000,013,1270,75640 ,00000 ,12483 ,216,14500,2, ,80027      ,4,8,12,Superior town,74,74,21583600,0,0,0,0,0,0,0,0,0,74,74,21583600,0,0,0,0,0,0,0,0,0,0875640,2019
2019,41,151000,039,0360,23850 ,00000 ,156185 ,999,21660, ,1,97401      ,4,9,12,Eugene,312,312,76178147,4,8,1607575,4,16,1451703,34,304,34226066,312,312,76178147,4,8,1607575,4,16,1451703,34,304,34226066,4123850,2019
2019,49,369000,049,0800,62470 ,00000 ,112488 ,482,39340, ,1,846014338  ,4,8,12,Provo,174,174,47758167,0,0,0,0,0,0,3,140,13504650,174,174,47758167,0,0,0,0,0,0,3,140,13504650,4962470,2019
2019,17,256600,031,1845,24582 ,24582 ,74486 ,176,16980, ,1,60201      ,2,3,12,Evanston,14,14,5801503,6,12,1967795,0,0,0,0,0,0,14,14,5801503,6,12,1967795,0,0,0,0,0,0,1724582,2019
2019,19,349000,103,3384,38595 ,92077 ,67862 ,168,26980, ,1,52240      ,2,4,12,Iowa City,98,98,28379150,0,0,0,2,8,1386846,12,463,86155000,98,98,28379150,0,0,0,2,8,1386846,12,463,86155000,1938595,2019
2019,26,026500,161,0190,03000 ,03000 ,113934 ,220,11460, ,1,481078647  ,2,3,12,Ann Arbor,96,96,24433511,0,0,0,0,0,0,0,0,0,96,96,24433511,0,0,0,0,0,0,0,0,0,2603000,2019
2019,27,634600,109,3235,54880 ,54880 ,106769 ,462,40340, ,1,55904      ,2,4,12,Rochester,296,296,80456679,0,0,0,0,0,0,13,478,53393775,296,296,80456679,0,0,0,0,0,0,13,478,53393775,2754880,2019
2019,55,516500,025,4044,48000 ,48000 ,233209 ,357,31540, ,1,537012984  ,2,3,12,Madison,426,426,129674013,7,14,3882450,3,12,1800000,21,1206,190322064,426,426,129674013,7,14,3882450,3,12,1800000,21,1206,190322064,5548000,2019
2019,09,413000,009,0600,52000 ,52070 ,129779 ,408,35300,2,1,06510      ,1,1,12,New Haven,4,4,210000,26,52,4980606,7,22,2279458,5,621,72474117,4,4,210000,26,52,4980606,7,22,2279458,5,621,72474117,0952000,2019
2019,25,103000,017,0300,11000 ,11000 ,105162 ,148,14460, ,1,02139      ,1,1,0,Cambridge,34,34,11810123,0,0,0,0,0,0,13,601,108242812,0,0,0,0,0,0,0,0,0,0,0,0,2511000,2019
2019,36,715000,067,3565,73000 ,73000 ,145170 ,532,45060, ,1,132021430  ,1,2,12,Syracuse,10,10,827907,0,0,39000,0,0,0,0,0,0,10,10,827907,0,0,39000,0,0,0,0,0,0,3673000,2019
2019,42,538000,003,6066,61000 ,61000 ,305704 ,430,38300, ,1,15219      ,1,2,0,Pittsburgh,78,78,16617237,4,8,1409151,0,0,0,13,574,59114993,0,0,0,0,0,0,0,0,0,0,0,0,4261000,2019
2019,01,259000,089,0935,37000 ,00000 ,178584 ,290,26620,2,1,358040308  ,3,6,12,Huntsville,1436,1436,75513934,1,2,140000,20,80,6800000,17,85,2190000,1436,1436,75513934,1,2,140000,20,80,6800000,17,85,2190000,0137000,2019
2019,12,271000,001,0695,25175 ,00000 ,124354 ,264,23540, ,1,32627      ,3,5,0,Gainesville,129,129,17274334,0,0,0,0,0,0,12,1085,36943753,0,0,0,0,0,0,0,0,0,0,0,0,1225175,2019
2019,22,051000,033,0095,05000 ,00000 ,229493 ,999,12940, ,1,70802      ,3,7,12,Baton Rouge,354,354,96847746,0,0,0,0,0,0,0,0,0,354,354,96847746,0,0,0,0,0,0,0,0,0,2205000,2019
2019,37,107000,135,0475,11800 ,00000 ,54397 ,450,20500,2,1,27514      ,3,5,12,Chapel Hill town,63,63,28250466,1,2,150000,0,0,0,0,0,0,63,63,28250466,1,2,150000,0,0,0,0,0,0,3711800,2019
2019,37,164000,063,0750,19000 ,00000 ,228300 ,450,20500,2,1,27701      ,3,5,12,Durham,1945,1945,363229144,2,4,339794,7,28,6999699,37,1852,280595773,1945,1945,363229144,2,4,339794,7,28,6999699,37,1852,280595773,3719000,2019
2019,48,138500,041,0905,15976 ,00000 ,93857 ,999,17780, ,1,77842      ,3,7,12,College Station,398,398,85183205,30,60,7967765,0,0,0,3,159,15340000,398,398,85183205,30,60,7967765,0,0,0,3,159,15340000,4815976,2019
2020,04,357000,013,0368,73000 ,00000 ,161719 ,429,38060, ,1,85281      ,4,8,0,Tempe,118,118,24670698,8,16,2077440,0,0,0,13,1205,210767153,0,0,0,0,0,0,0,0,0,0,0,0,0473000,2020
2020,06,039000,001,0245,06000 ,00000 ,112580 ,488,41860, ,1,94704      ,4,9,6,Berkeley,82,82,16088307,1,2,680000,0,0,0,9,255,43823244,33,33,5977990,1,2,680000,0,0,0,3,184,27284219,0606000,2020
2020,06,198000,059,1347,36770 ,00000 ,212375 ,348,31080, ,1,92714      ,4,9,12,Irvine,1036,1036,287761237,28,56,14525133,37,130,31183420,28,818,132342997,1036,1036,287761237,28,56,14525133,37,130,31183420,28,818,132342997,0636770,2020
2020,06,289000,085,1863,49670 ,00000 ,74066 ,488,41940, ,1,94039      ,4,9,0,Mountain View,87,87,30506122,0,0,0,5,16,4240687,19,433,72405168,0,0,0,0,0,0,0,0,0,0,0,0,0649670,2020
2020,06,325000,037,5508,56000 ,00000 ,137122 ,348,31080, ,1,911011704  ,4,9,10,Pasadena,23,23,6017829,3,6,1992368,0,0,0,9,307,70795313,17,17,4419381,2,4,1476034,0,0,0,7,278,64623825,0656000,2020
2020,06,410000,083,2575,69070 ,00000 ,88410 ,999,42200, ,1,931021990  ,4,9,0,Santa Barbara,14,14,4177385,1,2,450000,1,4,756000,1,98,13820873,0,0,0,0,0,0,0,0,0,0,0,0,0669070,2020
2020,08,063000,013,0110,07850 ,00000 ,97385 ,216,14500, ,1,803060791  ,4,8,6,Boulder,40,40,34079580,4,8,1348740,5,17,3983451,15,251,49151202,15,15,9875456,4,8,1348740,5,17,3983451,7,121,21667418,0807850,2020
2020,08,213000,123,0400,24950 ,00000 ,9787 ,216,24540,2, ,805160750  ,4,8,8,Erie town,479,479,138879560,9,18,3092260,2,8,1202610,1,5,769077,301,301,87418705,9,18,3092260,2,8,1202610,0,0,0,0824950,2020
2020,08,231000,069,0455,27425 ,00000 ,143986 ,999,22660, ,1,805228052  ,4,8,12,Fort Collins,453,453,102387690,1,2,274061,0,0,0,10,172,16036490,453,453,102387690,1,2,274061,0,0,0,10,172,16036490,0827425,2020
2020,08,365000,013,0735,41835 ,00000 ,24453 ,216,14500, , ,80026      ,4,8,9,Lafayette,92,92,23306354,5,10,2158524,0,0,0,4,154,17357674,65,65,16968290,5,10,2158524,0,0,0,1,133,14926000,0841835,2020
2020,08,401000,013,0820,45970 ,00000 ,86240 ,216,14500,2, ,80501      ,4,8,12,Longmont,309,309,105389082,0,0,0,0,0,0,18,546,79772308,309,309,105389082,0,0,0,0,0,0,18,546,79772308,0845970,2020
2020,08,403000,013,0825,46355 ,00000 ,18376 ,216,14500, , ,80027      ,4,8,12,Louisville,35,35,9228329,0,0,0,0,0,0,1,12,2425384,35,35,9228329,0,0,0,0,0,0,1,12,2425384,0846355,2020
2020,08,619000,013,1270,75640 ,00000 ,12483 ,216,14500,2, ,80027      ,4,8,12,Superior town,20,20,8456420,13,26,6022464,10,35,8790520,0,0,0,20,20,8456420,13,26,6022464,10,35,8790520,0,0,0,0875640,2020
2020,41,151000,039,0360,23850 ,00000 ,156185 ,999,21660, ,1,97401      ,4,9,12,Eugene,322,322,81757643,28,56,11040752,1,4,689331,29,340,43801135,322,322,81757643,28,56,11040752,1,4,689331,29,340,43801135,4123850,2020
2020,49,369000,049,0800,62470 ,00000 ,112488 ,482,39340, ,1,846014338  ,4,8,12,Provo,219,219,55265307,1,2,226155,0,0,0,10,136,13772325,219,219,55265307,1,2,226155,0,0,0,10,136,13772325,4962470,2020
2020,17,256600,031,1845,24582 ,24582 ,74486 ,176,16980, ,1,60201      ,2,3,12,Evanston,5,5,1198772,0,0,0,0,0,0,1,60,15500000,5,5,1198772,0,0,0,0,0,0,1,60,15500000,1724582,2020
2020,19,349000,103,3384,38595 ,92077 ,67862 ,168,26980, ,1,52240      ,2,4,12,Iowa City,116,116,36403483,4,8,1987085,3,11,2172818,1,24,4000000,116,116,36403483,4,8,1987085,3,11,2172818,1,24,4000000,1938595,2020
2020,26,026500,161,0190,03000 ,03000 ,113934 ,220,11460, ,1,481078647  ,2,3,12,Ann Arbor,96,96,24516567,62,124,9608704,0,0,0,1,34,5010000,96,96,24516567,62,124,9608704,0,0,0,1,34,5010000,2603000,2020
2020,27,634600,109,3235,54880 ,54880 ,106769 ,462,40340, ,1,55904      ,2,4,12,Rochester,296,296,79134649,0,0,0,0,0,0,5,129,18290000,296,296,79134649,0,0,0,0,0,0,5,129,18290000,2754880,2020
2020,55,516500,025,4044,48000 ,48000 ,233209 ,357,31540, ,1,537012984  ,2,3,12,Madison,406,406,136619134,5,10,2071300,5,20,2352000,36,1749,236910220,406,406,136619134,5,10,2071300,5,20,2352000,36,1749,236910220,5548000,2020
2020,09,413000,009,0600,52000 ,52070 ,129779 ,408,35300,2,1,06510      ,1,1,12,New Haven,16,16,1198000,11,22,2110000,0,0,0,10,700,34814895,16,16,1198000,11,22,2110000,0,0,0,10,700,34814895,0952000,2020
2020,25,103000,017,0300,11000 ,11000 ,105162 ,148,14460, ,1,02139      ,1,1,0,Cambridge,35,35,12211071,0,0,0,0,0,0,13,511,90277386,0,0,0,0,0,0,0,0,0,0,0,0,2511000,2020
2020,36,715000,067,3565,73000 ,73000 ,145170 ,532,45060, ,1,132021430  ,1,2,12,Syracuse,3,3,430000,4,8,645000,0,0,0,0,0,0,3,3,430000,4,8,645000,0,0,0,0,0,0,3673000,2020
2020,42,538000,003,6066,61000 ,61000 ,305704 ,430,38300, ,1,15219      ,1,2,5,Pittsburgh,167,167,33391121,6,12,1089000,6,18,2871250,9,423,54720549,58,58,11093824,0,0,0,1,3,1320000,2,16,1700000,4261000,2020
2020,01,259000,089,0935,37000 ,00000 ,178584 ,290,26620,2,1,358040308  ,3,6,12,Huntsville,1705,1705,125647052,12,24,2022660,0,0,0,2,60,7004200,1705,1705,125647052,12,24,2022660,0,0,0,2,60,7004200,0137000,2020
2020,12,271000,001,0695,25175 ,00000 ,124354 ,264,23540, ,1,32627      ,3,5,0,Gainesville,149,149,19991584,0,0,0,0,0,0,12,906,30848886,0,0,0,0,0,0,0,0,0,0,0,0,1225175,2020
2020,22,051000,033,0095,05000 ,00000 ,229493 ,999,12940, ,1,70802      ,3,7,12,Baton Rouge,306,306,88663606,0,0,0,0,0,0,0,0,0,306,306,88663606,0,0,0,0,0,0,0,0,0,2205000,2020
2020,37,107000,135,0475,11800 ,00000 ,54397 ,450,20500,2,1,27514      ,3,5,12,Chapel Hill town,38,38,11844891,0,0,0,2,7,1650000,6,106,15641223,38,38,11844891,0,0,0,2,7,1650000,6,106,15641223,3711800,2020
2020,37,164000,063,0750,19000 ,00000 ,228300 ,450,20500,2,1,27701      ,3,5,12,Durham,1972,1972,373656972,5,10,599654,1,4,2686900,21,1846,208408420,1972,1972,373656972,5,10,599654,1,4,2686900,21,1846,208408420,3719000,2020
2020,48,138500,041,0905,15976 ,00000 ,93857 ,999,17780, ,1,77842      ,3,7,12,College Station,484,484,97361768,13,26,3737724,0,0,0,21,655,59463388,484,484,97361768,13,26,3737724,0,0,0,21,655,59463388,4815976,2020
2021,04,357000,013,0368,73000 ,00000 ,161719 ,429,38060, ,1,85281      ,4,8,0,Tempe,123,123,25701268,11,22,2856482,0,0,0,16,1613,281833270,0,0,0,0,0,0,0,0,0,0,0,0,0473000,2021
2021,06,039000,001,0245,06000 ,00000 ,112580 ,488,41860, ,1,94704      ,4,9,12,Berkeley,88,88,17070439,3,6,1368000,0,0,0,7,222,38152000,88,88,17070439,3,6,1368000,0,0,0,7,222,38152000,0606000,2021
2021,06,198000,059,1347,36770 ,00000 ,212375 ,348,31080, ,1,92714      ,4,9,12,Irvine,1129,1129,310423055,54,108,29249823,41,148,33222579,31,977,232751285,1129,1129,310423055,54,108,29249823,41,148,33222579,31,977,232751285,0636770,2021
2021,06,289000,085,1863,49670 ,00000 ,74066 ,488,41940, ,1,94039      ,4,9,12,Mountain View,172,172,58120334,1,2,363183,0,0,0,2,124,29711565,172,172,58120334,1,2,363183,0,0,0,2,124,29711565,0649670,2021
2021,06,325000,037,5508,56000 ,00000 ,137122 ,348,31080, ,1,911011704  ,4,9,12,Pasadena,46,46,12662013,0,0,0,0,0,0,3,284,22272191,46,46,12662013,0,0,0,0,0,0,3,284,22272191,0656000,2021
2021,06,410000,083,2575,69070 ,00000 ,88410 ,999,42200, ,1,931021990  ,4,9,12,Santa Barbara,156,156,2008100,11,22,3146300,2,7,1390000,1,44,4500000,156,156,2008100,11,22,3146300,2,7,1390000,1,44,4500000,0669070,2021
2021,08,063000,013,0110,07850 ,00000 ,97385 ,216,14500, ,1,803060791  ,4,8,12,Boulder,41,41,50072847,5,10,5611982,2,8,2273576,10,235,68280073,41,41,50072847,5,10,5611982,2,8,2273576,10,235,68280073,0807850,2021
2021,08,213000,123,0400,24950 ,00000 ,9787 ,216,24540,2, ,805160750  ,4,8,12,Erie town,652,652,156636224,55,110,19212353,12,42,6399290,9,278,40406406,652,652,156636224,55,110,19212353,12,42,6399290,9,278,40406406,0824950,2021
2021,08,231000,069,0455,27425 ,00000 ,143986 ,999,22660, ,1,805228052  ,4,8,12,Fort Collins,381,381,104253206,0,0,0,0,0,0,11,458,49474982,381,381,104253206,0,0,0,0,0,0,11,458,49474982,0827425,2021
2021,08,365000,013,0735,41835 ,00000 ,24453 ,216,14500, , ,80026      ,4,8,12,Lafayette,59,59,19927244,4,8,1994241,3,9,1568633,0,0,0,59,59,19927244,4,8,1994241,3,9,1568633,0,0,0,0841835,2021
2021,08,401000,013,0820,45970 ,00000 ,86240 ,216,14500,2, ,80501      ,4,8,12,Longmont,133,133,45490093,0,0,0,0,0,0,10,488,79798684,133,133,45490093,0,0,0,0,0,0,10,488,79798684,0845970,2021
2021,08,403000,013,0825,46355 ,00000 ,18376 ,216,14500, , ,80027      ,4,8,12,Louisville,13,13,10813178,0,0,0,0,0,0,0,0,0,13,13,10813178,0,0,0,0,0,0,0,0,0,0846355,2021
2021,08,619000,013,1270,75640 ,00000 ,12483 ,216,14500,2, ,80027      ,4,8,12,Superior town,34,34,14644367,19,38,10736013,13,43,12147062,9,49,15368714,34,34,14644367,19,38,10736013,13,43,12147062,9,49,15368714,0875640,2021
2021,41,151000,039,0360,23850 ,00000 ,156185 ,999,21660, ,1,97401      ,4,9,12,Eugene,305,305,81311255,16,32,6177807,3,11,2260452,26,1050,184225392,305,305,81311255,16,32,6177807,3,11,2260452,26,1050,184225392,4123850,2021
2021,49,369000,049,0800,62470 ,00000 ,112488 ,482,39340, ,1,846014338  ,4,8,12,Provo,98,98,36614105,1,2,534915,0,0,0,11,615,61652719,98,98,36614105,1,2,534915,0,0,0,11,615,61652719,4962470,2021
2021,17,256600,031,1845,24582 ,24582 ,74486 ,176,16980, ,1,60201      ,2,3,12,Evanston,11,11,11634806,1,2,850000,0,0,0,1,12,2396025,11,11,11634806,1,2,850000,0,0,0,1,12,2396025,1724582,2021
2021,19,349000,103,3384,38595 ,92077 ,67862 ,168,26980, ,1,52240      ,2,4,12,Iowa City,137,137,46578239,3,6,1017858,4,14,3744130,6,137,31265080,137,137,46578239,3,6,1017858,4,14,3744130,6,137,31265080,1938595,2021
2021,26,026500,161,0190,03000 ,03000 ,113934 ,220,11460, ,1,481078647  ,2,3,12,Ann Arbor,175,175,48233245,3,6,903558,9,36,2839998,1,10,4500000,175,175,48233245,3,6,903558,9,36,2839998,1,10,4500000,2603000,2021
2021,27,634600,109,3235,54880 ,54880 ,106769 ,462,40340, ,1,55904      ,2,4,12,Rochester,251,251,90137763,1,2,367000,0,0,0,2,372,47000000,251,251,90137763,1,2,367000,0,0,0,2,372,47000000,2754880,2021
2021,55,516500,025,4044,48000 ,48000 ,233209 ,357,31540, ,1,537012984  ,2,3,12,Madison,327,327,115766150,7,14,4480427,3,12,2200000,55,3273,432386202,327,327,115766150,7,14,4480427,3,12,2200000,55,3273,432386202,5548000,2021
2021,09,413000,009,0600,52000 ,52070 ,129779 ,408,35300,2,1,06510      ,1,1,12,New Haven,13,13,1357000,4,8,1300000,0,0,0,2,278,23402250,13,13,1357000,4,8,1300000,0,0,0,2,278,23402250,0952000,2021
2021,25,103000,017,0300,11000 ,11000 ,105162 ,148,14460, ,1,02139      ,1,1,0,Cambridge,43,43,14985329,0,0,0,0,0,0,17,618,109675716,0,0,0,0,0,0,0,0,0,0,0,0,2511000,2021
2021,36,715000,067,3565,73000 ,73000 ,145170 ,532,45060, ,1,132021430  ,1,2,12,Syracuse,17,17,2460333,1,2,161250,0,0,0,0,0,0,17,17,2460333,1,2,161250,0,0,0,0,0,0,3673000,2021
2021,42,538000,003,6066,61000 ,61000 ,305704 ,430,38300, ,1,15219      ,1,2,0,Pittsburgh,198,198,39811015,9,18,1633500,6,18,2702960,13,581,75330725,0,0,0,0,0,0,0,0,0,0,0,0,4261000,2021
2021,01,259000,089,0935,37000 ,00000 ,178584 ,290,26620,2,1,358040308  ,3,6,12,Huntsville,1483,1483,106687290,0,0,0,0,0,0,71,1328,165512824,1483,1483,106687290,0,0,0,0,0,0,71,1328,165512824,0137000,2021
2021,12,271000,001,0695,25175 ,00000 ,124354 ,264,23540, ,1,32627      ,3,5,0,Gainesville,171,171,22931826,0,0,0,0,0,0,12,1087,37011852,0,0,0,0,0,0,0,0,0,0,0,0,1225175,2021
2021,22,051000,033,0095,05000 ,00000 ,229493 ,999,12940, ,1,70802      ,3,7,12,Baton Rouge,266,266,90337082,0,0,0,0,0,0,0,0,0,266,266,90337082,0,0,0,0,0,0,0,0,0,2205000,2021
2021,37,107000,135,0475,11800 ,00000 ,54397 ,450,20500,2,1,27514      ,3,5,12,Chapel Hill town,42,42,16048425,5,10,1365900,3,9,2121429,9,389,48487504,42,42,16048425,5,10,1365900,3,9,2121429,9,389,48487504,3711800,2021
2021,37,164000,063,0750,19000 ,00000 ,228300 ,450,20500,2,1,27701      ,3,5,12,Durham,1960,1960,542431977,7,14,1925614,1,3,352652,28,1344,197775103,1960,1960,542431977,7,14,1925614,1,3,352652,28,1344,197775103,3719000,2021
2021,48,138500,041,0905,15976 ,00000 ,93857 ,999,17780, ,1,77842      ,3,7,12,College Station,674,674,143470435,4,8,1119640,0,0,0,12,310,25064683,674,674,143470435,4,8,1119640,0,0,0,12,310,25064683,4815976,2021
2022,04,357000,013,0368,73000 ,00000 ,200402 ,429,38060, ,1,85281      ,4,8,0,Tempe,102,102,21317337,8,16,2077440,0,0,0,17,1627,284352995,0,0,0,0,0,0,0,0,0,0,0,0,0473000,2022
2022,06,039000,001,0245,06000 ,00000 ,122726 ,488,41860, ,1,94704      ,4,9,12,Berkeley,79,79,14625131,0,0,0,0,0,0,8,716,101247975,79,79,14625131,0,0,0,0,0,0,8,716,101247975,0606000,2022
2022,06,198000,059,1347,36770 ,00000 ,283700 ,348,31080, ,1,92714      ,4,9,12,Irvine,594,594,167231455,44,88,30561237,20,66,18277951,23,744,137735794,594,594,167231455,44,88,30561237,20,66,18277951,23,744,137735794,0636770,2022
2022,06,289000,085,1863,49670 ,00000 ,80030 ,488,41940, ,1,94039      ,4,9,12,Mountain View,119,119,42462560,2,4,450000,0,0,0,7,1442,314895840,119,119,42462560,2,4,450000,0,0,0,7,1442,314895840,0649670,2022
2022,06,325000,037,5508,56000 ,00000 ,141045 ,348,31080, ,1,91101      ,4,9,12,Pasadena,51,51,14364541,2,4,606084,0,0,0,3,41,7739226,51,51,14364541,2,4,606084,0,0,0,3,41,7739226,0656000,2022
2022,06,410000,083,2575,69070 ,00000 ,90254 ,999,42200, ,1,931021990  ,4,9,12,Santa Barbara,67,67,26175937,0,0,0,0,0,0,0,0,0,67,67,26175937,0,0,0,0,0,0,0,0,0,0669070,2022
2022,08,063000,013,0110,07850 ,00000 ,107645 ,216,14500, ,1,803060791  ,4,8,0,Boulder,35,35,38682821,1,2,1122396,2,6,1555553,15,261,68066446,0,0,0,0,0,0,0,0,0,0,0,0,0807850,2022
2022,08,213000,123,0400,24950 ,00000 ,17559 ,216,24540,2, ,805160750  ,4,8,12,Erie town,619,619,167400143,22,44,7684942,6,19,2894916,9,225,33018609,619,619,167400143,22,44,7684942,6,19,2894916,9,225,33018609,0824950,2022
2022,08,231000,069,0455,27425 ,00000 ,168234 ,999,22660, ,1,80524      ,4,8,12,Fort Collins,287,287,95028889,3,6,1240298,3,12,2762384,23,497,99358033,287,287,95028889,3,6,1240298,3,12,2762384,23,497,99358033,0827425,2022
2022,08,365000,013,0735,41835 ,00000 ,28579 ,216,14500, , ,80026      ,4,8,12,Lafayette,53,53,19375204,4,8,2666160,12,38,7469141,3,27,7137825,53,53,19375204,4,8,2666160,12,38,7469141,3,27,7137825,0841835,2022
2022,08,401000,013,0820,45970 ,00000 ,97793 ,216,14500,2, ,80501      ,4,8,12,Longmont,252,252,76204266,0,0,0,0,0,0,27,528,97306202,252,252,76204266,0,0,0,0,0,0,27,528,97306202,0845970,2022
2022,08,403000,013,0825,46355 ,00000 ,19060 ,216,14500, , ,80027      ,4,8,12,Louisville,141,141,133350498,0,0,0,0,0,0,2,24,5193558,141,141,133350498,0,0,0,0,0,0,2,24,5193558,0846355,2022
2022,08,619000,013,1270,75640 ,00000 ,13413 ,216,14500,2, ,80027      ,4,8,12,Superior town,93,93,33600908,7,14,6127653,7,24,21779386,5,39,9798989,93,93,33600908,7,14,6127653,7,24,21779386,5,39,9798989,0875640,2022
2022,41,151000,039,0360,23850 ,00000 ,173236 ,999,21660, ,1,97401      ,4,9,12,Eugene,291,291,61893174,4,8,1135683,1,4,650000,26,782,59799667,291,291,61893174,4,8,1135683,1,4,650000,26,782,59799667,4123850,2022
2022,49,369000,049,0800,62470 ,00000 ,116295 ,482,39340, ,1,846014374  ,4,8,12,Provo,134,134,39008410,0,0,0,0,0,0,12,327,57230000,134,134,39008410,0,0,0,0,0,0,12,327,57230000,4962470,2022
2022,17,256600,031,1845,24582 ,24582 ,72683 ,176,16980, ,1,60201      ,2,3,12,Evanston,6,6,3213219,0,0,0,0,0,0,2,144,20800218,6,6,3213219,0,0,0,0,0,0,2,144,20800218,1724582,2022
2022,19,349000,103,3384,38595 ,92077 ,76608 ,168,26980, ,1,52240      ,2,4,12,Iowa City,104,104,39986861,1,2,755663,1,4,700000,3,356,82190000,104,104,39986861,1,2,755663,1,4,700000,3,356,82190000,1938595,2022
2022,26,026500,161,0190,03000 ,03000 ,119280 ,220,11460, ,1,481078647  ,2,3,12,Ann Arbor,135,135,38648641,2,4,1040000,0,0,0,0,0,0,135,135,38648641,2,4,1040000,0,0,0,0,0,0,2603000,2022
2022,27,634600,109,3235,54880 ,54880 ,119862 ,462,40340, ,1,55901      ,2,4,12,Rochester,234,234,86596947,0,0,0,13,52,11480949,12,795,97267294,234,234,86596947,0,0,0,13,52,11480949,12,795,97267294,2754880,2022
2022,55,516500,025,4044,48000 ,48000 ,263094 ,357,31540,2,1,537012984  ,2,3,12,Madison,314,314,105905164,1,2,500000,3,12,1884000,26,2032,335897439,314,314,105905164,1,2,500000,3,12,1884000,26,2032,335897439,5548000,2022
2022,09,413000,009,0600,52000 ,52070 ,130801 ,408,35300,2,1,06510      ,1,1,12,New Haven,10,10,1224000,4,8,715000,0,0,0,11,483,94982268,10,10,1224000,4,8,715000,0,0,0,11,483,94982268,0952000,2022
2022,25,103000,017,0300,11000 ,11000 ,119192 ,148,14460, ,1,02139      ,1,1,0,Cambridge,36,36,12549381,0,0,0,0,0,0,15,507,89852567,0,0,0,0,0,0,0,0,0,0,0,0,2511000,2022
2022,36,715000,067,3565,73000 ,73000 ,141229 ,532,45060, ,1,132021430  ,1,2,0,Syracuse,11,11,1590584,0,0,0,0,0,0,0,0,0,0,0,0,0,0,0,0,0,0,0,0,0,3673000,2022
2022,42,538000,003,6066,61000 ,61000 ,299226 ,430,38300, ,1,15219      ,1,2,12,Pittsburgh,115,115,50070535,1,2,20413,1,4,850000,22,1907,200380443,115,115,50070535,1,2,20413,1,4,850000,22,1907,200380443,4261000,2022
2022,01,259000,089,0935,37000 ,00000 ,200840 ,290,26620,2,1,358040308  ,3,6,12,Huntsville,1083,1083,63870895,1,2,220000,1,4,510000,8,41,13901095,1083,1083,63870895,1,2,220000,1,4,510000,8,41,13901095,0137000,2022
2022,12,271000,001,0695,25175 ,00000 ,135004 ,264,23540, ,1,32627      ,3,5,12,Gainesville,139,139,28534279,0,0,0,0,0,0,24,1170,132234725,139,139,28534279,0,0,0,0,0,0,24,1170,132234725,1225175,2022
2022,22,051000,033,0095,05000 ,00000 ,219052 ,999,12940, ,1,70802      ,3,7,0,Baton Rouge,249,249,80125875,0,0,0,0,0,0,0,0,0,0,0,0,0,0,0,0,0,0,0,0,0,2205000,2022
2022,37,107000,135,0475,11800 ,00000 ,60666 ,450,20500,2,1,27514      ,3,5,12,Chapel Hill town,21,21,13416149,3,6,873180,2,6,1414286,5,167,22197986,21,21,13416149,3,6,873180,2,6,1414286,5,167,22197986,3711800,2022
2022,37,164000,063,0750,19000 ,00000 ,285809 ,450,20500,2,1,27701      ,3,5,12,Durham,1595,1595,508643235,30,60,8231449,1,3,276805,46,2708,486375580,1595,1595,508643235,30,60,8231449,1,3,276805,46,2708,486375580,3719000,2022
2022,48,138500,041,0905,15976 ,00000 ,119260 ,999,17780, ,1,77842      ,3,7,12,College Station,592,592,154460498,12,24,3102623,0,0,0,3,73,2825000,592,592,154460498,12,24,3102623,0,0,0,3,73,2825000,4815976,2022
2023,04,357000,013,0368,73000 ,00000 ,200402 ,429,38060, ,1,85281      ,4,8,0,Tempe,91,91,19017689,7,14,1817760,0,0,0,15,1391,243090046,0,0,0,0,0,0,0,0,0,0,0,0,0473000,2023
2023,06,039000,001,0245,06000 ,00000 ,122726 ,488,41860, ,1,94704      ,4,9,12,Berkeley,89,89,17819832,4,8,1230000,1,4,747497,6,332,71918520,89,89,17819832,4,8,1230000,1,4,747497,6,332,71918520,0606000,2023
2023,06,198000,059,1347,36770 ,00000 ,283700 ,348,31080, ,1,92714      ,4,9,12,Irvine,391,391,115864480,35,70,24205125,39,136,44564562,8,432,109225464,391,391,115864480,35,70,24205125,39,136,44564562,8,432,109225464,0636770,2023
2023,06,289000,085,1863,49670 ,00000 ,80030 ,488,41940, ,1,94039      ,4,9,12,Mountain View,181,181,47834878,9,18,659866,4,15,340132,2,170,37120624,181,181,47834878,9,18,659866,4,15,340132,2,170,37120624,0649670,2023
2023,06,325000,037,5508,56000 ,00000 ,141045 ,348,31080, ,1,91101      ,4,9,12,Pasadena,55,55,16330184,1,2,354626,0,0,0,0,0,0,55,55,16330184,1,2,354626,0,0,0,0,0,0,0656000,2023
2023,06,410000,083,2575,69070 ,00000 ,90254 ,999,42200, ,1,931021990  ,4,9,12,Santa Barbara,16,16,13980454,0,0,0,0,0,0,3,65,5583000,16,16,13980454,0,0,0,0,0,0,3,65,5583000,0669070,2023
2023,08,063000,013,0110,07850 ,00000 ,107645 ,216,14500, ,1,803060791  ,4,8,0,Boulder,30,30,33853096,0,0,0,2,6,1630368,13,219,58750167,0,0,0,0,0,0,0,0,0,0,0,0,0807850,2023
2023,08,213000,123,0400,24950 ,00000 ,17559 ,216,24540,2, ,805160750  ,4,8,8,Erie town,679,679,249727469,13,26,4597634,2,6,914184,4,61,8951711,491,491,198885422,8,16,2851055,0,0,0,0,0,0,0824950,2023
2023,08,231000,069,0455,27425 ,00000 ,168234 ,999,22660, ,1,80524      ,4,8,12,Fort Collins,372,372,101315783,0,0,0,3,12,2478912,24,619,85808323,372,372,101315783,0,0,0,3,12,2478912,24,619,85808323,0827425,2023
2023,08,365000,013,0735,41835 ,00000 ,28579 ,216,14500, , ,80026      ,4,8,12,Lafayette,35,35,9784831,2,4,1057484,5,19,3879426,2,12,2438602,35,35,9784831,2,4,1057484,5,19,3879426,2,12,2438602,0841835,2023
2023,08,401000,013,0820,45970 ,00000 ,97793 ,216,14500,2, ,80501      ,4,8,12,Longmont,303,303,109782249,1,2,600000,0,0,0,29,531,89066473,303,303,109782249,1,2,600000,0,0,0,29,531,89066473,0845970,2023
2023,08,403000,013,0825,46355 ,00000 ,19060 ,216,14500, , ,80027      ,4,8,12,Louisville,233,233,204899005,0,0,0,0,0,0,0,0,0,233,233,204899005,0,0,0,0,0,0,0,0,0,0846355,2023
2023,08,619000,013,1270,75640 ,00000 ,13413 ,216,14500,2, ,80027      ,4,8,12,Superior town,89,89,29646927,2,4,1194110,5,15,4536456,5,25,7877601,89,89,29646927,2,4,1194110,5,15,4536456,5,25,7877601,0875640,2023
2023,41,151000,039,0360,23850 ,00000 ,173236 ,999,21660, ,1,97401      ,4,9,12,Eugene,171,171,47222469,6,12,2705996,0,0,0,8,410,35386003,171,171,47222469,6,12,2705996,0,0,0,8,410,35386003,4123850,2023
2023,49,369000,049,0800,62470 ,00000 ,116295 ,482,39340, ,1,846014374  ,4,8,12,Provo,147,147,43935411,1,2,331345,0,0,0,8,78,16711801,147,147,43935411,1,2,331345,0,0,0,8,78,16711801,4962470,2023
2023,17,256600,031,1845,24582 ,24582 ,72683 ,176,16980, ,1,60201      ,2,3,12,Evanston,5,5,2710000,0,0,0,0,0,0,0,0,0,5,5,2710000,0,0,0,0,0,0,0,0,0,1724582,2023
2023,19,349000,103,3384,38595 ,92077 ,76608 ,168,26980, ,1,52240      ,2,4,12,Iowa City,79,79,30405164,2,4,1174796,1,4,887311,3,419,105172250,79,79,30405164,2,4,1174796,1,4,887311,3,419,105172250,1938595,2023
2023,26,026500,161,0190,03000 ,03000 ,119280 ,220,11460, ,1,481078647  ,2,3,12,Ann Arbor,161,161,47009220,14,28,4838925,0,0,0,3,33,5276100,161,161,47009220,14,28,4838925,0,0,0,3,33,5276100,2603000,2023
2023,27,634600,109,3235,54880 ,54880 ,119862 ,462,40340, ,1,55901      ,2,4,12,Rochester,241,241,89599508,1,2,325000,1,4,900000,6,545,85877200,241,241,89599508,1,2,325000,1,4,900000,6,545,85877200,2754880,2023
2023,55,516500,025,4044,48000 ,48000 ,263094 ,357,31540,2,1,537012984  ,2,3,12,Madison,332,332,121652071,3,6,1685000,7,27,19370000,23,2255,300879499,332,332,121652071,3,6,1685000,7,27,19370000,23,2255,300879499,5548000,2023
2023,09,413000,170,0600,52000 ,52070 ,130801 ,408,35300,2,1,06510      ,1,1,12,New Haven,8,8,1108800,9,18,3184335,8,30,4371754,21,505,53630428,8,8,1108800,9,18,3184335,8,30,4371754,21,505,53630428,0952000,2023
2023,25,103000,017,0300,11000 ,11000 ,119192 ,148,14460, ,1,02139      ,1,1,12,Cambridge,11,11,5216500,0,0,0,1,4,1629000,1,106,51533853,11,11,5216500,0,0,0,1,4,1629000,1,106,51533853,2511000,2023
2023,36,715000,067,3565,73000 ,73000 ,141229 ,532,45060, ,1,132021430  ,1,2,12,Syracuse,17,17,2996500,0,0,0,1,3,380000,0,0,0,17,17,2996500,0,0,0,1,3,380000,0,0,0,3673000,2023
2023,42,538000,003,6066,61000 ,61000 ,299226 ,430,38300, ,1,15219      ,1,2,12,Pittsburgh,229,229,43695667,0,0,0,0,0,0,25,2283,221510402,229,229,43695667,0,0,0,0,0,0,25,2283,221510402,4261000,2023
2023,01,259000,089,0935,37000 ,00000 ,200840 ,290,26620,2,1,358040308  ,3,6,12,Huntsville,1403,1403,149253434,45,90,14324819,1,4,510000,28,1103,229827564,1403,1403,149253434,45,90,14324819,1,4,510000,28,1103,229827564,0137000,2023
2023,12,271000,001,0695,25175 ,00000 ,135004 ,264,23540, ,1,32627      ,3,5,12,Gainesville,236,236,73704292,0,0,0,2,7,699016,4,537,42979000,236,236,73704292,0,0,0,2,7,699016,4,537,42979000,1225175,2023
2023,22,051000,033,0095,05000 ,00000 ,219052 ,999,12940, ,1,70802      ,3,7,0,Baton Rouge,231,231,75189120,0,0,0,0,0,0,0,0,0,0,0,0,0,0,0,0,0,0,0,0,0,2205000,2023
2023,37,107000,135,0475,11800 ,00000 ,60666 ,450,20500,2,1,27514      ,3,5,8,Chapel Hill town,126,126,42510886,3,6,873180,1,3,707143,11,604,83070448,120,120,38677702,0,0,0,0,0,0,7,567,78152330,3711800,2023
2023,37,164000,063,0750,19000 ,00000 ,285809 ,450,20500,2,1,27701      ,3,5,6,Durham,1687,1687,504801631,36,72,10380672,1,3,276805,51,2603,441629413,934,934,264671001,22,44,6539330,0,0,0,38,1643,269206755,3719000,2023
2023,48,138500,041,0905,15976 ,00000 ,119260 ,999,17780, ,1,77842      ,3,7,12,College Station,448,448,121990694,8,16,1088360,0,0,0,12,277,44824217,448,448,121990694,8,16,1088360,0,0,0,12,277,44824217,4815976,2023
2024,04,357000,013,0368,73000 ,00000 ,200402 ,429,38060, ,1,85281      ,4,8,0,Tempe,99,99,20689772,7,14,1817760,0,0,0,12,962,168121207,0,0,0,0,0,0,0,0,0,0,0,0,0473000,2024
2024,06,039000,001,0245,06000 ,00000 ,122726 ,488,41860, ,1,94704      ,4,9,7,Berkeley,98,98,23244360,3,6,865000,1,3,808400,8,200,36891162,61,61,15836115,1,2,250000,1,3,808400,3,97,14579091,0606000,2024
2024,06,198000,059,1347,36770 ,00000 ,283700 ,348,31080, ,1,926065207  ,4,9,12,Irvine,959,959,300172845,89,178,34187340,4,12,2575915,13,2581,475837032,959,959,300172845,89,178,34187340,4,12,2575915,13,2581,475837032,0636770,2024
2024,06,289000,085,1863,49670 ,00000 ,80030 ,488,41940, ,1,94039      ,4,9,12,Mountain View,115,115,33795771,7,14,1711406,0,0,0,1,85,42948227,115,115,33795771,7,14,1711406,0,0,0,1,85,42948227,0649670,2024
2024,06,325000,037,5508,56000 ,00000 ,141045 ,348,31080, ,1,91101      ,4,9,12,Pasadena,96,96,29821232,2,4,903843,0,0,0,1,49,16106622,96,96,29821232,2,4,903843,0,0,0,1,49,16106622,0656000,2024
2024,06,410000,083,2575,69070 ,00000 ,90254 ,999,42200, ,1,931021990  ,4,9,12,Santa Barbara,16,16,22560339,1,2,650000,0,0,0,1,36,6500000,16,16,22560339,1,2,650000,0,0,0,1,36,6500000,0669070,2024
2024,08,063000,013,0110,07850 ,00000 ,107645 ,216,14500, ,1,803060791  ,4,8,12,Boulder,35,35,21128945,3,6,2154302,1,4,942982,6,361,100481661,35,35,21128945,3,6,2154302,1,4,942982,6,361,100481661,0807850,2024
2024,08,213000,123,0400,24950 ,00000 ,17559 ,216,24540,2, ,805160750  ,4,8,11,Erie town,883,883,398043663,1,2,353664,1,3,457092,1,5,733747,830,830,378550945,0,0,0,0,0,0,0,0,0,0824950,2024
2024,08,231000,069,0455,27425 ,00000 ,168234 ,999,22660, ,1,80524      ,4,8,12,Fort Collins,371,371,105444438,2,4,425000,0,0,0,19,310,58976055,371,371,105444438,2,4,425000,0,0,0,19,310,58976055,0827425,2024
2024,08,365000,013,0735,41835 ,00000 ,28579 ,216,14500, , ,80026      ,4,8,12,Lafayette,9,9,3886012,0,0,0,0,0,0,0,0,0,9,9,3886012,0,0,0,0,0,0,0,0,0,0841835,2024
2024,08,401000,013,0820,45970 ,00000 ,97793 ,216,14500,2, ,80501      ,4,8,12,Longmont,138,138,61631260,11,22,4549620,5,19,6827569,28,769,147374576,138,138,61631260,11,22,4549620,5,19,6827569,28,769,147374576,0845970,2024
2024,08,403000,013,0825,46355 ,00000 ,19060 ,216,14500, , ,80027      ,4,8,12,Louisville,89,89,78144096,0,0,0,0,0,0,0,0,0,89,89,78144096,0,0,0,0,0,0,0,0,0,0846355,2024
2024,08,619000,013,1270,75640 ,00000 ,13413 ,216,14500,2, ,80027      ,4,8,12,Superior town,105,105,35073789,1,2,455409,11,44,5938800,1,6,2848806,105,105,35073789,1,2,455409,11,44,5938800,1,6,2848806,0875640,2024
2024,41,151000,039,0360,23850 ,00000 ,173236 ,999,21660, ,1,97401      ,4,9,12,Eugene,309,309,76314680,0,0,0,2,8,1340000,28,685,61903293,309,309,76314680,0,0,0,2,8,1340000,28,685,61903293,4123850,2024
2024,49,369000,049,0800,62470 ,00000 ,116295 ,482,39340, ,1,846014374  ,4,8,12,Provo,133,133,40846701,0,0,0,8,28,5557852,11,125,17397262,133,133,40846701,0,0,0,8,28,5557852,11,125,17397262,4962470,2024
2024,17,256600,031,1845,24582 ,24582 ,72683 ,176,16980, ,1,60201      ,2,3,12,Evanston,5,5,4604294,0,0,0,0,0,0,1,60,17386772,5,5,4604294,0,0,0,0,0,0,1,60,17386772,1724582,2024
2024,19,349000,103,3384,38595 ,92077 ,76608 ,168,26980, ,1,52240      ,2,4,12,Iowa City,133,133,42920122,0,0,0,0,0,0,0,0,0,133,133,42920122,0,0,0,0,0,0,0,0,0,1938595,2024
2024,26,026500,161,0190,03000 ,03000 ,119280 ,220,11460, ,1,481078647  ,2,3,11,Ann Arbor,28,28,10337441,0,0,0,1,4,1121380,3,262,85787083,28,28,10337441,0,0,0,1,4,1121380,3,262,85787083,2603000,2024
2024,27,634600,109,3235,54880 ,54880 ,119862 ,462,40340, ,1,55901      ,2,4,12,Rochester,193,193,74116981,3,6,1080092,1,4,924171,26,915,175390498,193,193,74116981,3,6,1080092,1,4,924171,26,915,175390498,2754880,2024
2024,55,516500,025,4044,48000 ,48000 ,263094 ,357,31540,2,1,537012984  ,2,3,12,Madison,250,250,106186996,1,2,550000,4,15,6400000,28,2545,243478733,250,250,106186996,1,2,550000,4,15,6400000,28,2545,243478733,5548000,2024
2024,09,413000,170,0600,52000 ,52070 ,130801 ,405,35300,2,1,06510      ,1,1,12,New Haven,10,10,1605000,3,6,730000,10,40,4440216,10,465,51258730,10,10,1605000,3,6,730000,10,40,4440216,10,465,51258730,0952000,2024
2024,25,103000,017,0300,11000 ,11000 ,119192 ,148,14460, ,1,02139      ,1,1,12,Cambridge,23,23,16234265,4,8,4712005,0,0,0,2,458,312028688,23,23,16234265,4,8,4712005,0,0,0,2,458,312028688,2511000,2024
2024,36,715000,067,3565,73000 ,73000 ,141229 ,532,45060, ,1,132021430  ,1,2,12,Syracuse,28,28,5426000,16,32,9643505,0,0,0,2,230,34391857,28,28,5426000,16,32,9643505,0,0,0,2,230,34391857,3673000,2024
2024,42,538000,003,6066,61000 ,61000 ,299226 ,430,38300, ,1,15219      ,1,2,12,Pittsburgh,229,229,47469485,5,10,1233700,1,4,1102011,10,1421,127116220,229,229,47469485,5,10,1233700,1,4,1102011,10,1421,127116220,4261000,2024
2024,01,259000,089,0935,37000 ,00000 ,200840 ,290,26620,2,1,358040308  ,3,6,12,Huntsville,1245,1245,260696034,6,12,3939825,0,0,0,10,228,15931200,1245,1245,260696034,6,12,3939825,0,0,0,10,228,15931200,0137000,2024
2024,12,271000,001,0695,25175 ,00000 ,135004 ,264,23540, ,1,32627      ,3,5,12,Gainesville,296,296,131325054,0,0,0,0,0,0,17,922,75360470,296,296,131325054,0,0,0,0,0,0,17,922,75360470,1225175,2024
2024,22,051000,033,0095,05000 ,00000 ,219052 ,132,12940, ,1,70802      ,3,7,10,Baton Rouge,844,844,235926748,41,82,5281068,1,3,300000,56,446,7843232,803,803,222733331,41,82,5281068,1,3,300000,56,446,7843232,2205000,2024
2024,37,107000,135,0475,11800 ,00000 ,60666 ,450,20500,2,1,27514      ,3,5,12,Chapel Hill town,111,111,33634714,5,10,1552380,1,4,800000,2,34,4879544,111,111,33634714,5,10,1552380,1,4,800000,2,34,4879544,3711800,2024
2024,37,164000,063,0750,19000 ,00000 ,285809 ,450,20500,2,1,27701      ,3,5,11,Durham,1822,1822,604333282,16,32,5327714,2,6,1480000,30,933,154278058,1696,1696,566630256,13,26,4462658,2,6,1480000,27,758,124587260,3719000,2024
2024,48,138500,041,0905,15976 ,00000 ,119260 ,999,17780, ,1,77842      ,3,7,12,College Station,650,650,159256342,14,28,4885945,2,7,1200000,14,427,67362750,650,650,159256342,14,28,4885945,2,7,1200000,14,427,67362750,4815976,2024
2025,04,357000,013,0368,73000 ,00000 ,200402 ,429,38060, ,1,85281      ,4,8,0,Tempe,84,84,17554912,7,14,1817760,0,0,0,15,1189,207791589,0,0,0,0,0,0,0,0,0,0,0,0,0473000,2025
2025,06,039000,001,0245,06000 ,00000 ,122726 ,488,41860, ,1,94704      ,4,9,9,Berkeley,106,106,25013427,4,8,2385649,0,0,0,7,250,49455149,87,87,20506868,4,8,2385649,0,0,0,4,176,35805419,0606000,2025
2025,06,198000,059,1347,36770 ,00000 ,283700 ,348,31080, ,1,926065207  ,4,9,12,Irvine,368,368,119500312,55,110,41596122,7,23,8137652,27,1245,296259380,368,368,119500312,55,110,41596122,7,23,8137652,27,1245,296259380,0636770,2025
2025,06,289000,085,1863,49670 ,00000 ,80030 ,488,41940, ,1,94039      ,4,9,12,Mountain View,85,85,28108636,11,22,3051387,0,0,0,0,0,0,85,85,28108636,11,22,3051387,0,0,0,0,0,0,0649670,2025
2025,06,325000,037,5508,56000 ,00000 ,141045 ,348,31080, ,1,91101      ,4,9,12,Pasadena,99,99,32192287,2,4,1049176,0,0,0,7,325,75449725,99,99,32192287,2,4,1049176,0,0,0,7,325,75449725,0656000,2025
2025,06,410000,083,2575,69070 ,00000 ,90254 ,999,42200, ,1,931021990  ,4,9,12,Santa Barbara,30,30,43062374,0,0,0,0,0,0,0,0,0,30,30,43062374,0,0,0,0,0,0,0,0,0,0669070,2025
2025,08,063000,013,0110,07850 ,00000 ,107645 ,216,14500, ,1,803060791  ,4,8,12,Boulder,31,31,19381312,1,2,588884,0,0,0,3,303,66703894,31,31,19381312,1,2,588884,0,0,0,3,303,66703894,0807850,2025
2025,08,213000,123,0400,24950 ,00000 ,17559 ,216,24540,2, ,805160750  ,4,8,12,Erie town,108,108,49188101,0,0,0,0,0,0,1,64,25359464,108,108,49188101,0,0,0,0,0,0,1,64,25359464,0824950,2025
2025,08,231000,069,0455,27425 ,00000 ,168234 ,999,22660, ,1,80524      ,4,8,12,Fort Collins,296,296,102096789,3,6,483265,14,54,5431870,48,957,160403784,296,296,102096789,3,6,483265,14,54,5431870,48,957,160403784,0827425,2025
2025,08,365000,013,0735,41835 ,00000 ,28579 ,216,14500, , ,80026      ,4,8,12,Lafayette,15,15,9406419,0,0,0,0,0,0,0,0,0,15,15,9406419,0,0,0,0,0,0,0,0,0,0841835,2025
2025,08,401000,013,0820,45970 ,00000 ,97793 ,216,14500,2, ,80501      ,4,8,9,Longmont,201,201,75305170,9,18,5312177,3,11,1725489,33,970,170297783,155,155,57121416,7,14,4484973,2,8,647452,26,719,122649337,0845970,2025
2025,08,403000,013,0825,46355 ,00000 ,19060 ,216,14500, , ,80027      ,4,8,12,Louisville,43,43,36321002,0,0,0,0,0,0,0,0,0,43,43,36321002,0,0,0,0,0,0,0,0,0,0846355,2025
2025,08,619000,013,1270,75640 ,00000 ,13413 ,216,14500,2, ,80027      ,4,8,12,Superior town,72,72,35007912,0,0,0,1,4,1420608,3,261,82734085,72,72,35007912,0,0,0,1,4,1420608,3,261,82734085,0875640,2025
2025,41,151000,039,0360,23850 ,00000 ,173236 ,999,21660, ,1,97401      ,4,9,12,Eugene,234,234,62017662,0,0,0,6,24,6757354,19,592,95284170,234,234,62017662,0,0,0,6,24,6757354,19,592,95284170,4123850,2025
2025,49,369000,049,0800,62470 ,00000 ,116295 ,482,39340, ,1,846014374  ,4,8,12,Provo,73,73,35425668,0,0,0,10,34,679160,26,244,28089301,73,73,35425668,0,0,0,10,34,679160,26,244,28089301,4962470,2025
2025,17,256600,031,1845,24582 ,24582 ,72683 ,176,16980, ,1,60201      ,2,3,12,Evanston,10,10,4942537,0,0,0,1,4,800000,1,30,8735267,10,10,4942537,0,0,0,1,4,800000,1,30,8735267,1724582,2025
2025,19,349000,103,3384,38595 ,92077 ,76608 ,168,26980, ,1,52240      ,2,4,12,Iowa City,89,89,37500063,0,0,0,0,0,0,3,72,11094805,89,89,37500063,0,0,0,0,0,0,3,72,11094805,1938595,2025
2025,26,026500,161,0190,03000 ,03000 ,119280 ,220,11460, ,1,481078647  ,2,3,10,Ann Arbor,48,48,19511623,2,4,1546200,0,0,0,6,505,181546197,43,43,17665651,2,4,1546200,0,0,0,4,464,168121501,2603000,2025
2025,27,634600,109,3235,54880 ,54880 ,119862 ,462,40340, ,1,55901      ,2,4,12,Rochester,240,240,86574647,0,0,0,0,0,0,4,208,40791200,240,240,86574647,0,0,0,0,0,0,4,208,40791200,2754880,2025
2025,55,516500,025,4044,48000 ,48000 ,263094 ,357,31540,2,1,537012984  ,2,3,12,Madison,250,250,109709405,0,0,0,6,24,5400000,34,3109,494971407,250,250,109709405,0,0,0,6,24,5400000,34,3109,494971407,5548000,2025
2025,09,413000,170,0600,52000 ,52070 ,130801 ,405,35300,2,1,06510      ,1,1,12,New Haven,10,10,1070000,14,28,4431200,7,27,3377765,8,564,80873347,10,10,1070000,14,28,4431200,7,27,3377765,8,564,80873347,0952000,2025
2025,25,103000,017,0300,11000 ,11000 ,119192 ,148,14460, ,1,02139      ,1,1,12,Cambridge,16,16,8669858,3,6,2615000,1,3,1905000,2,34,14798833,16,16,8669858,3,6,2615000,1,3,1905000,2,34,14798833,2511000,2025
2025,36,715000,067,3565,73000 ,73000 ,141229 ,532,45060, ,1,132021430  ,1,2,12,Syracuse,10,10,1534000,5,10,1788503,2,7,1165160,7,1133,51669635,10,10,1534000,5,10,1788503,2,7,1165160,7,1133,51669635,3673000,2025
2025,42,538000,003,6066,61000 ,61000 ,299226 ,430,38300, ,1,15219      ,1,2,11,Pittsburgh,75,75,16398160,0,0,0,1,4,500000,19,1905,200783748,56,56,12459644,0,0,0,1,4,500000,18,1825,193627311,4261000,2025
2025,01,259000,089,0935,37000 ,00000 ,200840 ,290,26620,2,1,358040308  ,3,6,12,Huntsville,1002,1002,295024187,3,6,969456,18,72,11072706,61,862,148464846,1002,1002,295024187,3,6,969456,18,72,11072706,61,862,148464846,0137000,2025
2025,12,271000,001,0695,25175 ,00000 ,135004 ,264,23540, ,1,32627      ,3,5,12,Gainesville,218,218,85771073,0,0,0,0,0,0,28,2447,315896424,218,218,85771073,0,0,0,0,0,0,28,2447,315896424,1225175,2025
2025,22,051000,033,0095,05000 ,00000 ,219052 ,132,12940, ,1,70802      ,3,7,12,Baton Rouge,489,489,116294836,1,2,235880,1,4,399000,8,1205,78328320,489,489,116294836,1,2,235880,1,4,399000,8,1205,78328320,2205000,2025
2025,37,107000,135,0475,11800 ,00000 ,60666 ,450,20500,2,1,27514      ,3,5,12,Chapel Hill town,114,114,33745902,1,2,323152,0,0,0,1,39,6717087,114,114,33745902,1,2,323152,0,0,0,1,39,6717087,3711800,2025
2025,37,164000,063,0750,19000 ,00000 ,285809 ,450,20500,2,1,27701      ,3,5,9,Durham,2518,2518,913849025,4,8,1256896,16,64,33169205,33,1893,358719057,2167,2167,797426971,1,2,257950,16,64,33169205,29,1719,329946943,3719000,2025
2025,48,138500,041,0905,15976 ,00000 ,119260 ,999,17780, ,1,77842      ,3,7,12,College Station,811,811,210566352,16,32,5688840,0,0,0,9,455,85732365,811,811,210566352,16,32,5688840,0,0,0,9,455,85732365,4815976,2025
